"ID","GLCostCredit","GLCostDebit","GLRevenue","AddBranchToGL","AddBranchToGLCostCr","AddBranchToGLCostDb","StandardCost","ActualCost","Obsolete","SigCommentCode","NoPriceReduction","NotAllowPriceChange","PercentageOfAmount","EDIFormat","IgnoreTechActualCostPercent","Technician","AdditionalLineRequired","AdditionalCode1","AdditionalCode2","Cost","Points","OverwriteLaborRateWhenZero","LinqProductId","AvalaraTaxCode","BrandCode","Code","CommentCode","Description","FlatRate","List","Tax1","Tax2","Tax3","TripCharge","Warranty"
"34118","","","","False","False","False","0.0000","0.0000","False","","False","False","False","","False","","False","","","0.0000","0.0000","False","","","","LABN01","","Labor","True","5366.8000","False","False","False","False","False"
"34119","","","","False","False","False","0.0000","0.0000","False","","False","False","False","","False","","False","","","0.0000","0.0000","False","","","","LABN02","","Labor","True","5495.8800","False","False","False","False","False"
"34120","","","","False","False","False","0.0000","0.0000","False","","False","False","False","","False","","False","","","0.0000","0.0000","False","","","","LABN03","","Labor","True","6248.6600","False","False","False","False","False"
"34121","","","","False","False","False","0.0000","0.0000","False","","False","False","False","","True","","False","","","1.0000","0.0000","False","","","","LABN04","","Labor","True","7173.6400","False","False","False","False","False"
"34122","","","","False","False","False","0.0000","0.0000","False","","False","False","False","","False","","False","","","0.0000","0.0000","False","","","","LABN05","","Labor","True","7571.7900","False","False","False","False","False"
"34123","","","","False","False","False","0.0000","0.0000","False","","False","False","False","","False","","False","","","0.0000","0.0000","False","","","","LABN06","","Labor","True","8770.6400","False","False","False","False","False"
"34124","","","","False","False","False","0.0000","0.0000","False","","False","False","False","","False","","False","","","8605.3000","0.0000","False","","","","LABN07","","Labor","True","10187.5800","False","False","False","False","False"
"34125","","","","False","False","False","0.0000","0.0000","False","","False","False","False","","False","","False","","","0.0000","0.0000","False","","","","LABR01","","Labor","True","3096.1500","False","False","False","False","False"
"34126","","","","False","False","False","0.0000","0.0000","False","","False","False","False","","False","","False","","","0.0000","0.0000","False","","","","LABR02","","Labor","True","3250.0000","False","False","False","False","False"
"34127","","","","False","False","False","0.0000","0.0000","False","","False","False","False","","False","","False","","","0.0000","0.0000","False","","","","LABR03","","Labor","True","3403.8500","False","False","False","False","False"
"34128","","","","False","False","False","0.0000","0.0000","False","","False","False","False","","False","","False","","","0.0000","0.0000","False","","","","LABR04","","Labor","True","3557.6900","False","False","False","False","False"
"34129","","","","False","False","False","0.0000","0.0000","False","","False","False","False","","False","","False","","","0.0000","0.0000","False","","","","LABR05","","Labor","True","3711.5400","False","False","False","False","False"
"34130","","","","False","False","False","0.0000","0.0000","False","","False","False","False","","False","","False","","","0.0000","0.0000","False","","","","LABR06","","Labor","True","4413.4600","False","False","False","False","False"
"34131","","","","False","False","False","0.0000","0.0000","False","","False","False","False","","False","","False","","","4015.3800","0.0000","False","","","","LABR07","","Labor","True","4490.3800","False","False","False","False","False"
"34132","","","40202","False","False","False","0.0000","0.0000","False","","False","False","False","","False","","False","","","0.0000","0.0000","False","","","AMANA","CE400-AMANA","","Bake Element Replacement - Hidden (Double Oven) - Typically Two Technicians","True","275.0000","False","True","False","False","False"
"34133","","","40202","False","False","False","0.0000","0.0000","False","","False","False","False","","False","","False","","","0.0000","0.0000","False","","","AMANA","CE401-AMANA","","Bake Element Replacement - Hidden (Single Oven)","True","220.0000","False","True","False","False","False"
"34134","","","40202","False","False","False","0.0000","0.0000","False","","False","False","False","","False","","False","","","0.0000","0.0000","False","","","AMANA","CE402-AMANA","","Bake Element Replacement (Exposed)","True","110.0000","False","True","False","False","False"
"34135","","","40202","False","False","False","0.0000","0.0000","False","","False","False","False","","False","","False","","","0.0000","0.0000","False","","","AMANA","CE403-AMANA","","Broil Element Replacement (Concealed)","True","165.0000","False","True","False","False","False"
"34136","","","40202","False","False","False","0.0000","0.0000","False","","False","False","False","","False","","False","","","0.0000","0.0000","False","","","AMANA","CE404-AMANA","","Broil Element Replacement (Exposed)","True","110.0000","False","True","False","False","False"
"34137","","","40202","False","False","False","0.0000","0.0000","False","","False","False","False","","False","","False","","","0.0000","0.0000","False","","","AMANA","CE405-AMANA","","Calibrate Oven Temperature Calibration","True","82.5000","False","True","False","False","False"
"34138","","","40202","False","False","False","0.0000","0.0000","False","","False","False","False","","False","","False","","","0.0000","0.0000","False","","","AMANA","CE406-AMANA","","Ceran Glass Cooktop Replacement","True","165.0000","False","True","False","False","False"
"34139","","","40202","False","False","False","0.0000","0.0000","False","","False","False","False","","False","","False","","","0.0000","0.0000","False","","","AMANA","CE407-AMANA","","Coil Element Burner Receptacle Replacement","True","55.0000","False","True","False","False","False"
"34140","","","40202","False","False","False","0.0000","0.0000","False","","False","False","False","","False","","False","","","0.0000","0.0000","False","","","AMANA","CE408-AMANA","","Convect Element Replacement - Double Oven (Requires Oven Removal) - Two Technicians","True","275.0000","False","True","False","False","False"
"34141","","","40202","False","False","False","0.0000","0.0000","False","","False","False","False","","False","","False","","","0.0000","0.0000","False","","","AMANA","CE409-AMANA","","Convect Element Replacement - Single Oven (Requires Oven Removal)","True","220.0000","False","True","False","False","False"
"34142","","","40202","False","False","False","0.0000","0.0000","False","","False","False","False","","False","","False","","","0.0000","0.0000","False","","","AMANA","CE410-AMANA","","Convect Element Replacement (Front Service)","True","110.0000","False","True","False","False","False"
"34143","","","40202","False","False","False","0.0000","0.0000","False","","False","False","False","","False","","False","","","0.0000","0.0000","False","","","AMANA","CE411-AMANA","","Convection Fan Motor/Blade Replacement","True","165.0000","False","True","False","False","False"
"34144","","","40202","False","False","False","0.0000","0.0000","False","","False","False","False","","False","","False","","","0.0000","0.0000","False","","","AMANA","CE412-AMANA","","Cooling Fan Motor/Blade Replacement","True","165.0000","False","True","False","False","False"
"34145","","","40202","False","False","False","0.0000","0.0000","False","","False","False","False","","False","","False","","","0.0000","0.0000","False","","","AMANA","CE413-AMANA","","Door Component Replacement - Oven Glass-Liner-Handle-etc","True","82.5000","False","True","False","False","False"
"34146","","","40202","False","False","False","0.0000","0.0000","False","","False","False","False","","False","","False","","","0.0000","0.0000","False","","","AMANA","CE414-AMANA","","Door Hinge Assembly Replacement","True","110.0000","False","True","False","False","False"
"34147","","","40202","False","False","False","0.0000","0.0000","False","","False","False","False","","False","","False","","","0.0000","0.0000","False","","","AMANA","CE415-AMANA","","Door Hinge Receiver Replacement (Double Wall Oven) - Typically Two Technicians","True","220.0000","False","True","False","False","False"
"34148","","","40202","False","False","False","0.0000","0.0000","False","","False","False","False","","False","","False","","","0.0000","0.0000","False","","","AMANA","CE416-AMANA","","Door Hinge Receiver Replacement (Pro Range)","True","220.0000","False","True","False","False","False"
"34149","","","40202","False","False","False","0.0000","0.0000","False","","False","False","False","","False","","False","","","0.0000","0.0000","False","","","AMANA","CE417-AMANA","","Door Hinge Receiver Replacement (Single Wall Oven)","True","137.5000","False","True","False","False","False"
"34150","","","40202","False","False","False","0.0000","0.0000","False","","False","False","False","","False","","False","","","0.0000","0.0000","False","","","AMANA","CE418-AMANA","","Door Hinge Receiver Replacement (Standard Freestanding Range)","True","110.0000","False","True","False","False","False"
"34151","","","40202","False","False","False","0.0000","0.0000","False","","False","False","False","","False","","False","","","0.0000","0.0000","False","","","AMANA","CE419-AMANA","","Door Lock/Latch Assembly Replacement","True","110.0000","False","True","False","False","False"
"34152","","","40202","False","False","False","0.0000","0.0000","False","","False","False","False","","False","","False","","","0.0000","0.0000","False","","","AMANA","CE420-AMANA","","Door/Window Cleaning Double Oven","True","110.0000","False","True","False","False","False"
"34153","","","40202","False","False","False","0.0000","0.0000","False","","False","False","False","","False","","False","","","0.0000","0.0000","False","","","AMANA","CE421-AMANA","","Door/Window Cleaning Single Oven","True","82.5000","False","True","False","False","False"
"34154","","","40202","False","False","False","0.0000","0.0000","False","","False","False","False","","False","","False","","","0.0000","0.0000","False","","","AMANA","CE422-AMANA","","Drip Bowl Replacement - Coil Element","True","22.0000","False","True","False","False","False"
"34155","","","40202","False","False","False","0.0000","0.0000","False","","False","False","False","","False","","False","","","0.0000","0.0000","False","","","AMANA","CE423-AMANA","","Electronic Control/Module Replacement","True","110.0000","False","True","False","False","False"
"34156","","","40202","False","False","False","0.0000","0.0000","False","","False","False","False","","False","","False","","","0.0000","0.0000","False","","","AMANA","CE424-AMANA","","Griddle/Grill Component Replacement","True","55.0000","False","True","False","False","False"
"34157","","","40202","False","False","False","0.0000","0.0000","False","","False","False","False","","False","","False","","","0.0000","0.0000","False","","","AMANA","CE425-AMANA","","Grill/Griddle Thermostat Replacement","True","110.0000","False","True","False","False","False"
"34158","","","40202","False","False","False","0.0000","0.0000","False","","False","False","False","","False","","False","","","0.0000","0.0000","False","","","AMANA","CE426-AMANA","","Hi-Limit Thermal Cutout Replacement (Front Service)","True","82.5000","False","True","False","False","False"
"34159","","","40202","False","False","False","0.0000","0.0000","False","","False","False","False","","False","","False","","","0.0000","0.0000","False","","","AMANA","CE427-AMANA","","Hi-Limit Thermal Cutout Replacement (Rear Service)","True","110.0000","False","True","False","False","False"
"34160","","","40202","False","False","False","0.0000","0.0000","False","","False","False","False","","False","","False","","","0.0000","0.0000","False","","","AMANA","CE428-AMANA","","Leveling Legs/Wheel Replacement (Pro Range)","True","110.0000","False","True","False","False","False"
"34161","","","40202","False","False","False","0.0000","0.0000","False","","False","False","False","","False","","False","","","0.0000","0.0000","False","","","AMANA","CE429-AMANA","","Leveling Legs/Wheel Replacement (Standard Range)","True","55.0000","False","True","False","False","False"
"34162","","","40202","False","False","False","0.0000","0.0000","False","","False","False","False","","False","","False","","","0.0000","0.0000","False","","","AMANA","CE430-AMANA","","Light Bulb Replacement (Front Service)","True","22.0000","False","True","False","False","False"
"34163","","","40202","False","False","False","0.0000","0.0000","False","","False","False","False","","False","","False","","","0.0000","0.0000","False","","","AMANA","CE431-AMANA","","Light Bulb Replacement (Rear Service)","True","55.0000","False","True","False","False","False"
"34164","","","40202","False","False","False","0.0000","0.0000","False","","False","False","False","","False","","False","","","0.0000","0.0000","False","","","AMANA","CE432-AMANA","","Oven Temp Sensor (Thermistor) Replacement","True","82.5000","False","True","False","False","False"
"34165","","","40202","False","False","False","0.0000","0.0000","False","","False","False","False","","False","","False","","","0.0000","0.0000","False","","","AMANA","CE433-AMANA","","Oven Thermostat Replacement","True","220.0000","False","True","False","False","False"
"34166","","","40202","False","False","False","0.0000","0.0000","False","","False","False","False","","False","","False","","","0.0000","0.0000","False","","","AMANA","CE434-AMANA","","Power Cord/Electrical Conduit Replacement","True","55.0000","False","True","False","False","False"
"34167","","","40202","False","False","False","0.0000","0.0000","False","","False","False","False","","False","","False","","","0.0000","0.0000","False","","","AMANA","CE435-AMANA","","Probe Jack Replacement","True","110.0000","False","True","False","False","False"
"34168","","","40202","False","False","False","0.0000","0.0000","False","","False","False","False","","False","","False","","","0.0000","0.0000","False","","","AMANA","CE436-AMANA","","Rack Replacement - Oven","True","16.5000","False","True","False","False","False"
"34169","","","40202","False","False","False","0.0000","0.0000","False","","False","False","False","","False","","False","","","0.0000","0.0000","False","","","AMANA","CE437-AMANA","","Surface Element Replacement - Ceran Glass Top","True","165.0000","False","True","False","False","False"
"34170","","","40202","False","False","False","0.0000","0.0000","False","","False","False","False","","False","","False","","","0.0000","0.0000","False","","","AMANA","CE438-AMANA","","Surface Element Replacement - Coil Top","True","38.5000","False","True","False","False","False"
"34171","","","40202","False","False","False","0.0000","0.0000","False","","False","False","False","","False","","False","","","0.0000","0.0000","False","","","AMANA","CE439-AMANA","","Switch Replacement - Burner/Selector","True","110.0000","False","True","False","False","False"
"34172","","","40202","False","False","False","0.0000","0.0000","False","","False","False","False","","False","","False","","","0.0000","0.0000","False","","","AMANA","CE440-AMANA","","Terminal Block Replacement - Electrical Connection","True","55.0000","False","True","False","False","False"
"34173","","","40202","False","False","False","0.0000","0.0000","False","","False","False","False","","False","","False","","","0.0000","0.0000","False","","","AMANA","CE441-AMANA","","Transformer Replacement","True","82.5000","False","True","False","False","False"
"34174","","","40202","False","False","False","0.0000","0.0000","False","","False","False","False","","False","","False","","","0.0000","0.0000","False","","","AMANA","CE600-AMANA","","Additional Component Replacement","True","55.0000","False","True","False","False","False"
"34175","","","40202","False","False","False","0.0000","0.0000","False","","False","False","False","","False","","False","","","0.0000","0.0000","False","","","AMANA","CE601-AMANA","","Address Noise Complaint","True","55.0000","False","True","False","False","False"
"34176","","","40202","False","False","False","0.0000","0.0000","False","","False","False","False","","False","","False","","","0.0000","0.0000","False","","","AMANA","CE602-AMANA","","Cabinet Component Repair - Major","True","330.0000","False","True","False","False","False"
"34177","","","40202","False","False","False","0.0000","0.0000","False","","False","False","False","","False","","False","","","0.0000","0.0000","False","","","AMANA","CE603-AMANA","","Cabinet Component Repair - Minor","True","110.0000","False","True","False","False","False"
"34178","","","40202","False","False","False","0.0000","0.0000","False","","False","False","False","","False","","False","","","0.0000","0.0000","False","","","AMANA","CE604-AMANA","","Component Replacement/Repair - Major","True","330.0000","False","True","False","False","False"
"34179","","","40202","False","False","False","0.0000","0.0000","False","","False","False","False","","False","","False","","","0.0000","0.0000","False","","","AMANA","CE605-AMANA","","Component Replacement/Repair - Minor","True","110.0000","False","True","False","False","False"
"34180","","","40202","False","False","False","0.0000","0.0000","False","","False","False","False","","False","","False","","","0.0000","0.0000","False","","","AMANA","CE606-AMANA","","Cosmetic Part Replacement - Major","True","82.5000","False","True","False","False","False"
"34181","","","40202","False","False","False","0.0000","0.0000","False","","False","False","False","","False","","False","","","0.0000","0.0000","False","","","AMANA","CE607-AMANA","","Cosmetic Part Replacement - Minor","True","27.5000","False","True","False","False","False"
"34182","","","40202","False","False","False","0.0000","0.0000","False","","False","False","False","","False","","False","","","0.0000","0.0000","False","","","AMANA","CE608-AMANA","","Difficult Access Fee","True","55.0000","False","True","False","False","False"
"34183","","","40202","False","False","False","0.0000","0.0000","False","","False","False","False","","False","","False","","","0.0000","0.0000","False","","","AMANA","CE609-AMANA","","Level Unit/Adjust Unit","True","55.0000","False","True","False","False","False"
"34184","","","40202","False","False","False","0.0000","0.0000","False","","False","False","False","","False","","False","","","0.0000","0.0000","False","","","AMANA","CE610-AMANA","","Problem Could Not Be Reproduced","True","55.0000","False","True","False","False","False"
"34185","","","40202","False","False","False","0.0000","0.0000","False","","False","False","False","","False","","False","","","0.0000","0.0000","False","","","AMANA","CE611-AMANA","","Repair Burnt Wire(s) or Loose Connection(s)","True","82.5000","False","True","False","False","False"
"34186","","","40202","False","False","False","0.0000","0.0000","False","","False","False","False","","False","","False","","","0.0000","0.0000","False","","","AMANA","CE612-AMANA","","Reset Home Circuit Breaker","True","27.5000","False","True","False","False","False"
"34187","","","40202","False","False","False","0.0000","0.0000","False","","False","False","False","","False","","False","","","0.0000","0.0000","False","","","AMANA","CG400-AMANA","","Bake Burner Assembly Replacement (Pro Oven/Range)","True","110.0000","False","True","False","False","False"
"34188","","","40202","False","False","False","0.0000","0.0000","False","","False","False","False","","False","","False","","","0.0000","0.0000","False","","","AMANA","CG401-AMANA","","Bake Burner Assembly Replacement (Standard Oven/Range)","True","82.5000","False","True","False","False","False"
"34189","","","40202","False","False","False","0.0000","0.0000","False","","False","False","False","","False","","False","","","0.0000","0.0000","False","","","AMANA","CG402-AMANA","","Broil Burner Assembly Replacement (Pro Oven/Range)","True","110.0000","False","True","False","False","False"
"34190","","","40202","False","False","False","0.0000","0.0000","False","","False","False","False","","False","","False","","","0.0000","0.0000","False","","","AMANA","CG403-AMANA","","Broil Burner Assembly Replacement (Standard Oven/Range)","True","82.5000","False","True","False","False","False"
"34191","","","40202","False","False","False","0.0000","0.0000","False","","False","False","False","","False","","False","","","0.0000","0.0000","False","","","AMANA","CG404-AMANA","","Burner Grate(s)/Cap(s) Replacement","True","16.5000","False","True","False","False","False"
"34192","","","40202","False","False","False","0.0000","0.0000","False","","False","False","False","","False","","False","","","0.0000","0.0000","False","","","AMANA","CG405-AMANA","","Burner Ignition Component Replacement","True","82.5000","False","True","False","False","False"
"34193","","","40202","False","False","False","0.0000","0.0000","False","","False","False","False","","False","","False","","","0.0000","0.0000","False","","","AMANA","CG406-AMANA","","Burner Valve Replacement - Surface Burner","True","165.0000","False","True","False","False","False"
"34194","","","40202","False","False","False","0.0000","0.0000","False","","False","False","False","","False","","False","","","0.0000","0.0000","False","","","AMANA","CG407-AMANA","","Convection Fan Motor/Blade Replacement (Pro Oven/Range)","True","165.0000","False","True","False","False","False"
"34195","","","40202","False","False","False","0.0000","0.0000","False","","False","False","False","","False","","False","","","0.0000","0.0000","False","","","AMANA","CG408-AMANA","","Convection Fan Motor/Blade Replacement (Standard Oven/Range)","True","110.0000","False","True","False","False","False"
"34196","","","40202","False","False","False","0.0000","0.0000","False","","False","False","False","","False","","False","","","0.0000","0.0000","False","","","AMANA","CG409-AMANA","","Cooktop Burner Assembly Replacement","True","82.5000","False","True","False","False","False"
"34197","","","40202","False","False","False","0.0000","0.0000","False","","False","False","False","","False","","False","","","0.0000","0.0000","False","","","AMANA","CG410-AMANA","","Cooling Fan Motor/Blade Replacement (Pro Oven/Range)","True","165.0000","False","True","False","False","False"
"34198","","","40202","False","False","False","0.0000","0.0000","False","","False","False","False","","False","","False","","","0.0000","0.0000","False","","","AMANA","CG411-AMANA","","Cooling Fan Motor/Blade Replacement (Standard Oven/Range)","True","82.5000","False","True","False","False","False"
"34199","","","40202","False","False","False","0.0000","0.0000","False","","False","False","False","","False","","False","","","0.0000","0.0000","False","","","AMANA","CG412-AMANA","","Door Component Replacement - Oven Glass-Liner-Handle-etc","True","82.5000","False","True","False","False","False"
"34200","","","40202","False","False","False","0.0000","0.0000","False","","False","False","False","","False","","False","","","0.0000","0.0000","False","","","AMANA","CG413-AMANA","","Door Hinge Assembly Replacement","True","110.0000","False","True","False","False","False"
"34201","","","40202","False","False","False","0.0000","0.0000","False","","False","False","False","","False","","False","","","0.0000","0.0000","False","","","AMANA","CG414-AMANA","","Door Hinge Receiver Replacement (Double Wall Oven)","True","192.5000","False","True","False","False","False"
"34202","","","40202","False","False","False","0.0000","0.0000","False","","False","False","False","","False","","False","","","0.0000","0.0000","False","","","AMANA","CG415-AMANA","","Door Hinge Receiver Replacement (Pro Range)","True","192.5000","False","True","False","False","False"
"34203","","","40202","False","False","False","0.0000","0.0000","False","","False","False","False","","False","","False","","","0.0000","0.0000","False","","","AMANA","CG416-AMANA","","Door Hinge Receiver Replacement (Single Wall Oven)","True","110.0000","False","True","False","False","False"
"34204","","","40202","False","False","False","0.0000","0.0000","False","","False","False","False","","False","","False","","","0.0000","0.0000","False","","","AMANA","CG417-AMANA","","Door Hinge Receiver Replacement (Standard Range)","True","110.0000","False","True","False","False","False"
"34205","","","40202","False","False","False","0.0000","0.0000","False","","False","False","False","","False","","False","","","0.0000","0.0000","False","","","AMANA","CG418-AMANA","","Door Lock/Latch Assembly Replacement","True","110.0000","False","True","False","False","False"
"34206","","","40202","False","False","False","0.0000","0.0000","False","","False","False","False","","False","","False","","","0.0000","0.0000","False","","","AMANA","CG419-AMANA","","Door/Window Cleaning (Double Oven)","True","110.0000","False","True","False","False","False"
"34207","","","40202","False","False","False","0.0000","0.0000","False","","False","False","False","","False","","False","","","0.0000","0.0000","False","","","AMANA","CG420-AMANA","","Door/Window Cleaning (Single Oven)","True","82.5000","False","True","False","False","False"
"34208","","","40202","False","False","False","0.0000","0.0000","False","","False","False","False","","False","","False","","","0.0000","0.0000","False","","","AMANA","CG421-AMANA","","Electronic Control/Module Replacement","True","110.0000","False","True","False","False","False"
"34209","","","40202","False","False","False","0.0000","0.0000","False","","False","False","False","","False","","False","","","0.0000","0.0000","False","","","AMANA","CG422-AMANA","","Gas Supply Flex Line Replacement","True","55.0000","False","True","False","False","False"
"34210","","","40202","False","False","False","0.0000","0.0000","False","","False","False","False","","False","","False","","","0.0000","0.0000","False","","","AMANA","CG423-AMANA","","Griddle/Grill Component Replacement","True","55.0000","False","True","False","False","False"
"34211","","","40202","False","False","False","0.0000","0.0000","False","","False","False","False","","False","","False","","","0.0000","0.0000","False","","","AMANA","CG424-AMANA","","Griddle/Grill Thermostat Replacement","True","137.5000","False","True","False","False","False"
"34212","","","40202","False","False","False","0.0000","0.0000","False","","False","False","False","","False","","False","","","0.0000","0.0000","False","","","AMANA","CG425-AMANA","","Hi-Limit Thermal Cutout Replacement - Front Service","True","82.5000","False","True","False","False","False"
"34213","","","40202","False","False","False","0.0000","0.0000","False","","False","False","False","","False","","False","","","0.0000","0.0000","False","","","AMANA","CG426-AMANA","","Hi-Limit Thermal Cutout Replacement - Rear Service","True","110.0000","False","True","False","False","False"
"34214","","","40202","False","False","False","0.0000","0.0000","False","","False","False","False","","False","","False","","","0.0000","0.0000","False","","","AMANA","CG427-AMANA","","Leveling Legs/Wheel Replacement - Pro Range","True","110.0000","False","True","False","False","False"
"34215","","","40202","False","False","False","0.0000","0.0000","False","","False","False","False","","False","","False","","","0.0000","0.0000","False","","","AMANA","CG428-AMANA","","Leveling Legs/Wheel Replacement - Standard Range","True","55.0000","False","True","False","False","False"
"34216","","","40202","False","False","False","0.0000","0.0000","False","","False","False","False","","False","","False","","","0.0000","0.0000","False","","","AMANA","CG429-AMANA","","Light Bulb Replacement (Front Service)","True","22.0000","False","True","False","False","False"
"34217","","","40202","False","False","False","0.0000","0.0000","False","","False","False","False","","False","","False","","","0.0000","0.0000","False","","","AMANA","CG430-AMANA","","Light Bulb Replacement (Rear Service)","True","55.0000","False","True","False","False","False"
"34218","","","40202","False","False","False","0.0000","0.0000","False","","False","False","False","","False","","False","","","0.0000","0.0000","False","","","AMANA","CG431-AMANA","","Locate and Repair Gas Leak Locate and Repair (Difficult Access)","True","110.0000","False","True","False","False","False"
"34219","","","40202","False","False","False","0.0000","0.0000","False","","False","False","False","","False","","False","","","0.0000","0.0000","False","","","AMANA","CG432-AMANA","","Locate and Repair Gas Leak Locate and Repair (Readily Accessible)","True","55.0000","False","True","False","False","False"
"34220","","","40202","False","False","False","0.0000","0.0000","False","","False","False","False","","False","","False","","","0.0000","0.0000","False","","","AMANA","CG433-AMANA","","Orifice(s) Replacement (Cooktop)","True","55.0000","False","True","False","False","False"
"34221","","","40202","False","False","False","0.0000","0.0000","False","","False","False","False","","False","","False","","","0.0000","0.0000","False","","","AMANA","CG434-AMANA","","Orifice(s) Replacement (Oven)","True","82.5000","False","True","False","False","False"
"34222","","","40202","False","False","False","0.0000","0.0000","False","","False","False","False","","False","","False","","","0.0000","0.0000","False","","","AMANA","CG435-AMANA","","Oven Ignitor (HSI) Replacement","True","82.5000","False","True","False","False","False"
"34223","","","40202","False","False","False","0.0000","0.0000","False","","False","False","False","","False","","False","","","0.0000","0.0000","False","","","AMANA","CG436-AMANA","","Oven Temp Sensor (Thermistor) Replacement","True","82.5000","False","True","False","False","False"
"34224","","","40202","False","False","False","0.0000","0.0000","False","","False","False","False","","False","","False","","","0.0000","0.0000","False","","","AMANA","CG437-AMANA","","Oven Temperature Calibration","True","82.5000","False","True","False","False","False"
"34225","","","40202","False","False","False","0.0000","0.0000","False","","False","False","False","","False","","False","","","0.0000","0.0000","False","","","AMANA","CG438-AMANA","","Oven Thermostat Replacement","True","220.0000","False","True","False","False","False"
"34226","","","40202","False","False","False","0.0000","0.0000","False","","False","False","False","","False","","False","","","0.0000","0.0000","False","","","AMANA","CG439-AMANA","","Power Cord/Electrical Conduit Replacement","True","55.0000","False","True","False","False","False"
"34227","","","40202","False","False","False","0.0000","0.0000","False","","False","False","False","","False","","False","","","0.0000","0.0000","False","","","AMANA","CG440-AMANA","","Probe Jack Replacement","True","82.5000","False","True","False","False","False"
"34228","","","40202","False","False","False","0.0000","0.0000","False","","False","False","False","","False","","False","","","0.0000","0.0000","False","","","AMANA","CG441-AMANA","","Rack Replacement - Oven","True","16.5000","False","True","False","False","False"
"34229","","","40202","False","False","False","0.0000","0.0000","False","","False","False","False","","False","","False","","","0.0000","0.0000","False","","","AMANA","CG442-AMANA","","Regulator Replacement (Standard Access)","True","82.5000","False","True","False","False","False"
"34230","","","40202","False","False","False","0.0000","0.0000","False","","False","False","False","","False","","False","","","0.0000","0.0000","False","","","AMANA","CG443-AMANA","","Regulator Replacement Pro Range (Difficult Access)","True","165.0000","False","True","False","False","False"
"34231","","","40202","False","False","False","0.0000","0.0000","False","","False","False","False","","False","","False","","","0.0000","0.0000","False","","","AMANA","CG444-AMANA","","Safety Valve Replacement","True","110.0000","False","True","False","False","False"
"34232","","","40202","False","False","False","0.0000","0.0000","False","","False","False","False","","False","","False","","","0.0000","0.0000","False","","","AMANA","CG445-AMANA","","Simmer Setting Adjustment - Gas Burner","True","33.0000","False","True","False","False","False"
"34233","","","40202","False","False","False","0.0000","0.0000","False","","False","False","False","","False","","False","","","0.0000","0.0000","False","","","AMANA","CG446-AMANA","","Solenoid Replacement","True","82.5000","False","True","False","False","False"
"34234","","","40202","False","False","False","0.0000","0.0000","False","","False","False","False","","False","","False","","","0.0000","0.0000","False","","","AMANA","CG447-AMANA","","Switch Assembly Replacement","True","82.5000","False","True","False","False","False"
"34235","","","40202","False","False","False","0.0000","0.0000","False","","False","False","False","","False","","False","","","0.0000","0.0000","False","","","AMANA","CG448-AMANA","","Terminal Block Replacement - Electrical Connection","True","55.0000","False","True","False","False","False"
"34236","","","40202","False","False","False","0.0000","0.0000","False","","False","False","False","","False","","False","","","0.0000","0.0000","False","","","AMANA","CG449-AMANA","","Thermocouple Replacement","True","82.5000","False","True","False","False","False"
"34237","","","40202","False","False","False","0.0000","0.0000","False","","False","False","False","","False","","False","","","0.0000","0.0000","False","","","AMANA","CG450-AMANA","","Transformer Replacement","True","110.0000","False","True","False","False","False"
"34238","","","40202","False","False","False","0.0000","0.0000","False","","False","False","False","","False","","False","","","0.0000","0.0000","False","","","AMANA","CG600-AMANA","","Additional Component Replacement","True","55.0000","False","True","False","False","False"
"34239","","","40202","False","False","False","0.0000","0.0000","False","","False","False","False","","False","","False","","","0.0000","0.0000","False","","","AMANA","CG601-AMANA","","Address Noise Complaint","True","55.0000","False","True","False","False","False"
"34240","","","40202","False","False","False","0.0000","0.0000","False","","False","False","False","","False","","False","","","0.0000","0.0000","False","","","AMANA","CG602-AMANA","","Cabinet Component Repair - Major","True","330.0000","False","True","False","False","False"
"34241","","","40202","False","False","False","0.0000","0.0000","False","","False","False","False","","False","","False","","","0.0000","0.0000","False","","","AMANA","CG603-AMANA","","Cabinet Component Repair - Minor","True","110.0000","False","True","False","False","False"
"34242","","","40202","False","False","False","0.0000","0.0000","False","","False","False","False","","False","","False","","","0.0000","0.0000","False","","","AMANA","CG604-AMANA","","Component Replacement/Repair - Major","True","330.0000","False","True","False","False","False"
"34243","","","40202","False","False","False","0.0000","0.0000","False","","False","False","False","","False","","False","","","0.0000","0.0000","False","","","AMANA","CG605-AMANA","","Component Replacement/Repair - Minor","True","110.0000","False","True","False","False","False"
"34244","","","40202","False","False","False","0.0000","0.0000","False","","False","False","False","","False","","False","","","0.0000","0.0000","False","","","AMANA","CG606-AMANA","","Cosmetic Part Replacement - Major","True","82.5000","False","True","False","False","False"
"34245","","","40202","False","False","False","0.0000","0.0000","False","","False","False","False","","False","","False","","","0.0000","0.0000","False","","","AMANA","CG607-AMANA","","Cosmetic Part Replacement - Minor","True","27.5000","False","True","False","False","False"
"34246","","","40202","False","False","False","0.0000","0.0000","False","","False","False","False","","False","","False","","","0.0000","0.0000","False","","","AMANA","CG608-AMANA","","Difficult Access Fee","True","55.0000","False","True","False","False","False"
"34247","","","40202","False","False","False","0.0000","0.0000","False","","False","False","False","","False","","False","","","0.0000","0.0000","False","","","AMANA","CG609-AMANA","","Level Unit/Adjust Unit","True","55.0000","False","True","False","False","False"
"34248","","","40202","False","False","False","0.0000","0.0000","False","","False","False","False","","False","","False","","","0.0000","0.0000","False","","","AMANA","CG610-AMANA","","Problem Could Not Be Reproduced","True","55.0000","False","True","False","False","False"
"34249","","","40202","False","False","False","0.0000","0.0000","False","","False","False","False","","False","","False","","","0.0000","0.0000","False","","","AMANA","CG611-AMANA","","Repair Burnt Wire(s) or Loose Connection(s)","True","82.5000","False","True","False","False","False"
"34250","","","40202","False","False","False","0.0000","0.0000","False","","False","False","False","","False","","False","","","0.0000","0.0000","False","","","AMANA","CG612-AMANA","","Reset Home Circuit Breaker","True","27.5000","False","True","False","False","False"
"34251","","","40202","False","False","False","0.0000","0.0000","False","","False","False","False","","False","","False","","","0.0000","0.0000","False","","","AMANA","DR401-AMANA","","Belt Replacement","True","82.5000","False","True","False","False","False"
"34252","","","40202","False","False","False","0.0000","0.0000","False","","False","False","False","","False","","False","","","0.0000","0.0000","False","","","AMANA","DR402-AMANA","","Blower Wheel Replacement","True","110.0000","False","True","False","False","False"
"34253","","","40202","False","False","False","0.0000","0.0000","False","","False","False","False","","False","","False","","","0.0000","0.0000","False","","","AMANA","DR403-AMANA","","Burner Tube Assembly","True","82.5000","False","True","False","False","False"
"34254","","","40202","False","False","False","0.0000","0.0000","False","","False","False","False","","False","","False","","","0.0000","0.0000","False","","","AMANA","DR404-AMANA","","Clear Lint/Debris From Venting","True","55.0000","False","True","False","False","False"
"34255","","","40202","False","False","False","0.0000","0.0000","False","","False","False","False","","False","","False","","","0.0000","0.0000","False","","","AMANA","DR405-AMANA","","Door Switch Replacement","True","82.5000","False","True","False","False","False"
"34256","","","40202","False","False","False","0.0000","0.0000","False","","False","False","False","","False","","False","","","0.0000","0.0000","False","","","AMANA","DR406-AMANA","","Drum Replacement","True","137.5000","False","True","False","False","False"
"34257","","","40202","False","False","False","0.0000","0.0000","False","","False","False","False","","False","","False","","","0.0000","0.0000","False","","","AMANA","DR407-AMANA","","Electronic Control/Timer/Pad Replacement","True","82.5000","False","True","False","False","False"
"34258","","","40202","False","False","False","0.0000","0.0000","False","","False","False","False","","False","","False","","","0.0000","0.0000","False","","","AMANA","DR408-AMANA","","Gas Valve Assembly Replacement","True","110.0000","False","True","False","False","False"
"34259","","","40202","False","False","False","0.0000","0.0000","False","","False","False","False","","False","","False","","","0.0000","0.0000","False","","","AMANA","DR409-AMANA","","Heating Element Replacement","True","82.5000","False","True","False","False","False"
"34260","","","40202","False","False","False","0.0000","0.0000","False","","False","False","False","","False","","False","","","0.0000","0.0000","False","","","AMANA","DR410-AMANA","","Hi-Limit/Thermal Fuse Replacement","True","55.0000","False","True","False","False","False"
"34261","","","40202","False","False","False","0.0000","0.0000","False","","False","False","False","","False","","False","","","0.0000","0.0000","False","","","AMANA","DR411-AMANA","","Igniter (HSI) Replacement","True","55.0000","False","True","False","False","False"
"34262","","","40202","False","False","False","0.0000","0.0000","False","","False","False","False","","False","","False","","","0.0000","0.0000","False","","","AMANA","DR412-AMANA","","Interference Suppressor Replacement","True","55.0000","False","True","False","False","False"
"34263","","","40202","False","False","False","0.0000","0.0000","False","","False","False","False","","False","","False","","","0.0000","0.0000","False","","","AMANA","DR413-AMANA","","Level Unit/Adjust Unit","True","27.5000","False","True","False","False","False"
"34264","","","40202","False","False","False","0.0000","0.0000","False","","False","False","False","","False","","False","","","0.0000","0.0000","False","","","AMANA","DR414-AMANA","","Light Bulb Replacement","True","27.5000","False","True","False","False","False"
"34265","","","40202","False","False","False","0.0000","0.0000","False","","False","False","False","","False","","False","","","0.0000","0.0000","False","","","AMANA","DR415-AMANA","","LP or Natural Gas Conversion","True","82.5000","False","True","False","False","False"
"34266","","","40202","False","False","False","0.0000","0.0000","False","","False","False","False","","False","","False","","","0.0000","0.0000","False","","","AMANA","DR416-AMANA","","Motor Replacement - Drum/Drive","True","137.5000","False","True","False","False","False"
"34267","","","40202","False","False","False","0.0000","0.0000","False","","False","False","False","","False","","False","","","0.0000","0.0000","False","","","AMANA","DR417-AMANA","","Power Cord/Electrical Conduit Replacement","True","55.0000","False","True","False","False","False"
"34268","","","40202","False","False","False","0.0000","0.0000","False","","False","False","False","","False","","False","","","0.0000","0.0000","False","","","AMANA","DR418-AMANA","","Terminal Block Replacement - Electrical Connection","True","82.5000","False","True","False","False","False"
"34269","","","40202","False","False","False","0.0000","0.0000","False","","False","False","False","","False","","False","","","0.0000","0.0000","False","","","AMANA","DR419-AMANA","","Thermostat Replacement","True","55.0000","False","True","False","False","False"
"34270","","","40202","False","False","False","0.0000","0.0000","False","","False","False","False","","False","","False","","","0.0000","0.0000","False","","","AMANA","DR420-AMANA","","Tub Roller/Idler Pulley/Belt Kit Replacement","True","110.0000","False","True","False","False","False"
"34271","","","40202","False","False","False","0.0000","0.0000","False","","False","False","False","","False","","False","","","0.0000","0.0000","False","","","AMANA","DR421-AMANA","","Vent Hose & Clamp(s) Replacement","True","55.0000","False","True","False","False","False"
"34272","","","40202","False","False","False","0.0000","0.0000","False","","False","False","False","","False","","False","","","0.0000","0.0000","False","","","AMANA","DR600-AMANA","","Additional Component Replacement","True","55.0000","False","True","False","False","False"
"34273","","","40202","False","False","False","0.0000","0.0000","False","","False","False","False","","False","","False","","","0.0000","0.0000","False","","","AMANA","DR601-AMANA","","Address Noise Complaint","True","55.0000","False","True","False","False","False"
"34274","","","40202","False","False","False","0.0000","0.0000","False","","False","False","False","","False","","False","","","0.0000","0.0000","False","","","AMANA","DR602-AMANA","","Cabinet Component Repair - Major","True","330.0000","False","True","False","False","False"
"34275","","","40202","False","False","False","0.0000","0.0000","False","","False","False","False","","False","","False","","","0.0000","0.0000","False","","","AMANA","DR603-AMANA","","Cabinet Component Repair - Minor","True","110.0000","False","True","False","False","False"
"34276","","","40202","False","False","False","0.0000","0.0000","False","","False","False","False","","False","","False","","","0.0000","0.0000","False","","","AMANA","DR604-AMANA","","Component Replacement/Repair - Major","True","330.0000","False","True","False","False","False"
"34277","","","40202","False","False","False","0.0000","0.0000","False","","False","False","False","","False","","False","","","0.0000","0.0000","False","","","AMANA","DR605-AMANA","","Component Replacement/Repair - Minor","True","110.0000","False","True","False","False","False"
"34278","","","40202","False","False","False","0.0000","0.0000","False","","False","False","False","","False","","False","","","0.0000","0.0000","False","","","AMANA","DR606-AMANA","","Cosmetic Part Replacement - Major","True","82.5000","False","True","False","False","False"
"34279","","","40202","False","False","False","0.0000","0.0000","False","","False","False","False","","False","","False","","","0.0000","0.0000","False","","","AMANA","DR607-AMANA","","Cosmetic Part Replacement - Minor","True","27.5000","False","True","False","False","False"
"34280","","","40202","False","False","False","0.0000","0.0000","False","","False","False","False","","False","","False","","","0.0000","0.0000","False","","","AMANA","DR608-AMANA","","Difficult Access Fee","True","55.0000","False","True","False","False","False"
"34281","","","40202","False","False","False","0.0000","0.0000","False","","False","False","False","","False","","False","","","0.0000","0.0000","False","","","AMANA","DR609-AMANA","","Level Unit/Adjust Unit","True","55.0000","False","True","False","False","False"
"34282","","","40202","False","False","False","0.0000","0.0000","False","","False","False","False","","False","","False","","","0.0000","0.0000","False","","","AMANA","DR610-AMANA","","Problem Could Not Be Reproduced","True","55.0000","False","True","False","False","False"
"34283","","","40202","False","False","False","0.0000","0.0000","False","","False","False","False","","False","","False","","","0.0000","0.0000","False","","","AMANA","DR611-AMANA","","Repair Burnt Wire(s) or Loose Connection(s)","True","82.5000","False","True","False","False","False"
"34284","","","40202","False","False","False","0.0000","0.0000","False","","False","False","False","","False","","False","","","0.0000","0.0000","False","","","AMANA","DR612-AMANA","","Reset Home Circuit Breaker","True","27.5000","False","True","False","False","False"
"34285","","","40202","False","False","False","0.0000","0.0000","False","","False","False","False","","False","","False","","","0.0000","0.0000","False","","","AMANA","DW400-AMANA","","Address Washability Concerns","True","27.5000","False","False","False","False","False"
"34286","","","40202","False","False","False","0.0000","0.0000","False","","False","False","False","","False","","False","","","0.0000","0.0000","False","","","AMANA","DW401-AMANA","","Address Water Leak (Tub-Door-Etc.)","True","82.5000","False","False","False","False","False"
"34287","","","40202","False","False","False","0.0000","0.0000","False","","False","False","False","","False","","False","","","0.0000","0.0000","False","","","AMANA","DW402-AMANA","","Debris Removal & Cleaning From Drain/Sink Connection","True","55.0000","False","False","False","False","False"
"34288","","","40202","False","False","False","0.0000","0.0000","False","","False","False","False","","False","","False","","","0.0000","0.0000","False","","","AMANA","DW403-AMANA","","Debris Removal from Sump/Impeller/Drain","True","55.0000","False","False","False","False","False"
"34289","","","40202","False","False","False","0.0000","0.0000","False","","False","False","False","","False","","False","","","0.0000","0.0000","False","","","AMANA","DW404-AMANA","","Detergent Cup Assembly Replacement","True","82.5000","False","False","False","False","False"
"34290","","","40202","False","False","False","0.0000","0.0000","False","","False","False","False","","False","","False","","","0.0000","0.0000","False","","","AMANA","DW405-AMANA","","Door Panel/Console Replacement (Outer)","True","55.0000","False","False","False","False","False"
"34291","","","40202","False","False","False","0.0000","0.0000","False","","False","False","False","","False","","False","","","0.0000","0.0000","False","","","AMANA","DW406-AMANA","","Door Replacement (Inner)","True","82.5000","False","False","False","False","False"
"34292","","","40202","False","False","False","0.0000","0.0000","False","","False","False","False","","False","","False","","","0.0000","0.0000","False","","","AMANA","DW407-AMANA","","Door Seal Replacement","True","55.0000","False","False","False","False","False"
"34293","","","40202","False","False","False","0.0000","0.0000","False","","False","False","False","","False","","False","","","0.0000","0.0000","False","","","AMANA","DW408-AMANA","","Door Spring Tension/Balance Adjustment (Front Accessible)","True","27.5000","False","False","False","False","False"
"34294","","","40202","False","False","False","0.0000","0.0000","False","","False","False","False","","False","","False","","","0.0000","0.0000","False","","","AMANA","DW409-AMANA","","Door Spring Tension/Balance Adjustment (Unit Removed For Access)","True","55.0000","False","False","False","False","False"
"34295","","","40202","False","False","False","0.0000","0.0000","False","","False","False","False","","False","","False","","","0.0000","0.0000","False","","","AMANA","DW410-AMANA","","Door Spring/Balance Kit Replacement","True","110.0000","False","False","False","False","False"
"34296","","","40202","False","False","False","0.0000","0.0000","False","","False","False","False","","False","","False","","","0.0000","0.0000","False","","","AMANA","DW411-AMANA","","Door Switch Replacement","True","82.5000","False","False","False","False","False"
"34297","","","40202","False","False","False","0.0000","0.0000","False","","False","False","False","","False","","False","","","0.0000","0.0000","False","","","AMANA","DW412-AMANA","","Drain Hose Replacement","True","82.5000","False","False","False","False","False"
"34298","","","40202","False","False","False","0.0000","0.0000","False","","False","False","False","","False","","False","","","0.0000","0.0000","False","","","AMANA","DW413-AMANA","","Drain Pump Replacement","True","165.0000","False","False","False","False","False"
"34299","","","40202","False","False","False","0.0000","0.0000","False","","False","False","False","","False","","False","","","0.0000","0.0000","False","","","AMANA","DW414-AMANA","","Drying Fan Motor/Blade Replacement","True","110.0000","False","False","False","False","False"
"34300","","","40202","False","False","False","0.0000","0.0000","False","","False","False","False","","False","","False","","","0.0000","0.0000","False","","","AMANA","DW415-AMANA","","Electrical Disconnect was Turned Off (Light Switch)","True","16.5000","False","False","False","False","False"
"34301","","","40202","False","False","False","0.0000","0.0000","False","","False","False","False","","False","","False","","","0.0000","0.0000","False","","","AMANA","DW416-AMANA","","Electronic Control/Timer/Pad Replacement","True","110.0000","False","False","False","False","False"
"34302","","","40202","False","False","False","0.0000","0.0000","False","","False","False","False","","False","","False","","","0.0000","0.0000","False","","","AMANA","DW417-AMANA","","Float Switch Replacement","True","82.5000","False","False","False","False","False"
"34303","","","40202","False","False","False","0.0000","0.0000","False","","False","False","False","","False","","False","","","0.0000","0.0000","False","","","AMANA","DW418-AMANA","","Flow Meter Replacement","True","110.0000","False","False","False","False","False"
"34304","","","40202","False","False","False","0.0000","0.0000","False","","False","False","False","","False","","False","","","0.0000","0.0000","False","","","AMANA","DW419-AMANA","","Heating Element Replacement","True","110.0000","False","False","False","False","False"
"34305","","","40202","False","False","False","0.0000","0.0000","False","","False","False","False","","False","","False","","","0.0000","0.0000","False","","","AMANA","DW420-AMANA","","Interference Suppressor Replacement","True","55.0000","False","False","False","False","False"
"34306","","","40202","False","False","False","0.0000","0.0000","False","","False","False","False","","False","","False","","","0.0000","0.0000","False","","","AMANA","DW421-AMANA","","Light Bulb Replacement (Front Access)","True","27.5000","False","False","False","False","False"
"34307","","","40202","False","False","False","0.0000","0.0000","False","","False","False","False","","False","","False","","","0.0000","0.0000","False","","","AMANA","DW422-AMANA","","Light Bulb Replacement (Rear Access - Unit De-installation, Re-install)","True","110.0000","False","False","False","False","False"
"34308","","","40202","False","False","False","0.0000","0.0000","False","","False","False","False","","False","","False","","","0.0000","0.0000","False","","","AMANA","DW423-AMANA","","No Water at Supply","True","27.5000","False","False","False","False","False"
"34309","","","40202","False","False","False","0.0000","0.0000","False","","False","False","False","","False","","False","","","0.0000","0.0000","False","","","AMANA","DW424-AMANA","","Power Cord/Electrical Conduit Replacement","True","55.0000","False","False","False","False","False"
"34310","","","40202","False","False","False","0.0000","0.0000","False","","False","False","False","","False","","False","","","0.0000","0.0000","False","","","AMANA","DW425-AMANA","","Pressure Switch Replacement","True","110.0000","False","False","False","False","False"
"34311","","","40202","False","False","False","0.0000","0.0000","False","","False","False","False","","False","","False","","","0.0000","0.0000","False","","","AMANA","DW426-AMANA","","Pump and/or Motor Assembly Replacement","True","220.0000","False","False","False","False","False"
"34312","","","40202","False","False","False","0.0000","0.0000","False","","False","False","False","","False","","False","","","0.0000","0.0000","False","","","AMANA","DW427-AMANA","","Rack or Rack Component Replacement","True","55.0000","False","False","False","False","False"
"34313","","","40202","False","False","False","0.0000","0.0000","False","","False","False","False","","False","","False","","","0.0000","0.0000","False","","","AMANA","DW428-AMANA","","Reinstallation of Unit","True","82.5000","False","False","False","False","False"
"34314","","","40202","False","False","False","0.0000","0.0000","False","","False","False","False","","False","","False","","","0.0000","0.0000","False","","","AMANA","DW429-AMANA","","Salt Reservoir Replacement","True","220.0000","False","False","False","False","False"
"34315","","","40202","False","False","False","0.0000","0.0000","False","","False","False","False","","False","","False","","","0.0000","0.0000","False","","","AMANA","DW430-AMANA","","Tub/Tank Replacement","True","330.0000","False","False","False","False","False"
"34316","","","40202","False","False","False","0.0000","0.0000","False","","False","False","False","","False","","False","","","0.0000","0.0000","False","","","AMANA","DW431-AMANA","","Turbidity Sensor Replacement","True","110.0000","False","False","False","False","False"
"34317","","","40202","False","False","False","0.0000","0.0000","False","","False","False","False","","False","","False","","","0.0000","0.0000","False","","","AMANA","DW432-AMANA","","Wash Arm/Water Feed Tube Clean/Replace","True","55.0000","False","False","False","False","False"
"34318","","","40202","False","False","False","0.0000","0.0000","False","","False","False","False","","False","","False","","","0.0000","0.0000","False","","","AMANA","DW433-AMANA","","Water Intake Assembly Replacement","True","220.0000","False","False","False","False","False"
"34319","","","40202","False","False","False","0.0000","0.0000","False","","False","False","False","","False","","False","","","0.0000","0.0000","False","","","AMANA","DW434-AMANA","","Water Supply Line Replacement","True","55.0000","False","False","False","False","False"
"34320","","","40202","False","False","False","0.0000","0.0000","False","","False","False","False","","False","","False","","","0.0000","0.0000","False","","","AMANA","DW435-AMANA","","Water Valve Replacement","True","82.5000","False","False","False","False","False"
"34321","","","40202","False","False","False","0.0000","0.0000","False","","False","False","False","","False","","False","","","0.0000","0.0000","False","","","AMANA","DW436-AMANA","","WLAN WIFI Card Replacement","True","110.0000","False","False","False","False","False"
"34322","","","40202","False","False","False","0.0000","0.0000","False","","False","False","False","","False","","False","","","0.0000","0.0000","False","","","AMANA","DW600-AMANA","","Additional Component Replacement","True","55.0000","False","False","False","False","False"
"34323","","","40202","False","False","False","0.0000","0.0000","False","","False","False","False","","False","","False","","","0.0000","0.0000","False","","","AMANA","DW601-AMANA","","Address Noise Complaint","True","55.0000","False","False","False","False","False"
"34324","","","40202","False","False","False","0.0000","0.0000","False","","False","False","False","","False","","False","","","0.0000","0.0000","False","","","AMANA","DW602-AMANA","","Cabinet Component Repair - Major","True","330.0000","False","False","False","False","False"
"34325","","","40202","False","False","False","0.0000","0.0000","False","","False","False","False","","False","","False","","","0.0000","0.0000","False","","","AMANA","DW603-AMANA","","Cabinet Component Repair - Minor","True","110.0000","False","False","False","False","False"
"34326","","","40202","False","False","False","0.0000","0.0000","False","","False","False","False","","False","","False","","","0.0000","0.0000","False","","","AMANA","DW604-AMANA","","Component Replacement/Repair - Major","True","330.0000","False","False","False","False","False"
"34327","","","40202","False","False","False","0.0000","0.0000","False","","False","False","False","","False","","False","","","0.0000","0.0000","False","","","AMANA","DW605-AMANA","","Component Replacement/Repair - Minor","True","110.0000","False","False","False","False","False"
"34328","","","40202","False","False","False","0.0000","0.0000","False","","False","False","False","","False","","False","","","0.0000","0.0000","False","","","AMANA","DW606-AMANA","","Cosmetic Part Replacement - Major","True","82.5000","False","False","False","False","False"
"34329","","","40202","False","False","False","0.0000","0.0000","False","","False","False","False","","False","","False","","","0.0000","0.0000","False","","","AMANA","DW607-AMANA","","Cosmetic Part Replacement - Minor","True","27.5000","False","False","False","False","False"
"34330","","","40202","False","False","False","0.0000","0.0000","False","","False","False","False","","False","","False","","","0.0000","0.0000","False","","","AMANA","DW608-AMANA","","Difficult Access Fee","True","55.0000","False","False","False","False","False"
"34331","","","40202","False","False","False","0.0000","0.0000","False","","False","False","False","","False","","False","","","0.0000","0.0000","False","","","AMANA","DW609-AMANA","","Level Unit/Adjust Unit","True","55.0000","False","False","False","False","False"
"34332","","","40202","False","False","False","0.0000","0.0000","False","","False","False","False","","False","","False","","","0.0000","0.0000","False","","","AMANA","DW610-AMANA","","Problem Could Not Be Reproduced","True","55.0000","False","False","False","False","False"
"34333","","","40202","False","False","False","0.0000","0.0000","False","","False","False","False","","False","","False","","","0.0000","0.0000","False","","","AMANA","DW611-AMANA","","Repair Burnt Wire(s) or Loose Connection(s)","True","82.5000","False","False","False","False","False"
"34334","","","40202","False","False","False","0.0000","0.0000","False","","False","False","False","","False","","False","","","0.0000","0.0000","False","","","AMANA","DW612-AMANA","","Reset Home Circuit Breaker","True","27.5000","False","False","False","False","False"
"34335","","","40202","False","False","False","0.0000","0.0000","False","","False","False","False","","False","","False","","","0.0000","0.0000","False","","","AMANA","L1-AMANA","","Additional One Tech/Installer Labor","True","55.0000","False","True","False","False","False"
"34336","","","40202","False","False","False","0.0000","0.0000","False","","False","False","False","","False","","False","","","0.0000","0.0000","False","","","AMANA","L2-AMANA","","Additional Two Tech/Installer Labor","True","82.5000","False","True","False","False","False"
"34337","","","40202","False","False","False","0.0000","0.0000","False","","False","False","False","","False","","False","","","0.0000","0.0000","False","","","AMANA","L3-AMANA","","Additional Three Tech/Installer Labor","True","110.0000","False","True","False","False","False"
"34338","","","40202","False","False","False","0.0000","0.0000","False","","False","False","False","","False","","False","","","0.0000","0.0000","False","","","AMANA","MS1-AMANA","","Miscellaneous Labor","True","27.5000","False","True","False","False","False"
"34339","","","40202","False","False","False","0.0000","0.0000","False","","False","False","False","","False","","False","","","0.0000","0.0000","False","","","AMANA","MW400-AMANA","","Bake Element Replacement","True","82.5000","False","True","False","False","False"
"34340","","","40202","False","False","False","0.0000","0.0000","False","","False","False","False","","False","","False","","","0.0000","0.0000","False","","","AMANA","MW401-AMANA","","Broil Element Replacement","True","82.5000","False","True","False","False","False"
"34341","","","40202","False","False","False","0.0000","0.0000","False","","False","False","False","","False","","False","","","0.0000","0.0000","False","","","AMANA","MW402-AMANA","","Capacitor Replacement","True","55.0000","False","True","False","False","False"
"34342","","","40202","False","False","False","0.0000","0.0000","False","","False","False","False","","False","","False","","","0.0000","0.0000","False","","","AMANA","MW403-AMANA","","Convect Element Replacement","True","82.5000","False","True","False","False","False"
"34343","","","40202","False","False","False","0.0000","0.0000","False","","False","False","False","","False","","False","","","0.0000","0.0000","False","","","AMANA","MW404-AMANA","","Convect Fan Motor/Blade Replacement","True","110.0000","False","True","False","False","False"
"34344","","","40202","False","False","False","0.0000","0.0000","False","","False","False","False","","False","","False","","","0.0000","0.0000","False","","","AMANA","MW405-AMANA","","Cook/Humidity Sensor Replacement","True","82.5000","False","True","False","False","False"
"34345","","","40202","False","False","False","0.0000","0.0000","False","","False","False","False","","False","","False","","","0.0000","0.0000","False","","","AMANA","MW406-AMANA","","Cooling Fan Motor/Blade Replacement","True","82.5000","False","True","False","False","False"
"34346","","","40202","False","False","False","0.0000","0.0000","False","","False","False","False","","False","","False","","","0.0000","0.0000","False","","","AMANA","MW407-AMANA","","Door Component Replacement","True","55.0000","False","True","False","False","False"
"34347","","","40202","False","False","False","0.0000","0.0000","False","","False","False","False","","False","","False","","","0.0000","0.0000","False","","","AMANA","MW408-AMANA","","Electronic Control/Module Replacement","True","82.5000","False","True","False","False","False"
"34348","","","40202","False","False","False","0.0000","0.0000","False","","False","False","False","","False","","False","","","0.0000","0.0000","False","","","AMANA","MW409-AMANA","","Hi-Voltage Diode Replacement","True","55.0000","False","True","False","False","False"
"34349","","","40202","False","False","False","0.0000","0.0000","False","","False","False","False","","False","","False","","","0.0000","0.0000","False","","","AMANA","MW410-AMANA","","Interlock Switch Replacement/Adjustment","True","110.0000","False","True","False","False","False"
"34350","","","40202","False","False","False","0.0000","0.0000","False","","False","False","False","","False","","False","","","0.0000","0.0000","False","","","AMANA","MW411-AMANA","","Light Bulb Replacement","True","27.5000","False","True","False","False","False"
"34351","","","40202","False","False","False","0.0000","0.0000","False","","False","False","False","","False","","False","","","0.0000","0.0000","False","","","AMANA","MW412-AMANA","","Magnetron Tube Replacement","True","82.5000","False","True","False","False","False"
"34352","","","40202","False","False","False","0.0000","0.0000","False","","False","False","False","","False","","False","","","0.0000","0.0000","False","","","AMANA","MW413-AMANA","","Power Cord/Electrical Conduit Replacement","True","55.0000","False","True","False","False","False"
"34353","","","40202","False","False","False","0.0000","0.0000","False","","False","False","False","","False","","False","","","0.0000","0.0000","False","","","AMANA","MW414-AMANA","","Probe Jack Replacement","True","82.5000","False","True","False","False","False"
"34354","","","40202","False","False","False","0.0000","0.0000","False","","False","False","False","","False","","False","","","0.0000","0.0000","False","","","AMANA","MW415-AMANA","","Quartz Halogen Heating Bulb Replacement","True","82.5000","False","True","False","False","False"
"34355","","","40202","False","False","False","0.0000","0.0000","False","","False","False","False","","False","","False","","","0.0000","0.0000","False","","","AMANA","MW416-AMANA","","Rack Replacement - Oven","True","16.5000","False","True","False","False","False"
"34356","","","40202","False","False","False","0.0000","0.0000","False","","False","False","False","","False","","False","","","0.0000","0.0000","False","","","AMANA","MW417-AMANA","","Terminal Block Replacement - Electrical Connection","True","55.0000","False","True","False","False","False"
"34357","","","40202","False","False","False","0.0000","0.0000","False","","False","False","False","","False","","False","","","0.0000","0.0000","False","","","AMANA","MW418-AMANA","","Thermal/Line Fuse Replacement","True","27.5000","False","True","False","False","False"
"34358","","","40202","False","False","False","0.0000","0.0000","False","","False","False","False","","False","","False","","","0.0000","0.0000","False","","","AMANA","MW419-AMANA","","Torsion Spring Replacement","True","55.0000","False","True","False","False","False"
"34359","","","40202","False","False","False","0.0000","0.0000","False","","False","False","False","","False","","False","","","0.0000","0.0000","False","","","AMANA","MW420-AMANA","","Transformer Replacement","True","82.5000","False","True","False","False","False"
"34360","","","40202","False","False","False","0.0000","0.0000","False","","False","False","False","","False","","False","","","0.0000","0.0000","False","","","AMANA","MW421-AMANA","","Turntable Motor Replacement","True","55.0000","False","True","False","False","False"
"34361","","","40202","False","False","False","0.0000","0.0000","False","","False","False","False","","False","","False","","","0.0000","0.0000","False","","","AMANA","MW422-AMANA","","Ventilation Fan Motor/Blade (OTR) Replacement","True","110.0000","False","True","False","False","False"
"34362","","","40202","False","False","False","0.0000","0.0000","False","","False","False","False","","False","","False","","","0.0000","0.0000","False","","","AMANA","MW423-AMANA","","Waveguide Shield Replacement","True","27.5000","False","True","False","False","False"
"34363","","","40202","False","False","False","0.0000","0.0000","False","","False","False","False","","False","","False","","","0.0000","0.0000","False","","","AMANA","MW600-AMANA","","Additional Component Replacement","True","55.0000","False","True","False","False","False"
"34364","","","40202","False","False","False","0.0000","0.0000","False","","False","False","False","","False","","False","","","0.0000","0.0000","False","","","AMANA","MW601-AMANA","","Address Noise Complaint","True","55.0000","False","True","False","False","False"
"34365","","","40202","False","False","False","0.0000","0.0000","False","","False","False","False","","False","","False","","","0.0000","0.0000","False","","","AMANA","MW602-AMANA","","Cabinet Component Repair - Major","True","330.0000","False","True","False","False","False"
"34366","","","40202","False","False","False","0.0000","0.0000","False","","False","False","False","","False","","False","","","0.0000","0.0000","False","","","AMANA","MW603-AMANA","","Cabinet Component Repair - Minor","True","110.0000","False","True","False","False","False"
"34367","","","40202","False","False","False","0.0000","0.0000","False","","False","False","False","","False","","False","","","0.0000","0.0000","False","","","AMANA","MW604-AMANA","","Component Replacement/Repair - Major","True","330.0000","False","True","False","False","False"
"34368","","","40202","False","False","False","0.0000","0.0000","False","","False","False","False","","False","","False","","","0.0000","0.0000","False","","","AMANA","MW605-AMANA","","Component Replacement/Repair - Minor","True","110.0000","False","True","False","False","False"
"34369","","","40202","False","False","False","0.0000","0.0000","False","","False","False","False","","False","","False","","","0.0000","0.0000","False","","","AMANA","MW606-AMANA","","Cosmetic Part Replacement - Major","True","82.5000","False","True","False","False","False"
"34370","","","40202","False","False","False","0.0000","0.0000","False","","False","False","False","","False","","False","","","0.0000","0.0000","False","","","AMANA","MW607-AMANA","","Cosmetic Part Replacement - Minor","True","27.5000","False","True","False","False","False"
"34371","","","40202","False","False","False","0.0000","0.0000","False","","False","False","False","","False","","False","","","0.0000","0.0000","False","","","AMANA","MW608-AMANA","","Difficult Access Fee","True","55.0000","False","True","False","False","False"
"34372","","","40202","False","False","False","0.0000","0.0000","False","","False","False","False","","False","","False","","","0.0000","0.0000","False","","","AMANA","MW609-AMANA","","Level Unit/Adjust Unit","True","55.0000","False","True","False","False","False"
"34373","","","40202","False","False","False","0.0000","0.0000","False","","False","False","False","","False","","False","","","0.0000","0.0000","False","","","AMANA","MW610-AMANA","","Problem Could Not Be Reproduced","True","55.0000","False","True","False","False","False"
"34374","","","40202","False","False","False","0.0000","0.0000","False","","False","False","False","","False","","False","","","0.0000","0.0000","False","","","AMANA","MW611-AMANA","","Repair Burnt Wire(s) or Loose Connection(s)","True","82.5000","False","True","False","False","False"
"34375","","","40202","False","False","False","0.0000","0.0000","False","","False","False","False","","False","","False","","","0.0000","0.0000","False","","","AMANA","MW612-AMANA","","Reset Home Circuit Breaker","True","27.5000","False","True","False","False","False"
"34376","","","40202","False","False","False","0.0000","0.0000","False","","False","False","False","","False","","False","","","0.0000","0.0000","False","","","AMANA","RE400-AMANA","","Auger Motor/Cubed-Crushed Solenoid Replacement","True","82.5000","False","True","False","False","False"
"34377","","","40202","False","False","False","0.0000","0.0000","False","","False","False","False","","False","","False","","","0.0000","0.0000","False","","","AMANA","RE401-AMANA","","Clear Debris/Ice From Defrost Drain","True","85.0000","False","True","False","False","False"
"34378","","","40202","False","False","False","0.0000","0.0000","False","","False","False","False","","False","","False","","","0.0000","0.0000","False","","","AMANA","RE402-AMANA","","Cold Control (Thermostat) Replacement","True","82.5000","False","True","False","False","False"
"34379","","","40202","False","False","False","0.0000","0.0000","False","","False","False","False","","False","","False","","","0.0000","0.0000","False","","","AMANA","RE403-AMANA","","Condensate Drain Pan Replacement","True","27.5000","False","True","False","False","False"
"34380","","","40202","False","False","False","0.0000","0.0000","False","","False","False","False","","False","","False","","","0.0000","0.0000","False","","","AMANA","RE404-AMANA","","Condenser Fan Motor/Blade Replacement","True","110.0000","False","True","False","False","False"
"34381","","","40202","False","False","False","0.0000","0.0000","False","","False","False","False","","False","","False","","","0.0000","0.0000","False","","","AMANA","RE405-AMANA","","Damper/Damper Control Replacement","True","110.0000","False","True","False","False","False"
"34382","","","40202","False","False","False","0.0000","0.0000","False","","False","False","False","","False","","False","","","0.0000","0.0000","False","","","AMANA","RE406-AMANA","","Defrost Bimetal Replacement","True","110.0000","False","True","False","False","False"
"34383","","","40202","False","False","False","0.0000","0.0000","False","","False","False","False","","False","","False","","","0.0000","0.0000","False","","","AMANA","RE407-AMANA","","Defrost Evaporator Manually","True","55.0000","False","True","False","False","False"
"34384","","","40202","False","False","False","0.0000","0.0000","False","","False","False","False","","False","","False","","","0.0000","0.0000","False","","","AMANA","RE408-AMANA","","Defrost Heater/Drain Heater Replacement","True","110.0000","False","True","False","False","False"
"34385","","","40202","False","False","False","0.0000","0.0000","False","","False","False","False","","False","","False","","","0.0000","0.0000","False","","","AMANA","RE409-AMANA","","Defrost Timer/Adaptive Control Replacement","True","82.5000","False","True","False","False","False"
"34386","","","40202","False","False","False","0.0000","0.0000","False","","False","False","False","","False","","False","","","0.0000","0.0000","False","","","AMANA","RE410-AMANA","","Deice Fill Tube Manually","True","55.0000","False","True","False","False","False"
"34387","","","40202","False","False","False","0.0000","0.0000","False","","False","False","False","","False","","False","","","0.0000","0.0000","False","","","AMANA","RE411-AMANA","","Door  Replacement","True","165.0000","False","True","False","False","False"
"34388","","","40202","False","False","False","0.0000","0.0000","False","","False","False","False","","False","","False","","","0.0000","0.0000","False","","","AMANA","RE412-AMANA","","Door Adjustment/Realign","True","55.0000","False","True","False","False","False"
"34389","","","40202","False","False","False","0.0000","0.0000","False","","False","False","False","","False","","False","","","0.0000","0.0000","False","","","AMANA","RE413-AMANA","","Door Gasket Replacement (Bracketed Retainer Type) Leave door closed for 24 hours after replacement for best results. A blow dryer may be used on low to help form new gasket and remove wrinkles.","True","137.5000","False","True","False","False","False"
"34390","","","40202","False","False","False","0.0000","0.0000","False","","False","False","False","","False","","False","","","0.0000","0.0000","False","","","AMANA","RE414-AMANA","","Door Gasket Replacement (Push-in Type) Leave door closed for 24 hours after replacement for best results. A blow dryer may be used on low to help form new gasket and remove wrinkles.","True","82.5000","False","True","False","False","False"
"34391","","","40202","False","False","False","0.0000","0.0000","False","","False","False","False","","False","","False","","","0.0000","0.0000","False","","","AMANA","RE415-AMANA","","Water Valve Replacement","True","55.0000","False","True","False","False","False"
"34392","","","40202","False","False","False","0.0000","0.0000","False","","False","False","False","","False","","False","","","0.0000","0.0000","False","","","AMANA","RE416-AMANA","","Electronic Control/Module Replacement","True","110.0000","False","True","False","False","False"
"34393","","","40202","False","False","False","0.0000","0.0000","False","","False","False","False","","False","","False","","","0.0000","0.0000","False","","","AMANA","RE417-AMANA","","Evaporator Fan Motor/Blade Replacement","True","110.0000","False","True","False","False","False"
"34394","","","40202","False","False","False","0.0000","0.0000","False","","False","False","False","","False","","False","","","0.0000","0.0000","False","","","AMANA","RE418-AMANA","","Fan/Light Switch Replacement","True","55.0000","False","True","False","False","False"
"34395","","","40202","False","False","False","0.0000","0.0000","False","","False","False","False","","False","","False","","","0.0000","0.0000","False","","","AMANA","RE419-AMANA","","Ice Maker Kit/Component  Replacement","True","82.5000","False","True","False","False","False"
"34396","","","40202","False","False","False","0.0000","0.0000","False","","False","False","False","","False","","False","","","0.0000","0.0000","False","","","AMANA","RE420-AMANA","","Ice Storage Bin Replacement","True","27.5000","False","True","False","False","False"
"34397","","","40202","False","False","False","0.0000","0.0000","False","","False","False","False","","False","","False","","","0.0000","0.0000","False","","","AMANA","RE421-AMANA","","Ice/Water Dispenser Component Replacement","True","110.0000","False","True","False","False","False"
"34398","","","40202","False","False","False","0.0000","0.0000","False","","False","False","False","","False","","False","","","0.0000","0.0000","False","","","AMANA","RE422-AMANA","","Light Bulb Replacement","True","27.5000","False","True","False","False","False"
"34399","","","40202","False","False","False","0.0000","0.0000","False","","False","False","False","","False","","False","","","0.0000","0.0000","False","","","AMANA","RE423-AMANA","","Power Cord/Electrical Conduit Replacement","True","55.0000","False","True","False","False","False"
"34400","","","40202","False","False","False","0.0000","0.0000","False","","False","False","False","","False","","False","","","0.0000","0.0000","False","","","AMANA","RE424-AMANA","","Refrigerant Recovery Fee","True","55.0000","False","True","False","False","False"
"34401","","","40202","False","False","False","0.0000","0.0000","False","","False","False","False","","False","","False","","","0.0000","0.0000","False","","","AMANA","RE425-AMANA","","Relay/Start Device Replacement","True","82.5000","False","True","False","False","False"
"34402","","","40202","False","False","False","0.0000","0.0000","False","","False","False","False","","False","","False","","","0.0000","0.0000","False","","","AMANA","RE426-AMANA","","Replace Leveling Legs/Wheels - Built-in Refrigeration","True","165.0000","False","True","False","False","False"
"34403","","","40202","False","False","False","0.0000","0.0000","False","","False","False","False","","False","","False","","","0.0000","0.0000","False","","","AMANA","RE427-AMANA","","Replace Leveling Legs/Wheels - Freestanding Refrigeration","True","55.0000","False","True","False","False","False"
"34404","","","40202","False","False","False","0.0000","0.0000","False","","False","False","False","","False","","False","","","0.0000","0.0000","False","","","AMANA","RE428-AMANA","","Shelf/Storage Bin Replacement","True","27.5000","False","True","False","False","False"
"34405","","","40202","False","False","False","0.0000","0.0000","False","","False","False","False","","False","","False","","","0.0000","0.0000","False","","","AMANA","RE429-AMANA","","Thermistor/Sensor Replacement","True","82.5000","False","True","False","False","False"
"34406","","","40202","False","False","False","0.0000","0.0000","False","","False","False","False","","False","","False","","","0.0000","0.0000","False","","","AMANA","RE430-AMANA","","Transformer Replacement","True","55.0000","False","True","False","False","False"
"34407","","","40202","False","False","False","0.0000","0.0000","False","","False","False","False","","False","","False","","","0.0000","0.0000","False","","","AMANA","RE431-AMANA","","Vacuum and/or Clean Condenser Coils","True","55.0000","False","True","False","False","False"
"34408","","","40202","False","False","False","0.0000","0.0000","False","","False","False","False","","False","","False","","","0.0000","0.0000","False","","","AMANA","RE432-AMANA","","Water Filter Replacement","True","27.5000","False","True","False","False","False"
"34409","","","40202","False","False","False","0.0000","0.0000","False","","False","False","False","","False","","False","","","0.0000","0.0000","False","","","AMANA","RE433-AMANA","","Water Line Replacement","True","27.5000","False","True","False","False","False"
"34410","","","40202","False","False","False","0.0000","0.0000","False","","False","False","False","","False","","False","","","0.0000","0.0000","False","","","AMANA","RE434-AMANA","","Water Reservoir Replacement","True","55.0000","False","True","False","False","False"
"34411","","","40202","False","False","False","0.0000","0.0000","False","","False","False","False","","False","","False","","","0.0000","0.0000","False","","","AMANA","RE435-AMANA","","WLAN WIFI Card Replacement - Includes de-installation and re-installation of unit to allow access to component.","True","165.0000","False","True","False","False","False"
"34412","","","40202","False","False","False","0.0000","0.0000","False","","False","False","False","","False","","False","","","0.0000","0.0000","False","","","AMANA","RE500-AMANA","","Sealed System - COMPRESSOR, FILTER DRIER Replacement. Remove old components. Includes materials & supplies necessary to braze in new components. System evacuation & charging. Refrigerant not included.","True","660.0000","False","True","False","False","False"
"34413","","","40202","False","False","False","0.0000","0.0000","False","","False","False","False","","False","","False","","","0.0000","0.0000","False","","","AMANA","RE501-AMANA","","Sealed System ? CONDENSER COIL, FILTER DRIER Replacement. Remove old components. Includes materials & supplies necessary to braze in new components. System evacuation & charging. Refrigerant not included.","True","550.0000","False","True","False","False","False"
"34414","","","40202","False","False","False","0.0000","0.0000","False","","False","False","False","","False","","False","","","0.0000","0.0000","False","","","AMANA","RE502-AMANA","","Sealed System ? EVAPORATOR COIL, FILTER DRIER Replacement. Remove old components. Includes materials & supplies necessary to braze in new components. System evacuation & charging. Refrigerant not included.","True","550.0000","False","True","False","False","False"
"34415","","","40202","False","False","False","0.0000","0.0000","False","","False","False","False","","False","","False","","","0.0000","0.0000","False","","","AMANA","RE503-AMANA","","Sealed System ? FILTER DRIER Replacement. Remove old components. Includes materials & supplies necessary to braze in new components. System evacuation & charging. Refrigerant not included.","True","275.0000","False","True","False","False","False"
"34416","","","40202","False","False","False","0.0000","0.0000","False","","False","False","False","","False","","False","","","0.0000","0.0000","False","","","AMANA","RE504-AMANA","","Sealed System ? HEAT EXCHANGER & FILTER DRIER Replacement. Remove old components. Includes materials & supplies necessary to braze in new components. System evacuation & charging. Refrigerant not included.","True","660.0000","False","True","False","False","False"
"34417","","","40202","False","False","False","0.0000","0.0000","False","","False","False","False","","False","","False","","","0.0000","0.0000","False","","","AMANA","RE505-AMANA","","Sealed System ? REFRIGERANT LEAK REPAIR. Replace filter drier if needed. Includes materials & supplies necessary to repair. System evacuation & charging. Refrigerant not included.","True","220.0000","False","True","False","False","False"
"34418","","","40202","False","False","False","0.0000","0.0000","False","","False","False","False","","False","","False","","","0.0000","0.0000","False","","","AMANA","RE506-AMANA","","Sealed System 1-Replace COMPRESSOR, EVAPORATOR, & FILTER DRIER. Remove old components. Includes materials & supplies needed to braze in new components. System evacuation & charging. Refrigerant not included.","True","605.0000","False","True","False","False","False"
"34419","","","40202","False","False","False","0.0000","0.0000","False","","False","False","False","","False","","False","","","0.0000","0.0000","False","","","AMANA","RE507-AMANA","","Sealed System 2 ? COMPRESSOR, EVAPORATOR, CONDENSER, HEAT EXCHANGER, FILTER DRIER. Includes Remove old components. Includes materials & supplies needed to braze in new components. System evacuation & charging. Refrigerant not included.","True","715.0000","False","True","False","False","False"
"34420","","","40202","False","False","False","0.0000","0.0000","False","","False","False","False","","False","","False","","","0.0000","0.0000","False","","","AMANA","RE600-AMANA","","Additional Component Replacement","True","55.0000","False","True","False","False","False"
"34421","","","40202","False","False","False","0.0000","0.0000","False","","False","False","False","","False","","False","","","0.0000","0.0000","False","","","AMANA","RE601-AMANA","","Address Noise Complaint","True","55.0000","False","True","False","False","False"
"34422","","","40202","False","False","False","0.0000","0.0000","False","","False","False","False","","False","","False","","","0.0000","0.0000","False","","","AMANA","RE602-AMANA","","Cabinet Component Repair - Major","True","330.0000","False","True","False","False","False"
"34423","","","40202","False","False","False","0.0000","0.0000","False","","False","False","False","","False","","False","","","0.0000","0.0000","False","","","AMANA","RE603-AMANA","","Cabinet Component Repair - Minor","True","110.0000","False","True","False","False","False"
"34424","","","40202","False","False","False","0.0000","0.0000","False","","False","False","False","","False","","False","","","0.0000","0.0000","False","","","AMANA","RE604-AMANA","","Component Replacement/Repair - Major","True","330.0000","False","True","False","False","False"
"34425","","","40202","False","False","False","0.0000","0.0000","False","","False","False","False","","False","","False","","","0.0000","0.0000","False","","","AMANA","RE605-AMANA","","Component Replacement/Repair - Minor","True","110.0000","False","True","False","False","False"
"34426","","","40202","False","False","False","0.0000","0.0000","False","","False","False","False","","False","","False","","","0.0000","0.0000","False","","","AMANA","RE606-AMANA","","Cosmetic Part Replacement - Major","True","82.5000","False","True","False","False","False"
"34427","","","40202","False","False","False","0.0000","0.0000","False","","False","False","False","","False","","False","","","0.0000","0.0000","False","","","AMANA","RE607-AMANA","","Cosmetic Part Replacement - Minor","True","27.5000","False","True","False","False","False"
"34428","","","40202","False","False","False","0.0000","0.0000","False","","False","False","False","","False","","False","","","0.0000","0.0000","False","","","AMANA","RE608-AMANA","","Difficult Access Fee","True","55.0000","False","True","False","False","False"
"34429","","","40202","False","False","False","0.0000","0.0000","False","","False","False","False","","False","","False","","","0.0000","0.0000","False","","","AMANA","RE609-AMANA","","Level-Adjust Built-in Unit","True","110.0000","False","True","False","False","False"
"34430","","","40202","False","False","False","0.0000","0.0000","False","","False","False","False","","False","","False","","","0.0000","0.0000","False","","","AMANA","RE610-AMANA","","Level-Adjust Freestanding Unit","True","55.0000","False","True","False","False","False"
"34431","","","40202","False","False","False","0.0000","0.0000","False","","False","False","False","","False","","False","","","0.0000","0.0000","False","","","AMANA","RE611-AMANA","","Problem Could Not Be Reproduced","True","55.0000","False","True","False","False","False"
"34432","","","40202","False","False","False","0.0000","0.0000","False","","False","False","False","","False","","False","","","0.0000","0.0000","False","","","AMANA","RE612-AMANA","","Repair Burnt Wire(s) or Loose Connection(s)","True","82.5000","False","True","False","False","False"
"34433","","","40202","False","False","False","0.0000","0.0000","False","","False","False","False","","False","","False","","","0.0000","0.0000","False","","","AMANA","RE613-AMANA","","Reset Home Circuit Breaker","True","27.5000","False","True","False","False","False"
"34434","","","40202","False","False","False","0.0000","0.0000","False","","False","False","False","","False","","False","","","0.0000","0.0000","False","","","AMANA","VH400-AMANA","","Blower Motor Replacement (Pro Hood)","True","137.5000","False","False","False","False","False"
"34435","","","40202","False","False","False","0.0000","0.0000","False","","False","False","False","","False","","False","","","0.0000","0.0000","False","","","AMANA","VH401-AMANA","","Blower Motor Replacement (Standard Hood)","True","55.0000","False","False","False","False","False"
"34436","","","40202","False","False","False","0.0000","0.0000","False","","False","False","False","","False","","False","","","0.0000","0.0000","False","","","AMANA","VH402-AMANA","","Correct Electrical Wiring at Hood Connection","True","82.5000","False","False","False","False","False"
"34437","","","40202","False","False","False","0.0000","0.0000","False","","False","False","False","","False","","False","","","0.0000","0.0000","False","","","AMANA","VH403-AMANA","","Correct Electrical Wiring at Remote/Inline Blower Connection","True","110.0000","False","False","False","False","False"
"34438","","","40202","False","False","False","0.0000","0.0000","False","","False","False","False","","False","","False","","","0.0000","0.0000","False","","","AMANA","VH404-AMANA","","Duct Connection Repair/Seal","True","55.0000","False","False","False","False","False"
"34439","","","40202","False","False","False","0.0000","0.0000","False","","False","False","False","","False","","False","","","0.0000","0.0000","False","","","AMANA","VH405-AMANA","","Electronic Control Replacement","True","82.5000","False","False","False","False","False"
"34440","","","40202","False","False","False","0.0000","0.0000","False","","False","False","False","","False","","False","","","0.0000","0.0000","False","","","AMANA","VH406-AMANA","","Filter Cleaning - Baffle/Mesh (Pro Hood)","True","55.0000","False","False","False","False","False"
"34441","","","40202","False","False","False","0.0000","0.0000","False","","False","False","False","","False","","False","","","0.0000","0.0000","False","","","AMANA","VH407-AMANA","","Filter Cleaning - Baffle/Mesh (Standard Hood)","True","38.5000","False","False","False","False","False"
"34442","","","40202","False","False","False","0.0000","0.0000","False","","False","False","False","","False","","False","","","0.0000","0.0000","False","","","AMANA","VH408-AMANA","","Filter Replacement - Baffle/Mesh","True","38.5000","False","False","False","False","False"
"34443","","","40202","False","False","False","0.0000","0.0000","False","","False","False","False","","False","","False","","","0.0000","0.0000","False","","","AMANA","VH409-AMANA","","Light Bulb Receptacle Replacement (Pro Hood)","True","55.0000","False","False","False","False","False"
"34444","","","40202","False","False","False","0.0000","0.0000","False","","False","False","False","","False","","False","","","0.0000","0.0000","False","","","AMANA","VH410-AMANA","","Light Bulb Receptacle Replacement (Standard Hood)","True","55.0000","False","False","False","False","False"
"34445","","","40202","False","False","False","0.0000","0.0000","False","","False","False","False","","False","","False","","","0.0000","0.0000","False","","","AMANA","VH411-AMANA","","Light Bulb Replacement","True","27.5000","False","False","False","False","False"
"34446","","","40202","False","False","False","0.0000","0.0000","False","","False","False","False","","False","","False","","","0.0000","0.0000","False","","","AMANA","VH412-AMANA","","Power Cord/Electrical Conduit Replacement","True","55.0000","False","False","False","False","False"
"34447","","","40202","False","False","False","0.0000","0.0000","False","","False","False","False","","False","","False","","","0.0000","0.0000","False","","","AMANA","VH413-AMANA","","Switch Replacement - Light/Fan","True","82.5000","False","False","False","False","False"
"34448","","","40202","False","False","False","0.0000","0.0000","False","","False","False","False","","False","","False","","","0.0000","0.0000","False","","","AMANA","VH600-AMANA","","Additional Component Replacement","True","55.0000","False","False","False","False","False"
"34449","","","40202","False","False","False","0.0000","0.0000","False","","False","False","False","","False","","False","","","0.0000","0.0000","False","","","AMANA","VH601-AMANA","","Address Noise Complaint","True","55.0000","False","False","False","False","False"
"34450","","","40202","False","False","False","0.0000","0.0000","False","","False","False","False","","False","","False","","","0.0000","0.0000","False","","","AMANA","VH602-AMANA","","Cabinet Component Repair - Major","True","330.0000","False","False","False","False","False"
"34451","","","40202","False","False","False","0.0000","0.0000","False","","False","False","False","","False","","False","","","0.0000","0.0000","False","","","AMANA","VH603-AMANA","","Cabinet Component Repair - Minor","True","110.0000","False","False","False","False","False"
"34452","","","40202","False","False","False","0.0000","0.0000","False","","False","False","False","","False","","False","","","0.0000","0.0000","False","","","AMANA","VH604-AMANA","","Component Replacement/Repair - Major","True","330.0000","False","False","False","False","False"
"34453","","","40202","False","False","False","0.0000","0.0000","False","","False","False","False","","False","","False","","","0.0000","0.0000","False","","","AMANA","VH605-AMANA","","Component Replacement/Repair - Minor","True","110.0000","False","False","False","False","False"
"34454","","","40202","False","False","False","0.0000","0.0000","False","","False","False","False","","False","","False","","","0.0000","0.0000","False","","","AMANA","VH606-AMANA","","Cosmetic Part Replacement - Major","True","82.5000","False","False","False","False","False"
"34455","","","40202","False","False","False","0.0000","0.0000","False","","False","False","False","","False","","False","","","0.0000","0.0000","False","","","AMANA","VH607-AMANA","","Cosmetic Part Replacement - Minor","True","27.5000","False","False","False","False","False"
"34456","","","40202","False","False","False","0.0000","0.0000","False","","False","False","False","","False","","False","","","0.0000","0.0000","False","","","AMANA","VH608-AMANA","","Difficult Access Fee","True","55.0000","False","False","False","False","False"
"34457","","","40202","False","False","False","0.0000","0.0000","False","","False","False","False","","False","","False","","","0.0000","0.0000","False","","","AMANA","VH609-AMANA","","Level Unit/Adjust Unit","True","55.0000","False","False","False","False","False"
"34458","","","40202","False","False","False","0.0000","0.0000","False","","False","False","False","","False","","False","","","0.0000","0.0000","False","","","AMANA","VH610-AMANA","","Problem Could Not Be Reproduced","True","55.0000","False","False","False","False","False"
"34459","","","40202","False","False","False","0.0000","0.0000","False","","False","False","False","","False","","False","","","0.0000","0.0000","False","","","AMANA","VH611-AMANA","","Repair Burnt Wire(s) or Loose Connection(s)","True","82.5000","False","False","False","False","False"
"34460","","","40202","False","False","False","0.0000","0.0000","False","","False","False","False","","False","","False","","","0.0000","0.0000","False","","","AMANA","VH612-AMANA","","Reset Home Circuit Breaker","True","27.5000","False","False","False","False","False"
"34461","","","40202","False","False","False","0.0000","0.0000","False","","False","False","False","","False","","False","","","0.0000","0.0000","False","","","AMANA","WA400-AMANA","","Belt(s) Replacement","True","82.5000","False","True","False","False","False"
"34462","","","40202","False","False","False","0.0000","0.0000","False","","False","False","False","","False","","False","","","0.0000","0.0000","False","","","AMANA","WA401-AMANA","","Detergent Dispenser Replacement","True","82.5000","False","True","False","False","False"
"34463","","","40202","False","False","False","0.0000","0.0000","False","","False","False","False","","False","","False","","","0.0000","0.0000","False","","","AMANA","WA402-AMANA","","Door Assembly Replacement","True","110.0000","False","True","False","False","False"
"34464","","","40202","False","False","False","0.0000","0.0000","False","","False","False","False","","False","","False","","","0.0000","0.0000","False","","","AMANA","WA403-AMANA","","Door/Lid Switch Assembly Replacement","True","55.0000","False","True","False","False","False"
"34465","","","40202","False","False","False","0.0000","0.0000","False","","False","False","False","","False","","False","","","0.0000","0.0000","False","","","AMANA","WA404-AMANA","","Drive Motor Replacement","True","137.5000","False","True","False","False","False"
"34466","","","40202","False","False","False","0.0000","0.0000","False","","False","False","False","","False","","False","","","0.0000","0.0000","False","","","AMANA","WA405-AMANA","","Electronic Control/Timer/Pad Replacement","True","110.0000","False","True","False","False","False"
"34467","","","40202","False","False","False","0.0000","0.0000","False","","False","False","False","","False","","False","","","0.0000","0.0000","False","","","AMANA","WA406-AMANA","","Gasket Replacement (Bellows or Regular)","True","165.0000","False","True","False","False","False"
"34468","","","40202","False","False","False","0.0000","0.0000","False","","False","False","False","","False","","False","","","0.0000","0.0000","False","","","AMANA","WA407-AMANA","","Heating Element Replacement","True","165.0000","False","True","False","False","False"
"34469","","","40202","False","False","False","0.0000","0.0000","False","","False","False","False","","False","","False","","","0.0000","0.0000","False","","","AMANA","WA408-AMANA","","Hose(s) or Clamp(s) Replacement","True","55.0000","False","True","False","False","False"
"34470","","","40202","False","False","False","0.0000","0.0000","False","","False","False","False","","False","","False","","","0.0000","0.0000","False","","","AMANA","WA409-AMANA","","Inner/Outer Tub/Bearing Replacement -Front Load Washer","True","330.0000","False","True","False","False","False"
"34471","","","40202","False","False","False","0.0000","0.0000","False","","False","False","False","","False","","False","","","0.0000","0.0000","False","","","AMANA","WA410-AMANA","","Inner/Outer Tub/Bearing Replacement -Top Load Washer","True","275.0000","False","True","False","False","False"
"34472","","","40202","False","False","False","0.0000","0.0000","False","","False","False","False","","False","","False","","","0.0000","0.0000","False","","","AMANA","WA411-AMANA","","Interference Suppressor Replacement","True","55.0000","False","True","False","False","False"
"34473","","","40202","False","False","False","0.0000","0.0000","False","","False","False","False","","False","","False","","","0.0000","0.0000","False","","","AMANA","WA412-AMANA","","Light Bulb  Replacement","True","55.0000","False","True","False","False","False"
"34474","","","40202","False","False","False","0.0000","0.0000","False","","False","False","False","","False","","False","","","0.0000","0.0000","False","","","AMANA","WA413-AMANA","","Motor Coupling/Link Replacement","True","55.0000","False","True","False","False","False"
"34475","","","40202","False","False","False","0.0000","0.0000","False","","False","False","False","","False","","False","","","0.0000","0.0000","False","","","AMANA","WA414-AMANA","","Power Cord/Electrical Conduit Replacement","True","55.0000","False","True","False","False","False"
"34476","","","40202","False","False","False","0.0000","0.0000","False","","False","False","False","","False","","False","","","0.0000","0.0000","False","","","AMANA","WA415-AMANA","","Pump/Pump Motor Replacement","True","110.0000","False","True","False","False","False"
"34477","","","40202","False","False","False","0.0000","0.0000","False","","False","False","False","","False","","False","","","0.0000","0.0000","False","","","AMANA","WA416-AMANA","","Remove Debris From Pin Trap","True","55.0000","False","True","False","False","False"
"34478","","","40202","False","False","False","0.0000","0.0000","False","","False","False","False","","False","","False","","","0.0000","0.0000","False","","","AMANA","WA417-AMANA","","Replace Leveling Legs/Wheels- Built-in Under Counter or Stacked","True","110.0000","False","True","False","False","False"
"34479","","","40202","False","False","False","0.0000","0.0000","False","","False","False","False","","False","","False","","","0.0000","0.0000","False","","","AMANA","WA418-AMANA","","Replace Leveling Legs/Wheels- Freestanding (non built-in and not stacked)","True","55.0000","False","True","False","False","False"
"34480","","","40202","False","False","False","0.0000","0.0000","False","","False","False","False","","False","","False","","","0.0000","0.0000","False","","","AMANA","WA419-AMANA","","Suspension Component(s) Replacement","True","137.5000","False","True","False","False","False"
"34481","","","40202","False","False","False","0.0000","0.0000","False","","False","False","False","","False","","False","","","0.0000","0.0000","False","","","AMANA","WA420-AMANA","","Transmission/Clutch Assembly Replacement","True","275.0000","False","True","False","False","False"
"34482","","","40202","False","False","False","0.0000","0.0000","False","","False","False","False","","False","","False","","","0.0000","0.0000","False","","","AMANA","WA421-AMANA","","Water Valve Replacement","True","82.5000","False","True","False","False","False"
"34483","","","40202","False","False","False","0.0000","0.0000","False","","False","False","False","","False","","False","","","0.0000","0.0000","False","","","AMANA","WA422-AMANA","","WLAN WIFI Card Replacement","True","27.5000","False","True","False","False","False"
"34484","","","40202","False","False","False","0.0000","0.0000","False","","False","False","False","","False","","False","","","0.0000","0.0000","False","","","AMANA","WA600-AMANA","","Additional Component Replacement","True","55.0000","False","True","False","False","False"
"34485","","","40202","False","False","False","0.0000","0.0000","False","","False","False","False","","False","","False","","","0.0000","0.0000","False","","","AMANA","WA601-AMANA","","Address Noise Complaint","True","55.0000","False","True","False","False","False"
"34486","","","40202","False","False","False","0.0000","0.0000","False","","False","False","False","","False","","False","","","0.0000","0.0000","False","","","AMANA","WA602-AMANA","","Cabinet Component Repair - Major","True","330.0000","False","True","False","False","False"
"34487","","","40202","False","False","False","0.0000","0.0000","False","","False","False","False","","False","","False","","","0.0000","0.0000","False","","","AMANA","WA603-AMANA","","Cabinet Component Repair - Minor","True","110.0000","False","True","False","False","False"
"34488","","","40202","False","False","False","0.0000","0.0000","False","","False","False","False","","False","","False","","","0.0000","0.0000","False","","","AMANA","WA604-AMANA","","Component Replacement/Repair - Major","True","330.0000","False","True","False","False","False"
"34489","","","40202","False","False","False","0.0000","0.0000","False","","False","False","False","","False","","False","","","0.0000","0.0000","False","","","AMANA","WA605-AMANA","","Component Replacement/Repair - Minor","True","110.0000","False","True","False","False","False"
"34490","","","40202","False","False","False","0.0000","0.0000","False","","False","False","False","","False","","False","","","0.0000","0.0000","False","","","AMANA","WA606-AMANA","","Cosmetic Part Replacement - Major","True","82.5000","False","True","False","False","False"
"34491","","","40202","False","False","False","0.0000","0.0000","False","","False","False","False","","False","","False","","","0.0000","0.0000","False","","","AMANA","WA607-AMANA","","Cosmetic Part Replacement - Minor","True","27.5000","False","True","False","False","False"
"34492","","","40202","False","False","False","0.0000","0.0000","False","","False","False","False","","False","","False","","","0.0000","0.0000","False","","","AMANA","WA608-AMANA","","Difficult Access Fee","True","55.0000","False","True","False","False","False"
"34493","","","40202","False","False","False","0.0000","0.0000","False","","False","False","False","","False","","False","","","0.0000","0.0000","False","","","AMANA","WA609-AMANA","","Level Unit/Adjust Unit","True","55.0000","False","True","False","False","False"
"34494","","","40202","False","False","False","0.0000","0.0000","False","","False","False","False","","False","","False","","","0.0000","0.0000","False","","","AMANA","WA610-AMANA","","Problem Could Not Be Reproduced","True","55.0000","False","True","False","False","False"
"34495","","","40202","False","False","False","0.0000","0.0000","False","","False","False","False","","False","","False","","","0.0000","0.0000","False","","","AMANA","WA611-AMANA","","Repair Burnt Wire(s) or Loose Connection(s)","True","82.5000","False","True","False","False","False"
"34496","","","40202","False","False","False","0.0000","0.0000","False","","False","False","False","","False","","False","","","0.0000","0.0000","False","","","AMANA","WA612-AMANA","","Reset Home Circuit Breaker","True","27.5000","False","True","False","False","False"
"34497","","","40202","False","False","False","0.0000","0.0000","False","","False","False","False","","False","","False","","","0.0000","0.0000","False","","","AMANA","WA613-AMANA","","Stacked and/or Built-in Access Fee - Additional fee in order to obtain appropriate access to service unit.","True","38.5000","False","True","False","False","False"
"34498","","","40201","False","False","False","0.0000","0.0000","False","","False","False","False","","False","","False","","","0.0000","0.0000","False","","","AMANA","ZNADD-AMANA","","Additional Appliance","True","85.0000","False","True","False","False","False"
"34499","","","40202","False","False","False","0.0000","0.0000","False","","False","False","False","","False","","False","","","0.0000","0.0000","False","","","ASKO","DR401-ASKO","","Belt Replacement","True","156.2500","False","True","False","False","False"
"34500","","","40202","False","False","False","0.0000","0.0000","False","","False","False","False","","False","","False","","","0.0000","0.0000","False","","","ASKO","DR402-ASKO","","Blower Wheel Replacement","True","156.2500","False","True","False","False","False"
"34501","","","40202","False","False","False","0.0000","0.0000","False","","False","False","False","","False","","False","","","0.0000","0.0000","False","","","ASKO","DR403-ASKO","","Burner Tube Assembly","True","93.7500","False","True","False","False","False"
"34502","","","40202","False","False","False","0.0000","0.0000","False","","False","False","False","","False","","False","","","0.0000","0.0000","False","","","ASKO","DR404-ASKO","","Clear Lint/Debris From Venting","True","62.5000","False","True","False","False","False"
"34503","","","40202","False","False","False","0.0000","0.0000","False","","False","False","False","","False","","False","","","0.0000","0.0000","False","","","ASKO","DR405-ASKO","","Door Switch Replacement","True","93.7500","False","True","False","False","False"
"34504","","","40202","False","False","False","0.0000","0.0000","False","","False","False","False","","False","","False","","","0.0000","0.0000","False","","","ASKO","DR406-ASKO","","Drum Replacement","True","156.2500","False","True","False","False","False"
"34505","","","40202","False","False","False","0.0000","0.0000","False","","False","False","False","","False","","False","","","0.0000","0.0000","False","","","ASKO","DR407-ASKO","","Electronic Control/Timer/Pad Replacement","True","93.7500","False","True","False","False","False"
"34506","","","40202","False","False","False","0.0000","0.0000","False","","False","False","False","","False","","False","","","0.0000","0.0000","False","","","ASKO","DR408-ASKO","","Gas Valve Assembly Replacement","True","125.0000","False","True","False","False","False"
"34507","","","40202","False","False","False","0.0000","0.0000","False","","False","False","False","","False","","False","","","0.0000","0.0000","False","","","ASKO","DR409-ASKO","","Heating Element Replacement","True","93.7500","False","True","False","False","False"
"34508","","","40202","False","False","False","0.0000","0.0000","False","","False","False","False","","False","","False","","","0.0000","0.0000","False","","","ASKO","DR410-ASKO","","Hi-Limit/Thermal Fuse Replacement","True","62.5000","False","True","False","False","False"
"34509","","","40202","False","False","False","0.0000","0.0000","False","","False","False","False","","False","","False","","","0.0000","0.0000","False","","","ASKO","DR411-ASKO","","Igniter (HSI) Replacement","True","62.5000","False","True","False","False","False"
"34510","","","40202","False","False","False","0.0000","0.0000","False","","False","False","False","","False","","False","","","0.0000","0.0000","False","","","ASKO","DR412-ASKO","","Interference Suppressor Replacement","True","62.5000","False","True","False","False","False"
"34511","","","40202","False","False","False","0.0000","0.0000","False","","False","False","False","","False","","False","","","0.0000","0.0000","False","","","ASKO","DR413-ASKO","","Level Unit/Adjust Unit","True","31.2500","False","True","False","False","False"
"34512","","","40202","False","False","False","0.0000","0.0000","False","","False","False","False","","False","","False","","","0.0000","0.0000","False","","","ASKO","DR414-ASKO","","Light Bulb Replacement","True","31.2500","False","True","False","False","False"
"34513","","","40202","False","False","False","0.0000","0.0000","False","","False","False","False","","False","","False","","","0.0000","0.0000","False","","","ASKO","DR415-ASKO","","LP or Natural Gas Conversion","True","93.7500","False","True","False","False","False"
"34514","","","40202","False","False","False","0.0000","0.0000","False","","False","False","False","","False","","False","","","0.0000","0.0000","False","","","ASKO","DR416-ASKO","","Motor Replacement - Drum/Drive","True","187.5000","False","True","False","False","False"
"34515","","","40202","False","False","False","0.0000","0.0000","False","","False","False","False","","False","","False","","","0.0000","0.0000","False","","","ASKO","DR417-ASKO","","Power Cord/Electrical Conduit Replacement","True","62.5000","False","True","False","False","False"
"34516","","","40202","False","False","False","0.0000","0.0000","False","","False","False","False","","False","","False","","","0.0000","0.0000","False","","","ASKO","DR418-ASKO","","Terminal Block Replacement - Electrical Connection","True","93.7500","False","True","False","False","False"
"34517","","","40202","False","False","False","0.0000","0.0000","False","","False","False","False","","False","","False","","","0.0000","0.0000","False","","","ASKO","DR419-ASKO","","Thermostat Replacement","True","93.7500","False","True","False","False","False"
"34518","","","40202","False","False","False","0.0000","0.0000","False","","False","False","False","","False","","False","","","0.0000","0.0000","False","","","ASKO","DR420-ASKO","","Tub Roller/Idler Pulley/Belt Kit Replacement","True","156.2500","False","True","False","False","False"
"34519","","","40202","False","False","False","0.0000","0.0000","False","","False","False","False","","False","","False","","","0.0000","0.0000","False","","","ASKO","DR421-ASKO","","Vent Hose & Clamp(s) Replacement","True","62.5000","False","True","False","False","False"
"34520","","","40202","False","False","False","0.0000","0.0000","False","","False","False","False","","False","","False","","","0.0000","0.0000","False","","","ASKO","DR600-ASKO","","Additional Component Replacement","True","62.5000","False","True","False","False","False"
"34521","","","40202","False","False","False","0.0000","0.0000","False","","False","False","False","","False","","False","","","0.0000","0.0000","False","","","ASKO","DR601-ASKO","","Address Noise Complaint","True","62.5000","False","True","False","False","False"
"34522","","","40202","False","False","False","0.0000","0.0000","False","","False","False","False","","False","","False","","","0.0000","0.0000","False","","","ASKO","DR602-ASKO","","Cabinet Component Repair - Major","True","375.0000","False","True","False","False","False"
"34523","","","40202","False","False","False","0.0000","0.0000","False","","False","False","False","","False","","False","","","0.0000","0.0000","False","","","ASKO","DR603-ASKO","","Cabinet Component Repair - Minor","True","125.0000","False","True","False","False","False"
"34524","","","40202","False","False","False","0.0000","0.0000","False","","False","False","False","","False","","False","","","0.0000","0.0000","False","","","ASKO","DR604-ASKO","","Component Replacement/Repair - Major","True","375.0000","False","True","False","False","False"
"34525","","","40202","False","False","False","0.0000","0.0000","False","","False","False","False","","False","","False","","","0.0000","0.0000","False","","","ASKO","DR605-ASKO","","Component Replacement/Repair - Minor","True","125.0000","False","True","False","False","False"
"34526","","","40202","False","False","False","0.0000","0.0000","False","","False","False","False","","False","","False","","","0.0000","0.0000","False","","","ASKO","DR606-ASKO","","Cosmetic Part Replacement - Major","True","93.7500","False","True","False","False","False"
"34527","","","40202","False","False","False","0.0000","0.0000","False","","False","False","False","","False","","False","","","0.0000","0.0000","False","","","ASKO","DR607-ASKO","","Cosmetic Part Replacement - Minor","True","31.2500","False","True","False","False","False"
"34528","","","40202","False","False","False","0.0000","0.0000","False","","False","False","False","","False","","False","","","0.0000","0.0000","False","","","ASKO","DR608-ASKO","","Difficult Access Fee","True","62.5000","False","True","False","False","False"
"34529","","","40202","False","False","False","0.0000","0.0000","False","","False","False","False","","False","","False","","","0.0000","0.0000","False","","","ASKO","DR609-ASKO","","Level Unit/Adjust Unit","True","62.5000","False","True","False","False","False"
"34530","","","40202","False","False","False","0.0000","0.0000","False","","False","False","False","","False","","False","","","0.0000","0.0000","False","","","ASKO","DR610-ASKO","","Problem Could Not Be Reproduced","True","62.5000","False","True","False","False","False"
"34531","","","40202","False","False","False","0.0000","0.0000","False","","False","False","False","","False","","False","","","0.0000","0.0000","False","","","ASKO","DR611-ASKO","","Repair Burnt Wire(s) or Loose Connection(s)","True","93.7500","False","True","False","False","False"
"34532","","","40202","False","False","False","0.0000","0.0000","False","","False","False","False","","False","","False","","","0.0000","0.0000","False","","","ASKO","DR612-ASKO","","Reset Home Circuit Breaker","True","31.2500","False","True","False","False","False"
"34533","","","40202","False","False","False","0.0000","0.0000","False","","False","False","False","","False","","False","","","0.0000","0.0000","False","","","ASKO","DW400-ASKO","","Address Washability Concerns","True","31.2500","False","False","False","False","False"
"34534","","","40202","False","False","False","0.0000","0.0000","False","","False","False","False","","False","","False","","","0.0000","0.0000","False","","","ASKO","DW401-ASKO","","Address Water Leak (Tub-Door-Etc.)","True","93.7500","False","False","False","False","False"
"34535","","","40202","False","False","False","0.0000","0.0000","False","","False","False","False","","False","","False","","","0.0000","0.0000","False","","","ASKO","DW402-ASKO","","Debris Removal & Cleaning From Drain/Sink Connection","True","62.5000","False","False","False","False","False"
"34536","","","40202","False","False","False","0.0000","0.0000","False","","False","False","False","","False","","False","","","0.0000","0.0000","False","","","ASKO","DW403-ASKO","","Debris Removal from Sump/Impeller/Drain","True","62.5000","False","False","False","False","False"
"34537","","","40202","False","False","False","0.0000","0.0000","False","","False","False","False","","False","","False","","","0.0000","0.0000","False","","","ASKO","DW404-ASKO","","Detergent Cup Assembly Replacement","True","93.7500","False","False","False","False","False"
"34538","","","40202","False","False","False","0.0000","0.0000","False","","False","False","False","","False","","False","","","0.0000","0.0000","False","","","ASKO","DW405-ASKO","","Door Panel/Console Replacement (Outer)","True","62.5000","False","False","False","False","False"
"34539","","","40202","False","False","False","0.0000","0.0000","False","","False","False","False","","False","","False","","","0.0000","0.0000","False","","","ASKO","DW406-ASKO","","Door Replacement (Inner)","True","93.7500","False","False","False","False","False"
"34540","","","40202","False","False","False","0.0000","0.0000","False","","False","False","False","","False","","False","","","0.0000","0.0000","False","","","ASKO","DW407-ASKO","","Door Seal Replacement","True","62.5000","False","False","False","False","False"
"34541","","","40202","False","False","False","0.0000","0.0000","False","","False","False","False","","False","","False","","","0.0000","0.0000","False","","","ASKO","DW408-ASKO","","Door Spring Tension/Balance Adjustment (Front Accessible)","True","31.2500","False","False","False","False","False"
"34542","","","40202","False","False","False","0.0000","0.0000","False","","False","False","False","","False","","False","","","0.0000","0.0000","False","","","ASKO","DW409-ASKO","","Door Spring Tension/Balance Adjustment (Unit Removed For Access)","True","62.5000","False","False","False","False","False"
"34543","","","40202","False","False","False","0.0000","0.0000","False","","False","False","False","","False","","False","","","0.0000","0.0000","False","","","ASKO","DW410-ASKO","","Door Spring/Balance Kit Replacement","True","125.0000","False","False","False","False","False"
"34544","","","40202","False","False","False","0.0000","0.0000","False","","False","False","False","","False","","False","","","0.0000","0.0000","False","","","ASKO","DW411-ASKO","","Door Switch Replacement","True","93.7500","False","False","False","False","False"
"34545","","","40202","False","False","False","0.0000","0.0000","False","","False","False","False","","False","","False","","","0.0000","0.0000","False","","","ASKO","DW412-ASKO","","Drain Hose Replacement","True","125.0000","False","False","False","False","False"
"34546","","","40202","False","False","False","0.0000","0.0000","False","","False","False","False","","False","","False","","","0.0000","0.0000","False","","","ASKO","DW413-ASKO","","Drain Pump Replacement","True","187.5000","False","False","False","False","False"
"34547","","","40202","False","False","False","0.0000","0.0000","False","","False","False","False","","False","","False","","","0.0000","0.0000","False","","","ASKO","DW414-ASKO","","Drying Fan Motor/Blade Replacement","True","125.0000","False","False","False","False","False"
"34548","","","40202","False","False","False","0.0000","0.0000","False","","False","False","False","","False","","False","","","0.0000","0.0000","False","","","ASKO","DW415-ASKO","","Electrical Disconnect was Turned Off (Light Switch)","True","18.7500","False","False","False","False","False"
"34549","","","40202","False","False","False","0.0000","0.0000","False","","False","False","False","","False","","False","","","0.0000","0.0000","False","","","ASKO","DW416-ASKO","","Electronic Control/Timer/Pad Replacement","True","125.0000","False","False","False","False","False"
"34550","","","40202","False","False","False","0.0000","0.0000","False","","False","False","False","","False","","False","","","0.0000","0.0000","False","","","ASKO","DW417-ASKO","","Float Switch Replacement","True","93.7500","False","False","False","False","False"
"34551","","","40202","False","False","False","0.0000","0.0000","False","","False","False","False","","False","","False","","","0.0000","0.0000","False","","","ASKO","DW418-ASKO","","Flow Meter Replacement","True","125.0000","False","False","False","False","False"
"34552","","","40202","False","False","False","0.0000","0.0000","False","","False","False","False","","False","","False","","","0.0000","0.0000","False","","","ASKO","DW419-ASKO","","Heating Element Replacement","True","125.0000","False","False","False","False","False"
"34553","","","40202","False","False","False","0.0000","0.0000","False","","False","False","False","","False","","False","","","0.0000","0.0000","False","","","ASKO","DW420-ASKO","","Interference Suppressor Replacement","True","62.5000","False","False","False","False","False"
"34554","","","40202","False","False","False","0.0000","0.0000","False","","False","False","False","","False","","False","","","0.0000","0.0000","False","","","ASKO","DW421-ASKO","","Light Bulb Replacement (Front Access)","True","31.2500","False","False","False","False","False"
"34555","","","40202","False","False","False","0.0000","0.0000","False","","False","False","False","","False","","False","","","0.0000","0.0000","False","","","ASKO","DW422-ASKO","","Light Bulb Replacement (Rear Access - Unit De-installation, Re-install)","True","125.0000","False","False","False","False","False"
"34556","","","40202","False","False","False","0.0000","0.0000","False","","False","False","False","","False","","False","","","0.0000","0.0000","False","","","ASKO","DW423-ASKO","","No Water at Supply","True","31.2500","False","False","False","False","False"
"34557","","","40202","False","False","False","0.0000","0.0000","False","","False","False","False","","False","","False","","","0.0000","0.0000","False","","","ASKO","DW424-ASKO","","Power Cord/Electrical Conduit Replacement","True","62.5000","False","False","False","False","False"
"34558","","","40202","False","False","False","0.0000","0.0000","False","","False","False","False","","False","","False","","","0.0000","0.0000","False","","","ASKO","DW425-ASKO","","Pressure Switch Replacement","True","125.0000","False","False","False","False","False"
"34559","","","40202","False","False","False","0.0000","0.0000","False","","False","False","False","","False","","False","","","0.0000","0.0000","False","","","ASKO","DW426-ASKO","","Pump and/or Motor Assembly Replacement","True","250.0000","False","False","False","False","False"
"34560","","","40202","False","False","False","0.0000","0.0000","False","","False","False","False","","False","","False","","","0.0000","0.0000","False","","","ASKO","DW427-ASKO","","Rack or Rack Component Replacement","True","62.5000","False","False","False","False","False"
"34561","","","40202","False","False","False","0.0000","0.0000","False","","False","False","False","","False","","False","","","0.0000","0.0000","False","","","ASKO","DW428-ASKO","","Reinstallation of Unit","True","93.7500","False","False","False","False","False"
"34562","","","40202","False","False","False","0.0000","0.0000","False","","False","False","False","","False","","False","","","0.0000","0.0000","False","","","ASKO","DW429-ASKO","","Salt Reservoir Replacement","True","250.0000","False","False","False","False","False"
"34563","","","40202","False","False","False","0.0000","0.0000","False","","False","False","False","","False","","False","","","0.0000","0.0000","False","","","ASKO","DW430-ASKO","","Tub/Tank Replacement","True","375.0000","False","False","False","False","False"
"34564","","","40202","False","False","False","0.0000","0.0000","False","","False","False","False","","False","","False","","","0.0000","0.0000","False","","","ASKO","DW431-ASKO","","Turbidity Sensor Replacement","True","125.0000","False","False","False","False","False"
"34565","","","40202","False","False","False","0.0000","0.0000","False","","False","False","False","","False","","False","","","0.0000","0.0000","False","","","ASKO","DW432-ASKO","","Wash Arm/Water Feed Tube Clean/Replace","True","62.5000","False","False","False","False","False"
"34566","","","40202","False","False","False","0.0000","0.0000","False","","False","False","False","","False","","False","","","0.0000","0.0000","False","","","ASKO","DW433-ASKO","","Water Intake Assembly Replacement","True","250.0000","False","False","False","False","False"
"34567","","","40202","False","False","False","0.0000","0.0000","False","","False","False","False","","False","","False","","","0.0000","0.0000","False","","","ASKO","DW434-ASKO","","Water Supply Line Replacement","True","62.5000","False","False","False","False","False"
"34568","","","40202","False","False","False","0.0000","0.0000","False","","False","False","False","","False","","False","","","0.0000","0.0000","False","","","ASKO","DW435-ASKO","","Water Valve Replacement","True","93.7500","False","False","False","False","False"
"34569","","","40202","False","False","False","0.0000","0.0000","False","","False","False","False","","False","","False","","","0.0000","0.0000","False","","","ASKO","DW436-ASKO","","WLAN WIFI Card Replacement","True","125.0000","False","False","False","False","False"
"34570","","","40202","False","False","False","0.0000","0.0000","False","","False","False","False","","False","","False","","","0.0000","0.0000","False","","","ASKO","DW600-ASKO","","Additional Component Replacement","True","62.5000","False","False","False","False","False"
"34571","","","40202","False","False","False","0.0000","0.0000","False","","False","False","False","","False","","False","","","0.0000","0.0000","False","","","ASKO","DW601-ASKO","","Address Noise Complaint","True","62.5000","False","False","False","False","False"
"34572","","","40202","False","False","False","0.0000","0.0000","False","","False","False","False","","False","","False","","","0.0000","0.0000","False","","","ASKO","DW602-ASKO","","Cabinet Component Repair - Major","True","375.0000","False","False","False","False","False"
"34573","","","40202","False","False","False","0.0000","0.0000","False","","False","False","False","","False","","False","","","0.0000","0.0000","False","","","ASKO","DW603-ASKO","","Cabinet Component Repair - Minor","True","125.0000","False","False","False","False","False"
"34574","","","40202","False","False","False","0.0000","0.0000","False","","False","False","False","","False","","False","","","0.0000","0.0000","False","","","ASKO","DW604-ASKO","","Component Replacement/Repair - Major","True","375.0000","False","False","False","False","False"
"34575","","","40202","False","False","False","0.0000","0.0000","False","","False","False","False","","False","","False","","","0.0000","0.0000","False","","","ASKO","DW605-ASKO","","Component Replacement/Repair - Minor","True","125.0000","False","False","False","False","False"
"34576","","","40202","False","False","False","0.0000","0.0000","False","","False","False","False","","False","","False","","","0.0000","0.0000","False","","","ASKO","DW606-ASKO","","Cosmetic Part Replacement - Major","True","93.7500","False","False","False","False","False"
"34577","","","40202","False","False","False","0.0000","0.0000","False","","False","False","False","","False","","False","","","0.0000","0.0000","False","","","ASKO","DW607-ASKO","","Cosmetic Part Replacement - Minor","True","31.2500","False","False","False","False","False"
"34578","","","40202","False","False","False","0.0000","0.0000","False","","False","False","False","","False","","False","","","0.0000","0.0000","False","","","ASKO","DW608-ASKO","","Difficult Access Fee","True","62.5000","False","False","False","False","False"
"34579","","","40202","False","False","False","0.0000","0.0000","False","","False","False","False","","False","","False","","","0.0000","0.0000","False","","","ASKO","DW609-ASKO","","Level Unit/Adjust Unit","True","62.5000","False","False","False","False","False"
"34580","","","40202","False","False","False","0.0000","0.0000","False","","False","False","False","","False","","False","","","0.0000","0.0000","False","","","ASKO","DW610-ASKO","","Problem Could Not Be Reproduced","True","62.5000","False","False","False","False","False"
"34581","","","40202","False","False","False","0.0000","0.0000","False","","False","False","False","","False","","False","","","0.0000","0.0000","False","","","ASKO","DW611-ASKO","","Repair Burnt Wire(s) or Loose Connection(s)","True","93.7500","False","False","False","False","False"
"34582","","","40202","False","False","False","0.0000","0.0000","False","","False","False","False","","False","","False","","","0.0000","0.0000","False","","","ASKO","DW612-ASKO","","Reset Home Circuit Breaker","True","31.2500","False","False","False","False","False"
"34583","","","40202","False","False","False","0.0000","0.0000","False","","False","False","False","","False","","False","","","0.0000","0.0000","False","","","ASKO","L1-ASKO","","Additional One Tech/Installer Labor","True","62.5000","False","True","False","False","False"
"34584","","","40202","False","False","False","0.0000","0.0000","False","","False","False","False","","False","","False","","","0.0000","0.0000","False","","","ASKO","L2-ASKO","","Additional Two Tech/Installer Labor","True","93.7500","False","True","False","False","False"
"34585","","","40202","False","False","False","0.0000","0.0000","False","","False","False","False","","False","","False","","","0.0000","0.0000","False","","","ASKO","L3-ASKO","","Additional Three Tech/Installer Labor","True","125.0000","False","True","False","False","False"
"34586","","","40202","False","False","False","0.0000","0.0000","False","","False","False","False","","False","","False","","","0.0000","0.0000","False","","","ASKO","MS1-ASKO","","Miscellaneous Labor","True","31.2500","False","True","False","False","False"
"34587","","","40202","False","False","False","0.0000","0.0000","False","","False","False","False","","False","","False","","","0.0000","0.0000","False","","","ASKO","WA400-ASKO","","Belt(s) Replacement","True","93.7500","False","True","False","False","False"
"34588","","","40202","False","False","False","0.0000","0.0000","False","","False","False","False","","False","","False","","","0.0000","0.0000","False","","","ASKO","WA401-ASKO","","Detergent Dispenser Replacement","True","93.7500","False","True","False","False","False"
"34589","","","40202","False","False","False","0.0000","0.0000","False","","False","False","False","","False","","False","","","0.0000","0.0000","False","","","ASKO","WA402-ASKO","","Door Assembly Replacement","True","125.0000","False","True","False","False","False"
"34590","","","40202","False","False","False","0.0000","0.0000","False","","False","False","False","","False","","False","","","0.0000","0.0000","False","","","ASKO","WA403-ASKO","","Door/Lid Switch Assembly Replacement","True","62.5000","False","True","False","False","False"
"34591","","","40202","False","False","False","0.0000","0.0000","False","","False","False","False","","False","","False","","","0.0000","0.0000","False","","","ASKO","WA404-ASKO","","Drive Motor Replacement","True","156.2500","False","True","False","False","False"
"34592","","","40202","False","False","False","0.0000","0.0000","False","","False","False","False","","False","","False","","","0.0000","0.0000","False","","","ASKO","WA405-ASKO","","Electronic Control/Timer/Pad Replacement","True","125.0000","False","True","False","False","False"
"34593","","","40202","False","False","False","0.0000","0.0000","False","","False","False","False","","False","","False","","","0.0000","0.0000","False","","","ASKO","WA406-ASKO","","Gasket Replacement (Bellows or Regular)","True","187.5000","False","True","False","False","False"
"34594","","","40202","False","False","False","0.0000","0.0000","False","","False","False","False","","False","","False","","","0.0000","0.0000","False","","","ASKO","WA407-ASKO","","Heating Element Replacement","True","187.5000","False","True","False","False","False"
"34595","","","40202","False","False","False","0.0000","0.0000","False","","False","False","False","","False","","False","","","0.0000","0.0000","False","","","ASKO","WA408-ASKO","","Hose(s) or Clamp(s) Replacement","True","62.5000","False","True","False","False","False"
"34596","","","40202","False","False","False","0.0000","0.0000","False","","False","False","False","","False","","False","","","0.0000","0.0000","False","","","ASKO","WA409-ASKO","","Inner/Outer Tub/Bearing Replacement -Front Load Washer","True","375.0000","False","True","False","False","False"
"34597","","","40202","False","False","False","0.0000","0.0000","False","","False","False","False","","False","","False","","","0.0000","0.0000","False","","","ASKO","WA410-ASKO","","Inner/Outer Tub/Bearing Replacement -Top Load Washer","True","312.5000","False","True","False","False","False"
"34598","","","40202","False","False","False","0.0000","0.0000","False","","False","False","False","","False","","False","","","0.0000","0.0000","False","","","ASKO","WA411-ASKO","","Interference Suppressor Replacement","True","62.5000","False","True","False","False","False"
"34599","","","40202","False","False","False","0.0000","0.0000","False","","False","False","False","","False","","False","","","0.0000","0.0000","False","","","ASKO","WA412-ASKO","","Light Bulb  Replacement","True","62.5000","False","True","False","False","False"
"34600","","","40202","False","False","False","0.0000","0.0000","False","","False","False","False","","False","","False","","","0.0000","0.0000","False","","","ASKO","WA413-ASKO","","Motor Coupling/Link Replacement","True","62.5000","False","True","False","False","False"
"34601","","","40202","False","False","False","0.0000","0.0000","False","","False","False","False","","False","","False","","","0.0000","0.0000","False","","","ASKO","WA414-ASKO","","Power Cord/Electrical Conduit Replacement","True","62.5000","False","True","False","False","False"
"34602","","","40202","False","False","False","0.0000","0.0000","False","","False","False","False","","False","","False","","","0.0000","0.0000","False","","","ASKO","WA415-ASKO","","Pump/Pump Motor Replacement","True","125.0000","False","True","False","False","False"
"34603","","","40202","False","False","False","0.0000","0.0000","False","","False","False","False","","False","","False","","","0.0000","0.0000","False","","","ASKO","WA416-ASKO","","Remove Debris From Pin Trap","True","62.5000","False","True","False","False","False"
"34604","","","40202","False","False","False","0.0000","0.0000","False","","False","False","False","","False","","False","","","0.0000","0.0000","False","","","ASKO","WA417-ASKO","","Replace Leveling Legs/Wheels- Built-in Under Counter or Stacked","True","125.0000","False","True","False","False","False"
"34605","","","40202","False","False","False","0.0000","0.0000","False","","False","False","False","","False","","False","","","0.0000","0.0000","False","","","ASKO","WA418-ASKO","","Replace Leveling Legs/Wheels- Freestanding (non built-in and not stacked)","True","62.5000","False","True","False","False","False"
"34606","","","40202","False","False","False","0.0000","0.0000","False","","False","False","False","","False","","False","","","0.0000","0.0000","False","","","ASKO","WA419-ASKO","","Suspension Component(s) Replacement","True","156.2500","False","True","False","False","False"
"34607","","","40202","False","False","False","0.0000","0.0000","False","","False","False","False","","False","","False","","","0.0000","0.0000","False","","","ASKO","WA420-ASKO","","Transmission/Clutch Assembly Replacement","True","312.5000","False","True","False","False","False"
"34608","","","40202","False","False","False","0.0000","0.0000","False","","False","False","False","","False","","False","","","0.0000","0.0000","False","","","ASKO","WA421-ASKO","","Water Valve Replacement","True","93.7500","False","True","False","False","False"
"34609","","","40202","False","False","False","0.0000","0.0000","False","","False","False","False","","False","","False","","","0.0000","0.0000","False","","","ASKO","WA422-ASKO","","WLAN WIFI Card Replacement","True","31.2500","False","True","False","False","False"
"34610","","","40202","False","False","False","0.0000","0.0000","False","","False","False","False","","False","","False","","","0.0000","0.0000","False","","","ASKO","WA600-ASKO","","Additional Component Replacement","True","62.5000","False","True","False","False","False"
"34611","","","40202","False","False","False","0.0000","0.0000","False","","False","False","False","","False","","False","","","0.0000","0.0000","False","","","ASKO","WA601-ASKO","","Address Noise Complaint","True","62.5000","False","True","False","False","False"
"34612","","","40202","False","False","False","0.0000","0.0000","False","","False","False","False","","False","","False","","","0.0000","0.0000","False","","","ASKO","WA602-ASKO","","Cabinet Component Repair - Major","True","375.0000","False","True","False","False","False"
"34613","","","40202","False","False","False","0.0000","0.0000","False","","False","False","False","","False","","False","","","0.0000","0.0000","False","","","ASKO","WA603-ASKO","","Cabinet Component Repair - Minor","True","125.0000","False","True","False","False","False"
"34614","","","40202","False","False","False","0.0000","0.0000","False","","False","False","False","","False","","False","","","0.0000","0.0000","False","","","ASKO","WA604-ASKO","","Component Replacement/Repair - Major","True","375.0000","False","True","False","False","False"
"34615","","","40202","False","False","False","0.0000","0.0000","False","","False","False","False","","False","","False","","","0.0000","0.0000","False","","","ASKO","WA605-ASKO","","Component Replacement/Repair - Minor","True","125.0000","False","True","False","False","False"
"34616","","","40202","False","False","False","0.0000","0.0000","False","","False","False","False","","False","","False","","","0.0000","0.0000","False","","","ASKO","WA606-ASKO","","Cosmetic Part Replacement - Major","True","93.7500","False","True","False","False","False"
"34617","","","40202","False","False","False","0.0000","0.0000","False","","False","False","False","","False","","False","","","0.0000","0.0000","False","","","ASKO","WA607-ASKO","","Cosmetic Part Replacement - Minor","True","31.2500","False","True","False","False","False"
"34618","","","40202","False","False","False","0.0000","0.0000","False","","False","False","False","","False","","False","","","0.0000","0.0000","False","","","ASKO","WA608-ASKO","","Difficult Access Fee","True","62.5000","False","True","False","False","False"
"34619","","","40202","False","False","False","0.0000","0.0000","False","","False","False","False","","False","","False","","","0.0000","0.0000","False","","","ASKO","WA609-ASKO","","Level Unit/Adjust Unit","True","62.5000","False","True","False","False","False"
"34620","","","40202","False","False","False","0.0000","0.0000","False","","False","False","False","","False","","False","","","0.0000","0.0000","False","","","ASKO","WA610-ASKO","","Problem Could Not Be Reproduced","True","62.5000","False","True","False","False","False"
"34621","","","40202","False","False","False","0.0000","0.0000","False","","False","False","False","","False","","False","","","0.0000","0.0000","False","","","ASKO","WA611-ASKO","","Repair Burnt Wire(s) or Loose Connection(s)","True","93.7500","False","True","False","False","False"
"34622","","","40202","False","False","False","0.0000","0.0000","False","","False","False","False","","False","","False","","","0.0000","0.0000","False","","","ASKO","WA612-ASKO","","Reset Home Circuit Breaker","True","31.2500","False","True","False","False","False"
"34623","","","40202","False","False","False","0.0000","0.0000","False","","False","False","False","","False","","False","","","0.0000","0.0000","False","","","ASKO","WA613-ASKO","","Stacked and/or Built-in Access Fee - Additional fee in order to obtain appropriate access to service unit.","True","43.7500","False","True","False","False","False"
"34624","","","40201","False","False","False","0.0000","0.0000","False","","False","False","False","","False","","False","","","0.0000","0.0000","False","","","ASKO","ZNADD-ASKO","","Additional Appliance","True","85.0000","False","True","False","False","False"
"34625","","","40202","False","False","False","0.0000","0.0000","False","","False","False","False","","False","","False","","","0.0000","0.0000","False","","","BEST","L1-BEST","","Additional One Tech/Installer Labor","True","62.5000","False","False","False","False","False"
"34626","","","40202","False","False","False","0.0000","0.0000","False","","False","False","False","","False","","False","","","0.0000","0.0000","False","","","BEST","L2-BEST","","Additional Two Tech/Installer Labor","True","93.7500","False","False","False","False","False"
"34627","","","40202","False","False","False","0.0000","0.0000","False","","False","False","False","","False","","False","","","0.0000","0.0000","False","","","BEST","L3-BEST","","Additional Three Tech/Installer Labor","True","125.0000","False","False","False","False","False"
"34628","","","40202","False","False","False","0.0000","0.0000","False","","False","False","False","","False","","False","","","0.0000","0.0000","False","","","BEST","MS1-BEST","","Miscellaneous Labor","True","31.2500","False","False","False","False","False"
"34629","","","40202","False","False","False","0.0000","0.0000","False","","False","False","False","","False","","False","","","0.0000","0.0000","False","","","BEST","VH400-BEST","","Blower Motor Replacement (Pro Hood)","True","156.2500","False","False","False","False","False"
"34630","","","40202","False","False","False","0.0000","0.0000","False","","False","False","False","","False","","False","","","0.0000","0.0000","False","","","BEST","VH401-BEST","","Blower Motor Replacement (Standard Hood)","True","62.5000","False","False","False","False","False"
"34631","","","40202","False","False","False","0.0000","0.0000","False","","False","False","False","","False","","False","","","0.0000","0.0000","False","","","BEST","VH402-BEST","","Correct Electrical Wiring at Hood Connection","True","93.7500","False","False","False","False","False"
"34632","","","40202","False","False","False","0.0000","0.0000","False","","False","False","False","","False","","False","","","0.0000","0.0000","False","","","BEST","VH403-BEST","","Correct Electrical Wiring at Remote/Inline Blower Connection","True","125.0000","False","False","False","False","False"
"34633","","","40202","False","False","False","0.0000","0.0000","False","","False","False","False","","False","","False","","","0.0000","0.0000","False","","","BEST","VH404-BEST","","Duct Connection Repair/Seal","True","62.5000","False","False","False","False","False"
"34634","","","40202","False","False","False","0.0000","0.0000","False","","False","False","False","","False","","False","","","0.0000","0.0000","False","","","BEST","VH405-BEST","","Electronic Control Replacement","True","93.7500","False","False","False","False","False"
"34635","","","40202","False","False","False","0.0000","0.0000","False","","False","False","False","","False","","False","","","0.0000","0.0000","False","","","BEST","VH406-BEST","","Filter Cleaning - Baffle/Mesh (Pro Hood)","True","62.5000","False","False","False","False","False"
"34636","","","40202","False","False","False","0.0000","0.0000","False","","False","False","False","","False","","False","","","0.0000","0.0000","False","","","BEST","VH407-BEST","","Filter Cleaning - Baffle/Mesh (Standard Hood)","True","43.7500","False","False","False","False","False"
"34637","","","40202","False","False","False","0.0000","0.0000","False","","False","False","False","","False","","False","","","0.0000","0.0000","False","","","BEST","VH408-BEST","","Filter Replacement - Baffle/Mesh","True","43.7500","False","False","False","False","False"
"34638","","","40202","False","False","False","0.0000","0.0000","False","","False","False","False","","False","","False","","","0.0000","0.0000","False","","","BEST","VH409-BEST","","Light Bulb Receptacle Replacement (Pro Hood)","True","62.5000","False","False","False","False","False"
"34639","","","40202","False","False","False","0.0000","0.0000","False","","False","False","False","","False","","False","","","0.0000","0.0000","False","","","BEST","VH410-BEST","","Light Bulb Receptacle Replacement (Standard Hood)","True","62.5000","False","False","False","False","False"
"34640","","","40202","False","False","False","0.0000","0.0000","False","","False","False","False","","False","","False","","","0.0000","0.0000","False","","","BEST","VH411-BEST","","Light Bulb Replacement","True","31.2500","False","False","False","False","False"
"34641","","","40202","False","False","False","0.0000","0.0000","False","","False","False","False","","False","","False","","","0.0000","0.0000","False","","","BEST","VH412-BEST","","Power Cord/Electrical Conduit Replacement","True","62.5000","False","False","False","False","False"
"34642","","","40202","False","False","False","0.0000","0.0000","False","","False","False","False","","False","","False","","","0.0000","0.0000","False","","","BEST","VH413-BEST","","Switch Replacement - Light/Fan","True","93.7500","False","False","False","False","False"
"34643","","","40202","False","False","False","0.0000","0.0000","False","","False","False","False","","False","","False","","","0.0000","0.0000","False","","","BEST","VH600-BEST","","Additional Component Replacement","True","62.5000","False","False","False","False","False"
"34644","","","40202","False","False","False","0.0000","0.0000","False","","False","False","False","","False","","False","","","0.0000","0.0000","False","","","BEST","VH601-BEST","","Address Noise Complaint","True","62.5000","False","False","False","False","False"
"34645","","","40202","False","False","False","0.0000","0.0000","False","","False","False","False","","False","","False","","","0.0000","0.0000","False","","","BEST","VH602-BEST","","Cabinet Component Repair - Major","True","375.0000","False","False","False","False","False"
"34646","","","40202","False","False","False","0.0000","0.0000","False","","False","False","False","","False","","False","","","0.0000","0.0000","False","","","BEST","VH603-BEST","","Cabinet Component Repair - Minor","True","125.0000","False","False","False","False","False"
"34647","","","40202","False","False","False","0.0000","0.0000","False","","False","False","False","","False","","False","","","0.0000","0.0000","False","","","BEST","VH604-BEST","","Component Replacement/Repair - Major","True","375.0000","False","False","False","False","False"
"34648","","","40202","False","False","False","0.0000","0.0000","False","","False","False","False","","False","","False","","","0.0000","0.0000","False","","","BEST","VH605-BEST","","Component Replacement/Repair - Minor","True","125.0000","False","False","False","False","False"
"34649","","","40202","False","False","False","0.0000","0.0000","False","","False","False","False","","False","","False","","","0.0000","0.0000","False","","","BEST","VH606-BEST","","Cosmetic Part Replacement - Major","True","93.7500","False","False","False","False","False"
"34650","","","40202","False","False","False","0.0000","0.0000","False","","False","False","False","","False","","False","","","0.0000","0.0000","False","","","BEST","VH607-BEST","","Cosmetic Part Replacement - Minor","True","31.2500","False","False","False","False","False"
"34651","","","40202","False","False","False","0.0000","0.0000","False","","False","False","False","","False","","False","","","0.0000","0.0000","False","","","BEST","VH608-BEST","","Difficult Access Fee","True","62.5000","False","False","False","False","False"
"34652","","","40202","False","False","False","0.0000","0.0000","False","","False","False","False","","False","","False","","","0.0000","0.0000","False","","","BEST","VH609-BEST","","Level Unit/Adjust Unit","True","62.5000","False","False","False","False","False"
"34653","","","40202","False","False","False","0.0000","0.0000","False","","False","False","False","","False","","False","","","0.0000","0.0000","False","","","BEST","VH610-BEST","","Problem Could Not Be Reproduced","True","62.5000","False","False","False","False","False"
"34654","","","40202","False","False","False","0.0000","0.0000","False","","False","False","False","","False","","False","","","0.0000","0.0000","False","","","BEST","VH611-BEST","","Repair Burnt Wire(s) or Loose Connection(s)","True","93.7500","False","False","False","False","False"
"34655","","","40202","False","False","False","0.0000","0.0000","False","","False","False","False","","False","","False","","","0.0000","0.0000","False","","","BEST","VH612-BEST","","Reset Home Circuit Breaker","True","31.2500","False","False","False","False","False"
"34656","","","40201","False","False","False","0.0000","0.0000","False","","False","False","False","","False","","False","","","0.0000","0.0000","False","","","BEST","ZNADD-BEST","","Additional Appliance","True","85.0000","False","True","False","False","False"
"34657","","","40202","False","False","False","0.0000","0.0000","False","","False","False","False","","False","","False","","","0.0000","0.0000","False","","","BLUE","CE400-BLUE","","Bake Element Replacement - Hidden (Double Oven) - Typically Two Technicians","True","312.5000","False","False","False","False","False"
"34658","","","40202","False","False","False","0.0000","0.0000","False","","False","False","False","","False","","False","","","0.0000","0.0000","False","","","BLUE","CE401-BLUE","","Bake Element Replacement - Hidden (Single Oven)","True","250.0000","False","False","False","False","False"
"34659","","","40202","False","False","False","0.0000","0.0000","False","","False","False","False","","False","","False","","","0.0000","0.0000","False","","","BLUE","CE402-BLUE","","Bake Element Replacement (Exposed)","True","125.0000","False","False","False","False","False"
"34660","","","40202","False","False","False","0.0000","0.0000","False","","False","False","False","","False","","False","","","0.0000","0.0000","False","","","BLUE","CE403-BLUE","","Broil Element Replacement (Concealed)","True","187.5000","False","False","False","False","False"
"34661","","","40202","False","False","False","0.0000","0.0000","False","","False","False","False","","False","","False","","","0.0000","0.0000","False","","","BLUE","CE404-BLUE","","Broil Element Replacement (Exposed)","True","125.0000","False","False","False","False","False"
"34662","","","40202","False","False","False","0.0000","0.0000","False","","False","False","False","","False","","False","","","0.0000","0.0000","False","","","BLUE","CE405-BLUE","","Calibrate Oven Temperature Calibration","True","93.7500","False","False","False","False","False"
"34663","","","40202","False","False","False","0.0000","0.0000","False","","False","False","False","","False","","False","","","0.0000","0.0000","False","","","BLUE","CE406-BLUE","","Ceran Glass Cooktop Replacement","True","187.5000","False","False","False","False","False"
"34664","","","40202","False","False","False","0.0000","0.0000","False","","False","False","False","","False","","False","","","0.0000","0.0000","False","","","BLUE","CE407-BLUE","","Coil Element Burner Receptacle Replacement","True","62.5000","False","False","False","False","False"
"34665","","","40202","False","False","False","0.0000","0.0000","False","","False","False","False","","False","","False","","","0.0000","0.0000","False","","","BLUE","CE408-BLUE","","Convect Element Replacement - Double Oven (Requires Oven Removal) - Two Technicians","True","312.5000","False","False","False","False","False"
"34666","","","40202","False","False","False","0.0000","0.0000","False","","False","False","False","","False","","False","","","0.0000","0.0000","False","","","BLUE","CE409-BLUE","","Convect Element Replacement - Single Oven (Requires Oven Removal)","True","250.0000","False","False","False","False","False"
"34667","","","40202","False","False","False","0.0000","0.0000","False","","False","False","False","","False","","False","","","0.0000","0.0000","False","","","BLUE","CE410-BLUE","","Convect Element Replacement (Front Service)","True","125.0000","False","False","False","False","False"
"34668","","","40202","False","False","False","0.0000","0.0000","False","","False","False","False","","False","","False","","","0.0000","0.0000","False","","","BLUE","CE411-BLUE","","Convection Fan Motor/Blade Replacement","True","187.5000","False","False","False","False","False"
"34669","","","40202","False","False","False","0.0000","0.0000","False","","False","False","False","","False","","False","","","0.0000","0.0000","False","","","BLUE","CE412-BLUE","","Cooling Fan Motor/Blade Replacement","True","187.5000","False","False","False","False","False"
"34670","","","40202","False","False","False","0.0000","0.0000","False","","False","False","False","","False","","False","","","0.0000","0.0000","False","","","BLUE","CE413-BLUE","","Door Component Replacement - Oven Glass-Liner-Handle-etc","True","93.7500","False","False","False","False","False"
"34671","","","40202","False","False","False","0.0000","0.0000","False","","False","False","False","","False","","False","","","0.0000","0.0000","False","","","BLUE","CE414-BLUE","","Door Hinge Assembly Replacement","True","125.0000","False","False","False","False","False"
"34672","","","40202","False","False","False","0.0000","0.0000","False","","False","False","False","","False","","False","","","0.0000","0.0000","False","","","BLUE","CE415-BLUE","","Door Hinge Receiver Replacement (Double Wall Oven) - Typically Two Technicians","True","250.0000","False","False","False","False","False"
"34673","","","40202","False","False","False","0.0000","0.0000","False","","False","False","False","","False","","False","","","0.0000","0.0000","False","","","BLUE","CE416-BLUE","","Door Hinge Receiver Replacement (Pro Range)","True","250.0000","False","False","False","False","False"
"34674","","","40202","False","False","False","0.0000","0.0000","False","","False","False","False","","False","","False","","","0.0000","0.0000","False","","","BLUE","CE417-BLUE","","Door Hinge Receiver Replacement (Single Wall Oven)","True","156.2500","False","False","False","False","False"
"34675","","","40202","False","False","False","0.0000","0.0000","False","","False","False","False","","False","","False","","","0.0000","0.0000","False","","","BLUE","CE418-BLUE","","Door Hinge Receiver Replacement (Standard Freestanding Range)","True","125.0000","False","False","False","False","False"
"34676","","","40202","False","False","False","0.0000","0.0000","False","","False","False","False","","False","","False","","","0.0000","0.0000","False","","","BLUE","CE419-BLUE","","Door Lock/Latch Assembly Replacement","True","125.0000","False","False","False","False","False"
"34677","","","40202","False","False","False","0.0000","0.0000","False","","False","False","False","","False","","False","","","0.0000","0.0000","False","","","BLUE","CE420-BLUE","","Door/Window Cleaning Double Oven","True","125.0000","False","False","False","False","False"
"34678","","","40202","False","False","False","0.0000","0.0000","False","","False","False","False","","False","","False","","","0.0000","0.0000","False","","","BLUE","CE421-BLUE","","Door/Window Cleaning Single Oven","True","93.7500","False","False","False","False","False"
"34679","","","40202","False","False","False","0.0000","0.0000","False","","False","False","False","","False","","False","","","0.0000","0.0000","False","","","BLUE","CE422-BLUE","","Drip Bowl Replacement - Coil Element","True","25.0000","False","False","False","False","False"
"34680","","","40202","False","False","False","0.0000","0.0000","False","","False","False","False","","False","","False","","","0.0000","0.0000","False","","","BLUE","CE423-BLUE","","Electronic Control/Module Replacement","True","125.0000","False","False","False","False","False"
"34681","","","40202","False","False","False","0.0000","0.0000","False","","False","False","False","","False","","False","","","0.0000","0.0000","False","","","BLUE","CE424-BLUE","","Griddle/Grill Component Replacement","True","62.5000","False","False","False","False","False"
"34682","","","40202","False","False","False","0.0000","0.0000","False","","False","False","False","","False","","False","","","0.0000","0.0000","False","","","BLUE","CE425-BLUE","","Grill/Griddle Thermostat Replacement","True","125.0000","False","False","False","False","False"
"34683","","","40202","False","False","False","0.0000","0.0000","False","","False","False","False","","False","","False","","","0.0000","0.0000","False","","","BLUE","CE426-BLUE","","Hi-Limit Thermal Cutout Replacement (Front Service)","True","93.7500","False","False","False","False","False"
"34684","","","40202","False","False","False","0.0000","0.0000","False","","False","False","False","","False","","False","","","0.0000","0.0000","False","","","BLUE","CE427-BLUE","","Hi-Limit Thermal Cutout Replacement (Rear Service)","True","125.0000","False","False","False","False","False"
"34685","","","40202","False","False","False","0.0000","0.0000","False","","False","False","False","","False","","False","","","0.0000","0.0000","False","","","BLUE","CE428-BLUE","","Leveling Legs/Wheel Replacement (Pro Range)","True","125.0000","False","False","False","False","False"
"34686","","","40202","False","False","False","0.0000","0.0000","False","","False","False","False","","False","","False","","","0.0000","0.0000","False","","","BLUE","CE429-BLUE","","Leveling Legs/Wheel Replacement (Standard Range)","True","62.5000","False","False","False","False","False"
"34687","","","40202","False","False","False","0.0000","0.0000","False","","False","False","False","","False","","False","","","0.0000","0.0000","False","","","BLUE","CE430-BLUE","","Light Bulb Replacement (Front Service)","True","25.0000","False","False","False","False","False"
"34688","","","40202","False","False","False","0.0000","0.0000","False","","False","False","False","","False","","False","","","0.0000","0.0000","False","","","BLUE","CE431-BLUE","","Light Bulb Replacement (Rear Service)","True","62.5000","False","False","False","False","False"
"34689","","","40202","False","False","False","0.0000","0.0000","False","","False","False","False","","False","","False","","","0.0000","0.0000","False","","","BLUE","CE432-BLUE","","Oven Temp Sensor (Thermistor) Replacement","True","93.7500","False","False","False","False","False"
"34690","","","40202","False","False","False","0.0000","0.0000","False","","False","False","False","","False","","False","","","0.0000","0.0000","False","","","BLUE","CE433-BLUE","","Oven Thermostat Replacement","True","250.0000","False","False","False","False","False"
"34691","","","40202","False","False","False","0.0000","0.0000","False","","False","False","False","","False","","False","","","0.0000","0.0000","False","","","BLUE","CE434-BLUE","","Power Cord/Electrical Conduit Replacement","True","62.5000","False","False","False","False","False"
"34692","","","40202","False","False","False","0.0000","0.0000","False","","False","False","False","","False","","False","","","0.0000","0.0000","False","","","BLUE","CE435-BLUE","","Probe Jack Replacement","True","125.0000","False","False","False","False","False"
"34693","","","40202","False","False","False","0.0000","0.0000","False","","False","False","False","","False","","False","","","0.0000","0.0000","False","","","BLUE","CE436-BLUE","","Rack Replacement - Oven","True","18.7500","False","False","False","False","False"
"34694","","","40202","False","False","False","0.0000","0.0000","False","","False","False","False","","False","","False","","","0.0000","0.0000","False","","","BLUE","CE437-BLUE","","Surface Element Replacement - Ceran Glass Top","True","187.5000","False","False","False","False","False"
"34695","","","40202","False","False","False","0.0000","0.0000","False","","False","False","False","","False","","False","","","0.0000","0.0000","False","","","BLUE","CE438-BLUE","","Surface Element Replacement - Coil Top","True","43.7500","False","False","False","False","False"
"34696","","","40202","False","False","False","0.0000","0.0000","False","","False","False","False","","False","","False","","","0.0000","0.0000","False","","","BLUE","CE439-BLUE","","Switch Replacement - Burner/Selector","True","125.0000","False","False","False","False","False"
"34697","","","40202","False","False","False","0.0000","0.0000","False","","False","False","False","","False","","False","","","0.0000","0.0000","False","","","BLUE","CE440-BLUE","","Terminal Block Replacement - Electrical Connection","True","62.5000","False","False","False","False","False"
"34698","","","40202","False","False","False","0.0000","0.0000","False","","False","False","False","","False","","False","","","0.0000","0.0000","False","","","BLUE","CE441-BLUE","","Transformer Replacement","True","93.7500","False","False","False","False","False"
"34699","","","40202","False","False","False","0.0000","0.0000","False","","False","False","False","","False","","False","","","0.0000","0.0000","False","","","BLUE","CE600-BLUE","","Additional Component Replacement","True","62.5000","False","False","False","False","False"
"34700","","","40202","False","False","False","0.0000","0.0000","False","","False","False","False","","False","","False","","","0.0000","0.0000","False","","","BLUE","CE601-BLUE","","Address Noise Complaint","True","62.5000","False","False","False","False","False"
"34701","","","40202","False","False","False","0.0000","0.0000","False","","False","False","False","","False","","False","","","0.0000","0.0000","False","","","BLUE","CE602-BLUE","","Cabinet Component Repair - Major","True","375.0000","False","False","False","False","False"
"34702","","","40202","False","False","False","0.0000","0.0000","False","","False","False","False","","False","","False","","","0.0000","0.0000","False","","","BLUE","CE603-BLUE","","Cabinet Component Repair - Minor","True","125.0000","False","False","False","False","False"
"34703","","","40202","False","False","False","0.0000","0.0000","False","","False","False","False","","False","","False","","","0.0000","0.0000","False","","","BLUE","CE604-BLUE","","Component Replacement/Repair - Major","True","375.0000","False","False","False","False","False"
"34704","","","40202","False","False","False","0.0000","0.0000","False","","False","False","False","","False","","False","","","0.0000","0.0000","False","","","BLUE","CE605-BLUE","","Component Replacement/Repair - Minor","True","125.0000","False","False","False","False","False"
"34705","","","40202","False","False","False","0.0000","0.0000","False","","False","False","False","","False","","False","","","0.0000","0.0000","False","","","BLUE","CE606-BLUE","","Cosmetic Part Replacement - Major","True","93.7500","False","False","False","False","False"
"34706","","","40202","False","False","False","0.0000","0.0000","False","","False","False","False","","False","","False","","","0.0000","0.0000","False","","","BLUE","CE607-BLUE","","Cosmetic Part Replacement - Minor","True","31.2500","False","False","False","False","False"
"34707","","","40202","False","False","False","0.0000","0.0000","False","","False","False","False","","False","","False","","","0.0000","0.0000","False","","","BLUE","CE608-BLUE","","Difficult Access Fee","True","62.5000","False","False","False","False","False"
"34708","","","40202","False","False","False","0.0000","0.0000","False","","False","False","False","","False","","False","","","0.0000","0.0000","False","","","BLUE","CE609-BLUE","","Level Unit/Adjust Unit","True","62.5000","False","False","False","False","False"
"34709","","","40202","False","False","False","0.0000","0.0000","False","","False","False","False","","False","","False","","","0.0000","0.0000","False","","","BLUE","CE610-BLUE","","Problem Could Not Be Reproduced","True","62.5000","False","False","False","False","False"
"34710","","","40202","False","False","False","0.0000","0.0000","False","","False","False","False","","False","","False","","","0.0000","0.0000","False","","","BLUE","CE611-BLUE","","Repair Burnt Wire(s) or Loose Connection(s)","True","93.7500","False","False","False","False","False"
"34711","","","40202","False","False","False","0.0000","0.0000","False","","False","False","False","","False","","False","","","0.0000","0.0000","False","","","BLUE","CE612-BLUE","","Reset Home Circuit Breaker","True","31.2500","False","False","False","False","False"
"34712","","","40202","False","False","False","0.0000","0.0000","False","","False","False","False","","False","","False","","","0.0000","0.0000","False","","","BLUE","CG400-BLUE","","Bake Burner Assembly Replacement (Pro Oven/Range)","True","125.0000","False","False","False","False","False"
"34713","","","40202","False","False","False","0.0000","0.0000","False","","False","False","False","","False","","False","","","0.0000","0.0000","False","","","BLUE","CG401-BLUE","","Bake Burner Assembly Replacement (Standard Oven/Range)","True","93.7500","False","False","False","False","False"
"34714","","","40202","False","False","False","0.0000","0.0000","False","","False","False","False","","False","","False","","","0.0000","0.0000","False","","","BLUE","CG402-BLUE","","Broil Burner Assembly Replacement (Pro Oven/Range)","True","125.0000","False","False","False","False","False"
"34715","","","40202","False","False","False","0.0000","0.0000","False","","False","False","False","","False","","False","","","0.0000","0.0000","False","","","BLUE","CG403-BLUE","","Broil Burner Assembly Replacement (Standard Oven/Range)","True","93.7500","False","False","False","False","False"
"34716","","","40202","False","False","False","0.0000","0.0000","False","","False","False","False","","False","","False","","","0.0000","0.0000","False","","","BLUE","CG404-BLUE","","Burner Grate(s)/Cap(s) Replacement","True","18.7500","False","False","False","False","False"
"34717","","","40202","False","False","False","0.0000","0.0000","False","","False","False","False","","False","","False","","","0.0000","0.0000","False","","","BLUE","CG405-BLUE","","Burner Ignition Component Replacement","True","93.7500","False","False","False","False","False"
"34718","","","40202","False","False","False","0.0000","0.0000","False","","False","False","False","","False","","False","","","0.0000","0.0000","False","","","BLUE","CG406-BLUE","","Burner Valve Replacement - Surface Burner","True","187.5000","False","False","False","False","False"
"34719","","","40202","False","False","False","0.0000","0.0000","False","","False","False","False","","False","","False","","","0.0000","0.0000","False","","","BLUE","CG407-BLUE","","Convection Fan Motor/Blade Replacement (Pro Oven/Range)","True","187.5000","False","False","False","False","False"
"34720","","","40202","False","False","False","0.0000","0.0000","False","","False","False","False","","False","","False","","","0.0000","0.0000","False","","","BLUE","CG408-BLUE","","Convection Fan Motor/Blade Replacement (Standard Oven/Range)","True","125.0000","False","False","False","False","False"
"34721","","","40202","False","False","False","0.0000","0.0000","False","","False","False","False","","False","","False","","","0.0000","0.0000","False","","","BLUE","CG409-BLUE","","Cooktop Burner Assembly Replacement","True","93.7500","False","False","False","False","False"
"34722","","","40202","False","False","False","0.0000","0.0000","False","","False","False","False","","False","","False","","","0.0000","0.0000","False","","","BLUE","CG410-BLUE","","Cooling Fan Motor/Blade Replacement (Pro Oven/Range)","True","187.5000","False","False","False","False","False"
"34723","","","40202","False","False","False","0.0000","0.0000","False","","False","False","False","","False","","False","","","0.0000","0.0000","False","","","BLUE","CG411-BLUE","","Cooling Fan Motor/Blade Replacement (Standard Oven/Range)","True","93.7500","False","False","False","False","False"
"34724","","","40202","False","False","False","0.0000","0.0000","False","","False","False","False","","False","","False","","","0.0000","0.0000","False","","","BLUE","CG412-BLUE","","Door Component Replacement - Oven Glass-Liner-Handle-etc","True","93.7500","False","False","False","False","False"
"34725","","","40202","False","False","False","0.0000","0.0000","False","","False","False","False","","False","","False","","","0.0000","0.0000","False","","","BLUE","CG413-BLUE","","Door Hinge Assembly Replacement","True","125.0000","False","False","False","False","False"
"34726","","","40202","False","False","False","0.0000","0.0000","False","","False","False","False","","False","","False","","","0.0000","0.0000","False","","","BLUE","CG414-BLUE","","Door Hinge Receiver Replacement (Double Wall Oven)","True","218.7500","False","False","False","False","False"
"34727","","","40202","False","False","False","0.0000","0.0000","False","","False","False","False","","False","","False","","","0.0000","0.0000","False","","","BLUE","CG415-BLUE","","Door Hinge Receiver Replacement (Pro Range)","True","218.7500","False","False","False","False","False"
"34728","","","40202","False","False","False","0.0000","0.0000","False","","False","False","False","","False","","False","","","0.0000","0.0000","False","","","BLUE","CG416-BLUE","","Door Hinge Receiver Replacement (Single Wall Oven)","True","125.0000","False","False","False","False","False"
"34729","","","40202","False","False","False","0.0000","0.0000","False","","False","False","False","","False","","False","","","0.0000","0.0000","False","","","BLUE","CG417-BLUE","","Door Hinge Receiver Replacement (Standard Range)","True","125.0000","False","False","False","False","False"
"34730","","","40202","False","False","False","0.0000","0.0000","False","","False","False","False","","False","","False","","","0.0000","0.0000","False","","","BLUE","CG418-BLUE","","Door Lock/Latch Assembly Replacement","True","125.0000","False","False","False","False","False"
"34731","","","40202","False","False","False","0.0000","0.0000","False","","False","False","False","","False","","False","","","0.0000","0.0000","False","","","BLUE","CG419-BLUE","","Door/Window Cleaning (Double Oven)","True","125.0000","False","False","False","False","False"
"34732","","","40202","False","False","False","0.0000","0.0000","False","","False","False","False","","False","","False","","","0.0000","0.0000","False","","","BLUE","CG420-BLUE","","Door/Window Cleaning (Single Oven)","True","93.7500","False","False","False","False","False"
"34733","","","40202","False","False","False","0.0000","0.0000","False","","False","False","False","","False","","False","","","0.0000","0.0000","False","","","BLUE","CG421-BLUE","","Electronic Control/Module Replacement","True","125.0000","False","False","False","False","False"
"34734","","","40202","False","False","False","0.0000","0.0000","False","","False","False","False","","False","","False","","","0.0000","0.0000","False","","","BLUE","CG422-BLUE","","Gas Supply Flex Line Replacement","True","62.5000","False","False","False","False","False"
"34735","","","40202","False","False","False","0.0000","0.0000","False","","False","False","False","","False","","False","","","0.0000","0.0000","False","","","BLUE","CG423-BLUE","","Griddle/Grill Component Replacement","True","62.5000","False","False","False","False","False"
"34736","","","40202","False","False","False","0.0000","0.0000","False","","False","False","False","","False","","False","","","0.0000","0.0000","False","","","BLUE","CG424-BLUE","","Griddle/Grill Thermostat Replacement","True","156.2500","False","False","False","False","False"
"34737","","","40202","False","False","False","0.0000","0.0000","False","","False","False","False","","False","","False","","","0.0000","0.0000","False","","","BLUE","CG425-BLUE","","Hi-Limit Thermal Cutout Replacement - Front Service","True","93.7500","False","False","False","False","False"
"34738","","","40202","False","False","False","0.0000","0.0000","False","","False","False","False","","False","","False","","","0.0000","0.0000","False","","","BLUE","CG426-BLUE","","Hi-Limit Thermal Cutout Replacement - Rear Service","True","125.0000","False","False","False","False","False"
"34739","","","40202","False","False","False","0.0000","0.0000","False","","False","False","False","","False","","False","","","0.0000","0.0000","False","","","BLUE","CG427-BLUE","","Leveling Legs/Wheel Replacement - Pro Range","True","125.0000","False","False","False","False","False"
"34740","","","40202","False","False","False","0.0000","0.0000","False","","False","False","False","","False","","False","","","0.0000","0.0000","False","","","BLUE","CG428-BLUE","","Leveling Legs/Wheel Replacement - Standard Range","True","62.5000","False","False","False","False","False"
"34741","","","40202","False","False","False","0.0000","0.0000","False","","False","False","False","","False","","False","","","0.0000","0.0000","False","","","BLUE","CG429-BLUE","","Light Bulb Replacement (Front Service)","True","25.0000","False","False","False","False","False"
"34742","","","40202","False","False","False","0.0000","0.0000","False","","False","False","False","","False","","False","","","0.0000","0.0000","False","","","BLUE","CG430-BLUE","","Light Bulb Replacement (Rear Service)","True","62.5000","False","False","False","False","False"
"34743","","","40202","False","False","False","0.0000","0.0000","False","","False","False","False","","False","","False","","","0.0000","0.0000","False","","","BLUE","CG431-BLUE","","Locate and Repair Gas Leak Locate and Repair (Difficult Access)","True","125.0000","False","False","False","False","False"
"34744","","","40202","False","False","False","0.0000","0.0000","False","","False","False","False","","False","","False","","","0.0000","0.0000","False","","","BLUE","CG432-BLUE","","Locate and Repair Gas Leak Locate and Repair (Readily Accessible)","True","62.5000","False","False","False","False","False"
"34745","","","40202","False","False","False","0.0000","0.0000","False","","False","False","False","","False","","False","","","0.0000","0.0000","False","","","BLUE","CG433-BLUE","","Orifice(s) Replacement (Cooktop)","True","62.5000","False","False","False","False","False"
"34746","","","40202","False","False","False","0.0000","0.0000","False","","False","False","False","","False","","False","","","0.0000","0.0000","False","","","BLUE","CG434-BLUE","","Orifice(s) Replacement (Oven)","True","93.7500","False","False","False","False","False"
"34747","","","40202","False","False","False","0.0000","0.0000","False","","False","False","False","","False","","False","","","0.0000","0.0000","False","","","BLUE","CG435-BLUE","","Oven Ignitor (HSI) Replacement","True","93.7500","False","False","False","False","False"
"34748","","","40202","False","False","False","0.0000","0.0000","False","","False","False","False","","False","","False","","","0.0000","0.0000","False","","","BLUE","CG436-BLUE","","Oven Temp Sensor (Thermistor) Replacement","True","93.7500","False","False","False","False","False"
"34749","","","40202","False","False","False","0.0000","0.0000","False","","False","False","False","","False","","False","","","0.0000","0.0000","False","","","BLUE","CG437-BLUE","","Oven Temperature Calibration","True","93.7500","False","False","False","False","False"
"34750","","","40202","False","False","False","0.0000","0.0000","False","","False","False","False","","False","","False","","","0.0000","0.0000","False","","","BLUE","CG438-BLUE","","Oven Thermostat Replacement","True","250.0000","False","False","False","False","False"
"34751","","","40202","False","False","False","0.0000","0.0000","False","","False","False","False","","False","","False","","","0.0000","0.0000","False","","","BLUE","CG439-BLUE","","Power Cord/Electrical Conduit Replacement","True","62.5000","False","False","False","False","False"
"34752","","","40202","False","False","False","0.0000","0.0000","False","","False","False","False","","False","","False","","","0.0000","0.0000","False","","","BLUE","CG440-BLUE","","Probe Jack Replacement","True","93.7500","False","False","False","False","False"
"34753","","","40202","False","False","False","0.0000","0.0000","False","","False","False","False","","False","","False","","","0.0000","0.0000","False","","","BLUE","CG441-BLUE","","Rack Replacement - Oven","True","18.7500","False","False","False","False","False"
"34754","","","40202","False","False","False","0.0000","0.0000","False","","False","False","False","","False","","False","","","0.0000","0.0000","False","","","BLUE","CG442-BLUE","","Regulator Replacement (Standard Access)","True","93.7500","False","False","False","False","False"
"34755","","","40202","False","False","False","0.0000","0.0000","False","","False","False","False","","False","","False","","","0.0000","0.0000","False","","","BLUE","CG443-BLUE","","Regulator Replacement Pro Range (Difficult Access)","True","187.5000","False","False","False","False","False"
"34756","","","40202","False","False","False","0.0000","0.0000","False","","False","False","False","","False","","False","","","0.0000","0.0000","False","","","BLUE","CG444-BLUE","","Safety Valve Replacement","True","125.0000","False","False","False","False","False"
"34757","","","40202","False","False","False","0.0000","0.0000","False","","False","False","False","","False","","False","","","0.0000","0.0000","False","","","BLUE","CG445-BLUE","","Simmer Setting Adjustment - Gas Burner","True","37.5000","False","False","False","False","False"
"34758","","","40202","False","False","False","0.0000","0.0000","False","","False","False","False","","False","","False","","","0.0000","0.0000","False","","","BLUE","CG446-BLUE","","Solenoid Replacement","True","93.7500","False","False","False","False","False"
"34759","","","40202","False","False","False","0.0000","0.0000","False","","False","False","False","","False","","False","","","0.0000","0.0000","False","","","BLUE","CG447-BLUE","","Switch Assembly Replacement","True","93.7500","False","False","False","False","False"
"34760","","","40202","False","False","False","0.0000","0.0000","False","","False","False","False","","False","","False","","","0.0000","0.0000","False","","","BLUE","CG448-BLUE","","Terminal Block Replacement - Electrical Connection","True","62.5000","False","False","False","False","False"
"34761","","","40202","False","False","False","0.0000","0.0000","False","","False","False","False","","False","","False","","","0.0000","0.0000","False","","","BLUE","CG449-BLUE","","Thermocouple Replacement","True","93.7500","False","False","False","False","False"
"34762","","","40202","False","False","False","0.0000","0.0000","False","","False","False","False","","False","","False","","","0.0000","0.0000","False","","","BLUE","CG450-BLUE","","Transformer Replacement","True","125.0000","False","False","False","False","False"
"34763","","","40202","False","False","False","0.0000","0.0000","False","","False","False","False","","False","","False","","","0.0000","0.0000","False","","","BLUE","CG600-BLUE","","Additional Component Replacement","True","62.5000","False","False","False","False","False"
"34764","","","40202","False","False","False","0.0000","0.0000","False","","False","False","False","","False","","False","","","0.0000","0.0000","False","","","BLUE","CG601-BLUE","","Address Noise Complaint","True","62.5000","False","False","False","False","False"
"34765","","","40202","False","False","False","0.0000","0.0000","False","","False","False","False","","False","","False","","","0.0000","0.0000","False","","","BLUE","CG602-BLUE","","Cabinet Component Repair - Major","True","375.0000","False","False","False","False","False"
"34766","","","40202","False","False","False","0.0000","0.0000","False","","False","False","False","","False","","False","","","0.0000","0.0000","False","","","BLUE","CG603-BLUE","","Cabinet Component Repair - Minor","True","125.0000","False","False","False","False","False"
"34767","","","40202","False","False","False","0.0000","0.0000","False","","False","False","False","","False","","False","","","0.0000","0.0000","False","","","BLUE","CG604-BLUE","","Component Replacement/Repair - Major","True","375.0000","False","False","False","False","False"
"34768","","","40202","False","False","False","0.0000","0.0000","False","","False","False","False","","False","","False","","","0.0000","0.0000","False","","","BLUE","CG605-BLUE","","Component Replacement/Repair - Minor","True","125.0000","False","False","False","False","False"
"34769","","","40202","False","False","False","0.0000","0.0000","False","","False","False","False","","False","","False","","","0.0000","0.0000","False","","","BLUE","CG606-BLUE","","Cosmetic Part Replacement - Major","True","93.7500","False","False","False","False","False"
"34770","","","40202","False","False","False","0.0000","0.0000","False","","False","False","False","","False","","False","","","0.0000","0.0000","False","","","BLUE","CG607-BLUE","","Cosmetic Part Replacement - Minor","True","31.2500","False","False","False","False","False"
"34771","","","40202","False","False","False","0.0000","0.0000","False","","False","False","False","","False","","False","","","0.0000","0.0000","False","","","BLUE","CG608-BLUE","","Difficult Access Fee","True","62.5000","False","False","False","False","False"
"34772","","","40202","False","False","False","0.0000","0.0000","False","","False","False","False","","False","","False","","","0.0000","0.0000","False","","","BLUE","CG609-BLUE","","Level Unit/Adjust Unit","True","62.5000","False","False","False","False","False"
"34773","","","40202","False","False","False","0.0000","0.0000","False","","False","False","False","","False","","False","","","0.0000","0.0000","False","","","BLUE","CG610-BLUE","","Problem Could Not Be Reproduced","True","62.5000","False","False","False","False","False"
"34774","","","40202","False","False","False","0.0000","0.0000","False","","False","False","False","","False","","False","","","0.0000","0.0000","False","","","BLUE","CG611-BLUE","","Repair Burnt Wire(s) or Loose Connection(s)","True","93.7500","False","False","False","False","False"
"34775","","","40202","False","False","False","0.0000","0.0000","False","","False","False","False","","False","","False","","","0.0000","0.0000","False","","","BLUE","CG612-BLUE","","Reset Home Circuit Breaker","True","31.2500","False","False","False","False","False"
"34776","","","40202","False","False","False","0.0000","0.0000","False","","False","False","False","","False","","False","","","0.0000","0.0000","False","","","BLUE","GR400-BLUE","","Battery Replacement","True","31.2500","False","False","False","False","False"
"34777","","","40202","False","False","False","0.0000","0.0000","False","","False","False","False","","False","","False","","","0.0000","0.0000","False","","","BLUE","GR401-BLUE","","Burner Assembly Replacement - Infrared","True","125.0000","False","False","False","False","False"
"34778","","","40202","False","False","False","0.0000","0.0000","False","","False","False","False","","False","","False","","","0.0000","0.0000","False","","","BLUE","GR402-BLUE","","Burner Grate(s)/Cap(s) Replacement","True","31.2500","False","False","False","False","False"
"34779","","","40202","False","False","False","0.0000","0.0000","False","","False","False","False","","False","","False","","","0.0000","0.0000","False","","","BLUE","GR403-BLUE","","Burner Ignition Component Replacement","True","93.7500","False","False","False","False","False"
"34780","","","40202","False","False","False","0.0000","0.0000","False","","False","False","False","","False","","False","","","0.0000","0.0000","False","","","BLUE","GR404-BLUE","","Burner Valve Replacement","True","125.0000","False","False","False","False","False"
"34781","","","40202","False","False","False","0.0000","0.0000","False","","False","False","False","","False","","False","","","0.0000","0.0000","False","","","BLUE","GR405-BLUE","","Burner(s) Adjustment","True","31.2500","False","False","False","False","False"
"34782","","","40202","False","False","False","0.0000","0.0000","False","","False","False","False","","False","","False","","","0.0000","0.0000","False","","","BLUE","GR406-BLUE","","Burner(s) Assembly Replacement","True","93.7500","False","False","False","False","False"
"34783","","","40202","False","False","False","0.0000","0.0000","False","","False","False","False","","False","","False","","","0.0000","0.0000","False","","","BLUE","GR407-BLUE","","Electronic Control/Module Replacement","True","125.0000","False","False","False","False","False"
"34784","","","40202","False","False","False","0.0000","0.0000","False","","False","False","False","","False","","False","","","0.0000","0.0000","False","","","BLUE","GR408-BLUE","","Gas Supply Flex Line Replacement","True","62.5000","False","False","False","False","False"
"34785","","","40202","False","False","False","0.0000","0.0000","False","","False","False","False","","False","","False","","","0.0000","0.0000","False","","","BLUE","GR409-BLUE","","Griddle/Grill Grate Component Replacement","True","31.2500","False","False","False","False","False"
"34786","","","40202","False","False","False","0.0000","0.0000","False","","False","False","False","","False","","False","","","0.0000","0.0000","False","","","BLUE","GR410-BLUE","","Ignitor (HSI) Replacement","True","93.7500","False","False","False","False","False"
"34787","","","40202","False","False","False","0.0000","0.0000","False","","False","False","False","","False","","False","","","0.0000","0.0000","False","","","BLUE","GR411-BLUE","","Lava Rock/Ceramic Heat Deflector Replacement","True","62.5000","False","False","False","False","False"
"34788","","","40202","False","False","False","0.0000","0.0000","False","","False","False","False","","False","","False","","","0.0000","0.0000","False","","","BLUE","GR412-BLUE","","Light Bulb Replacement","True","62.5000","False","False","False","False","False"
"34789","","","40202","False","False","False","0.0000","0.0000","False","","False","False","False","","False","","False","","","0.0000","0.0000","False","","","BLUE","GR413-BLUE","","Locate and Repair Gas Leak Locate and Repair (Difficult Access)","True","125.0000","False","False","False","False","False"
"34790","","","40202","False","False","False","0.0000","0.0000","False","","False","False","False","","False","","False","","","0.0000","0.0000","False","","","BLUE","GR414-BLUE","","Locate and Repair Gas Leak Locate and Repair (Readily Accessible)","True","62.5000","False","False","False","False","False"
"34791","","","40202","False","False","False","0.0000","0.0000","False","","False","False","False","","False","","False","","","0.0000","0.0000","False","","","BLUE","GR415-BLUE","","Orifice(s) Replacement","True","93.7500","False","False","False","False","False"
"34792","","","40202","False","False","False","0.0000","0.0000","False","","False","False","False","","False","","False","","","0.0000","0.0000","False","","","BLUE","GR416-BLUE","","Outdoor Grill Cleaning (In Place)","True","250.0000","False","False","False","False","False"
"34793","","","40202","False","False","False","0.0000","0.0000","False","","False","False","False","","False","","False","","","0.0000","0.0000","False","","","BLUE","GR417-BLUE","","Outdoor Grill Cleaning (Removed from Installation)","True","375.0000","False","False","False","False","False"
"34794","","","40202","False","False","False","0.0000","0.0000","False","","False","False","False","","False","","False","","","0.0000","0.0000","False","","","BLUE","GR418-BLUE","","Power Cord/Electrical Conduit Replacement","True","62.5000","False","False","False","False","False"
"34795","","","40202","False","False","False","0.0000","0.0000","False","","False","False","False","","False","","False","","","0.0000","0.0000","False","","","BLUE","GR419-BLUE","","Regulator Replacement (Difficult Access)","True","187.5000","False","False","False","False","False"
"34796","","","40202","False","False","False","0.0000","0.0000","False","","False","False","False","","False","","False","","","0.0000","0.0000","False","","","BLUE","GR420-BLUE","","Regulator Replacement (Standard Access)","True","93.7500","False","False","False","False","False"
"34797","","","40202","False","False","False","0.0000","0.0000","False","","False","False","False","","False","","False","","","0.0000","0.0000","False","","","BLUE","GR421-BLUE","","Safety Valve Replacement","True","125.0000","False","False","False","False","False"
"34798","","","40202","False","False","False","0.0000","0.0000","False","","False","False","False","","False","","False","","","0.0000","0.0000","False","","","BLUE","GR422-BLUE","","Solenoid Replacement","True","125.0000","False","False","False","False","False"
"34799","","","40202","False","False","False","0.0000","0.0000","False","","False","False","False","","False","","False","","","0.0000","0.0000","False","","","BLUE","GR423-BLUE","","Switch Assembly Replacement","True","93.7500","False","False","False","False","False"
"34800","","","40202","False","False","False","0.0000","0.0000","False","","False","False","False","","False","","False","","","0.0000","0.0000","False","","","BLUE","GR424-BLUE","","Thermocouple Replacement","True","125.0000","False","False","False","False","False"
"34801","","","40202","False","False","False","0.0000","0.0000","False","","False","False","False","","False","","False","","","0.0000","0.0000","False","","","BLUE","GR425-BLUE","","Transformer Replacement","True","125.0000","False","False","False","False","False"
"34802","","","40202","False","False","False","0.0000","0.0000","False","","False","False","False","","False","","False","","","0.0000","0.0000","False","","","BLUE","GR600-BLUE","","Additional Component Replacement","True","62.5000","False","False","False","False","False"
"34803","","","40202","False","False","False","0.0000","0.0000","False","","False","False","False","","False","","False","","","0.0000","0.0000","False","","","BLUE","GR601-BLUE","","Address Noise Complaint","True","62.5000","False","False","False","False","False"
"34804","","","40202","False","False","False","0.0000","0.0000","False","","False","False","False","","False","","False","","","0.0000","0.0000","False","","","BLUE","GR602-BLUE","","Cabinet Component Repair - Major","True","375.0000","False","False","False","False","False"
"34805","","","40202","False","False","False","0.0000","0.0000","False","","False","False","False","","False","","False","","","0.0000","0.0000","False","","","BLUE","GR603-BLUE","","Cabinet Component Repair - Minor","True","125.0000","False","False","False","False","False"
"34806","","","40202","False","False","False","0.0000","0.0000","False","","False","False","False","","False","","False","","","0.0000","0.0000","False","","","BLUE","GR604-BLUE","","Component Replacement/Repair - Major","True","375.0000","False","False","False","False","False"
"34807","","","40202","False","False","False","0.0000","0.0000","False","","False","False","False","","False","","False","","","0.0000","0.0000","False","","","BLUE","GR605-BLUE","","Component Replacement/Repair - Minor","True","125.0000","False","False","False","False","False"
"34808","","","40202","False","False","False","0.0000","0.0000","False","","False","False","False","","False","","False","","","0.0000","0.0000","False","","","BLUE","GR606-BLUE","","Cosmetic Part Replacement - Major","True","93.7500","False","False","False","False","False"
"34809","","","40202","False","False","False","0.0000","0.0000","False","","False","False","False","","False","","False","","","0.0000","0.0000","False","","","BLUE","GR607-BLUE","","Cosmetic Part Replacement - Minor","True","31.2500","False","False","False","False","False"
"34810","","","40202","False","False","False","0.0000","0.0000","False","","False","False","False","","False","","False","","","0.0000","0.0000","False","","","BLUE","GR608-BLUE","","Difficult Access Fee","True","62.5000","False","False","False","False","False"
"34811","","","40202","False","False","False","0.0000","0.0000","False","","False","False","False","","False","","False","","","0.0000","0.0000","False","","","BLUE","GR609-BLUE","","Level Unit/Adjust Unit","True","62.5000","False","False","False","False","False"
"34812","","","40202","False","False","False","0.0000","0.0000","False","","False","False","False","","False","","False","","","0.0000","0.0000","False","","","BLUE","GR610-BLUE","","Problem Could Not Be Reproduced","True","62.5000","False","False","False","False","False"
"34813","","","40202","False","False","False","0.0000","0.0000","False","","False","False","False","","False","","False","","","0.0000","0.0000","False","","","BLUE","GR611-BLUE","","Repair Burnt Wire(s) or Loose Connection(s)","True","93.7500","False","False","False","False","False"
"34814","","","40202","False","False","False","0.0000","0.0000","False","","False","False","False","","False","","False","","","0.0000","0.0000","False","","","BLUE","GR612-BLUE","","Reset Home Circuit Breaker","True","31.2500","False","False","False","False","False"
"34815","","","40202","False","False","False","0.0000","0.0000","False","","False","False","False","","False","","False","","","0.0000","0.0000","False","","","BLUE","L1-BLUE","","Additional One Tech/Installer Labor","True","62.5000","False","False","False","False","False"
"34816","","","40202","False","False","False","0.0000","0.0000","False","","False","False","False","","False","","False","","","0.0000","0.0000","False","","","BLUE","L2-BLUE","","Additional Two Tech/Installer Labor","True","93.7500","False","False","False","False","False"
"34817","","","40202","False","False","False","0.0000","0.0000","False","","False","False","False","","False","","False","","","0.0000","0.0000","False","","","BLUE","L3-BLUE","","Additional Three Tech/Installer Labor","True","125.0000","False","False","False","False","False"
"34818","","","40202","False","False","False","0.0000","0.0000","False","","False","False","False","","False","","False","","","0.0000","0.0000","False","","","BLUE","MS1-BLUE","","Miscellaneous Labor","True","31.2500","False","False","False","False","False"
"34819","","","40202","False","False","False","0.0000","0.0000","False","","False","False","False","","False","","False","","","0.0000","0.0000","False","","","BLUE","VH400-BLUE","","Blower Motor Replacement (Pro Hood)","True","156.2500","False","False","False","False","False"
"34820","","","40202","False","False","False","0.0000","0.0000","False","","False","False","False","","False","","False","","","0.0000","0.0000","False","","","BLUE","VH401-BLUE","","Blower Motor Replacement (Standard Hood)","True","62.5000","False","False","False","False","False"
"34821","","","40202","False","False","False","0.0000","0.0000","False","","False","False","False","","False","","False","","","0.0000","0.0000","False","","","BLUE","VH402-BLUE","","Correct Electrical Wiring at Hood Connection","True","93.7500","False","False","False","False","False"
"34822","","","40202","False","False","False","0.0000","0.0000","False","","False","False","False","","False","","False","","","0.0000","0.0000","False","","","BLUE","VH403-BLUE","","Correct Electrical Wiring at Remote/Inline Blower Connection","True","125.0000","False","False","False","False","False"
"34823","","","40202","False","False","False","0.0000","0.0000","False","","False","False","False","","False","","False","","","0.0000","0.0000","False","","","BLUE","VH404-BLUE","","Duct Connection Repair/Seal","True","62.5000","False","False","False","False","False"
"34824","","","40202","False","False","False","0.0000","0.0000","False","","False","False","False","","False","","False","","","0.0000","0.0000","False","","","BLUE","VH405-BLUE","","Electronic Control Replacement","True","93.7500","False","False","False","False","False"
"34825","","","40202","False","False","False","0.0000","0.0000","False","","False","False","False","","False","","False","","","0.0000","0.0000","False","","","BLUE","VH406-BLUE","","Filter Cleaning - Baffle/Mesh (Pro Hood)","True","62.5000","False","False","False","False","False"
"34826","","","40202","False","False","False","0.0000","0.0000","False","","False","False","False","","False","","False","","","0.0000","0.0000","False","","","BLUE","VH407-BLUE","","Filter Cleaning - Baffle/Mesh (Standard Hood)","True","43.7500","False","False","False","False","False"
"34827","","","40202","False","False","False","0.0000","0.0000","False","","False","False","False","","False","","False","","","0.0000","0.0000","False","","","BLUE","VH408-BLUE","","Filter Replacement - Baffle/Mesh","True","43.7500","False","False","False","False","False"
"34828","","","40202","False","False","False","0.0000","0.0000","False","","False","False","False","","False","","False","","","0.0000","0.0000","False","","","BLUE","VH409-BLUE","","Light Bulb Receptacle Replacement (Pro Hood)","True","62.5000","False","False","False","False","False"
"34829","","","40202","False","False","False","0.0000","0.0000","False","","False","False","False","","False","","False","","","0.0000","0.0000","False","","","BLUE","VH410-BLUE","","Light Bulb Receptacle Replacement (Standard Hood)","True","62.5000","False","False","False","False","False"
"34830","","","40202","False","False","False","0.0000","0.0000","False","","False","False","False","","False","","False","","","0.0000","0.0000","False","","","BLUE","VH411-BLUE","","Light Bulb Replacement","True","31.2500","False","False","False","False","False"
"34831","","","40202","False","False","False","0.0000","0.0000","False","","False","False","False","","False","","False","","","0.0000","0.0000","False","","","BLUE","VH412-BLUE","","Power Cord/Electrical Conduit Replacement","True","62.5000","False","False","False","False","False"
"34832","","","40202","False","False","False","0.0000","0.0000","False","","False","False","False","","False","","False","","","0.0000","0.0000","False","","","BLUE","VH413-BLUE","","Switch Replacement - Light/Fan","True","93.7500","False","False","False","False","False"
"34833","","","40202","False","False","False","0.0000","0.0000","False","","False","False","False","","False","","False","","","0.0000","0.0000","False","","","BLUE","VH600-BLUE","","Additional Component Replacement","True","62.5000","False","False","False","False","False"
"34834","","","40202","False","False","False","0.0000","0.0000","False","","False","False","False","","False","","False","","","0.0000","0.0000","False","","","BLUE","VH601-BLUE","","Address Noise Complaint","True","62.5000","False","False","False","False","False"
"34835","","","40202","False","False","False","0.0000","0.0000","False","","False","False","False","","False","","False","","","0.0000","0.0000","False","","","BLUE","VH602-BLUE","","Cabinet Component Repair - Major","True","375.0000","False","False","False","False","False"
"34836","","","40202","False","False","False","0.0000","0.0000","False","","False","False","False","","False","","False","","","0.0000","0.0000","False","","","BLUE","VH603-BLUE","","Cabinet Component Repair - Minor","True","125.0000","False","False","False","False","False"
"34837","","","40202","False","False","False","0.0000","0.0000","False","","False","False","False","","False","","False","","","0.0000","0.0000","False","","","BLUE","VH604-BLUE","","Component Replacement/Repair - Major","True","375.0000","False","False","False","False","False"
"34838","","","40202","False","False","False","0.0000","0.0000","False","","False","False","False","","False","","False","","","0.0000","0.0000","False","","","BLUE","VH605-BLUE","","Component Replacement/Repair - Minor","True","125.0000","False","False","False","False","False"
"34839","","","40202","False","False","False","0.0000","0.0000","False","","False","False","False","","False","","False","","","0.0000","0.0000","False","","","BLUE","VH606-BLUE","","Cosmetic Part Replacement - Major","True","93.7500","False","False","False","False","False"
"34840","","","40202","False","False","False","0.0000","0.0000","False","","False","False","False","","False","","False","","","0.0000","0.0000","False","","","BLUE","VH607-BLUE","","Cosmetic Part Replacement - Minor","True","31.2500","False","False","False","False","False"
"34841","","","40202","False","False","False","0.0000","0.0000","False","","False","False","False","","False","","False","","","0.0000","0.0000","False","","","BLUE","VH608-BLUE","","Difficult Access Fee","True","62.5000","False","False","False","False","False"
"34842","","","40202","False","False","False","0.0000","0.0000","False","","False","False","False","","False","","False","","","0.0000","0.0000","False","","","BLUE","VH609-BLUE","","Level Unit/Adjust Unit","True","62.5000","False","False","False","False","False"
"34843","","","40202","False","False","False","0.0000","0.0000","False","","False","False","False","","False","","False","","","0.0000","0.0000","False","","","BLUE","VH610-BLUE","","Problem Could Not Be Reproduced","True","62.5000","False","False","False","False","False"
"34844","","","40202","False","False","False","0.0000","0.0000","False","","False","False","False","","False","","False","","","0.0000","0.0000","False","","","BLUE","VH611-BLUE","","Repair Burnt Wire(s) or Loose Connection(s)","True","93.7500","False","False","False","False","False"
"34845","","","40202","False","False","False","0.0000","0.0000","False","","False","False","False","","False","","False","","","0.0000","0.0000","False","","","BLUE","VH612-BLUE","","Reset Home Circuit Breaker","True","31.2500","False","False","False","False","False"
"34846","","","40201","False","False","False","0.0000","0.0000","False","","False","False","False","","False","","False","","","0.0000","0.0000","False","","","BLUE","ZNADD-BLUE","","Additional Appliance","True","85.0000","False","True","False","False","False"
"34847","","","40202","False","False","False","0.0000","0.0000","False","","False","False","False","","False","","False","","","0.0000","0.0000","False","","","BOSCH","CE400-BOSCH","","Bake Element Replacement - Hidden (Double Oven) - Typically Two Technicians","True","275.0000","False","True","False","False","False"
"34848","","","40202","False","False","False","0.0000","0.0000","False","","False","False","False","","False","","False","","","0.0000","0.0000","False","","","BOSCH","CE401-BOSCH","","Bake Element Replacement - Hidden (Single Oven)","True","220.0000","False","True","False","False","False"
"34849","","","40202","False","False","False","0.0000","0.0000","False","","False","False","False","","False","","False","","","0.0000","0.0000","False","","","BOSCH","CE402-BOSCH","","Bake Element Replacement (Exposed)","True","110.0000","False","True","False","False","False"
"34850","","","40202","False","False","False","0.0000","0.0000","False","","False","False","False","","False","","False","","","0.0000","0.0000","False","","","BOSCH","CE403-BOSCH","","Broil Element Replacement (Concealed)","True","165.0000","False","True","False","False","False"
"34851","","","40202","False","False","False","0.0000","0.0000","False","","False","False","False","","False","","False","","","0.0000","0.0000","False","","","BOSCH","CE404-BOSCH","","Broil Element Replacement (Exposed)","True","110.0000","False","True","False","False","False"
"34852","","","40202","False","False","False","0.0000","0.0000","False","","False","False","False","","False","","False","","","0.0000","0.0000","False","","","BOSCH","CE405-BOSCH","","Calibrate Oven Temperature Calibration","True","82.5000","False","True","False","False","False"
"34853","","","40202","False","False","False","0.0000","0.0000","False","","False","False","False","","False","","False","","","0.0000","0.0000","False","","","BOSCH","CE406-BOSCH","","Ceran Glass Cooktop Replacement","True","165.0000","False","True","False","False","False"
"34854","","","40202","False","False","False","0.0000","0.0000","False","","False","False","False","","False","","False","","","0.0000","0.0000","False","","","BOSCH","CE407-BOSCH","","Coil Element Burner Receptacle Replacement","True","55.0000","False","True","False","False","False"
"34855","","","40202","False","False","False","0.0000","0.0000","False","","False","False","False","","False","","False","","","0.0000","0.0000","False","","","BOSCH","CE408-BOSCH","","Convect Element Replacement - Double Oven (Requires Oven Removal) - Two Technicians","True","275.0000","False","True","False","False","False"
"34856","","","40202","False","False","False","0.0000","0.0000","False","","False","False","False","","False","","False","","","0.0000","0.0000","False","","","BOSCH","CE409-BOSCH","","Convect Element Replacement - Single Oven (Requires Oven Removal)","True","220.0000","False","True","False","False","False"
"34857","","","40202","False","False","False","0.0000","0.0000","False","","False","False","False","","False","","False","","","0.0000","0.0000","False","","","BOSCH","CE410-BOSCH","","Convect Element Replacement (Front Service)","True","110.0000","False","True","False","False","False"
"34858","","","40202","False","False","False","0.0000","0.0000","False","","False","False","False","","False","","False","","","0.0000","0.0000","False","","","BOSCH","CE411-BOSCH","","Convection Fan Motor/Blade Replacement","True","165.0000","False","True","False","False","False"
"34859","","","40202","False","False","False","0.0000","0.0000","False","","False","False","False","","False","","False","","","0.0000","0.0000","False","","","BOSCH","CE412-BOSCH","","Cooling Fan Motor/Blade Replacement","True","165.0000","False","True","False","False","False"
"34860","","","40202","False","False","False","0.0000","0.0000","False","","False","False","False","","False","","False","","","0.0000","0.0000","False","","","BOSCH","CE413-BOSCH","","Door Component Replacement - Oven Glass-Liner-Handle-etc","True","82.5000","False","True","False","False","False"
"34861","","","40202","False","False","False","0.0000","0.0000","False","","False","False","False","","False","","False","","","0.0000","0.0000","False","","","BOSCH","CE414-BOSCH","","Door Hinge Assembly Replacement","True","110.0000","False","True","False","False","False"
"34862","","","40202","False","False","False","0.0000","0.0000","False","","False","False","False","","False","","False","","","0.0000","0.0000","False","","","BOSCH","CE415-BOSCH","","Door Hinge Receiver Replacement (Double Wall Oven) - Typically Two Technicians","True","220.0000","False","True","False","False","False"
"34863","","","40202","False","False","False","0.0000","0.0000","False","","False","False","False","","False","","False","","","0.0000","0.0000","False","","","BOSCH","CE416-BOSCH","","Door Hinge Receiver Replacement (Pro Range)","True","220.0000","False","True","False","False","False"
"34864","","","40202","False","False","False","0.0000","0.0000","False","","False","False","False","","False","","False","","","0.0000","0.0000","False","","","BOSCH","CE417-BOSCH","","Door Hinge Receiver Replacement (Single Wall Oven)","True","137.5000","False","True","False","False","False"
"34865","","","40202","False","False","False","0.0000","0.0000","False","","False","False","False","","False","","False","","","0.0000","0.0000","False","","","BOSCH","CE418-BOSCH","","Door Hinge Receiver Replacement (Standard Freestanding Range)","True","110.0000","False","True","False","False","False"
"34866","","","40202","False","False","False","0.0000","0.0000","False","","False","False","False","","False","","False","","","0.0000","0.0000","False","","","BOSCH","CE419-BOSCH","","Door Lock/Latch Assembly Replacement","True","110.0000","False","True","False","False","False"
"34867","","","40202","False","False","False","0.0000","0.0000","False","","False","False","False","","False","","False","","","0.0000","0.0000","False","","","BOSCH","CE420-BOSCH","","Door/Window Cleaning Double Oven","True","110.0000","False","True","False","False","False"
"34868","","","40202","False","False","False","0.0000","0.0000","False","","False","False","False","","False","","False","","","0.0000","0.0000","False","","","BOSCH","CE421-BOSCH","","Door/Window Cleaning Single Oven","True","82.5000","False","True","False","False","False"
"34869","","","40202","False","False","False","0.0000","0.0000","False","","False","False","False","","False","","False","","","0.0000","0.0000","False","","","BOSCH","CE422-BOSCH","","Drip Bowl Replacement - Coil Element","True","22.0000","False","True","False","False","False"
"34870","","","40202","False","False","False","0.0000","0.0000","False","","False","False","False","","False","","False","","","0.0000","0.0000","False","","","BOSCH","CE423-BOSCH","","Electronic Control/Module Replacement","True","110.0000","False","True","False","False","False"
"34871","","","40202","False","False","False","0.0000","0.0000","False","","False","False","False","","False","","False","","","0.0000","0.0000","False","","","BOSCH","CE424-BOSCH","","Griddle/Grill Component Replacement","True","55.0000","False","True","False","False","False"
"34872","","","40202","False","False","False","0.0000","0.0000","False","","False","False","False","","False","","False","","","0.0000","0.0000","False","","","BOSCH","CE425-BOSCH","","Grill/Griddle Thermostat Replacement","True","110.0000","False","True","False","False","False"
"34873","","","40202","False","False","False","0.0000","0.0000","False","","False","False","False","","False","","False","","","0.0000","0.0000","False","","","BOSCH","CE426-BOSCH","","Hi-Limit Thermal Cutout Replacement (Front Service)","True","82.5000","False","True","False","False","False"
"34874","","","40202","False","False","False","0.0000","0.0000","False","","False","False","False","","False","","False","","","0.0000","0.0000","False","","","BOSCH","CE427-BOSCH","","Hi-Limit Thermal Cutout Replacement (Rear Service)","True","110.0000","False","True","False","False","False"
"34875","","","40202","False","False","False","0.0000","0.0000","False","","False","False","False","","False","","False","","","0.0000","0.0000","False","","","BOSCH","CE428-BOSCH","","Leveling Legs/Wheel Replacement (Pro Range)","True","110.0000","False","True","False","False","False"
"34876","","","40202","False","False","False","0.0000","0.0000","False","","False","False","False","","False","","False","","","0.0000","0.0000","False","","","BOSCH","CE429-BOSCH","","Leveling Legs/Wheel Replacement (Standard Range)","True","55.0000","False","True","False","False","False"
"34877","","","40202","False","False","False","0.0000","0.0000","False","","False","False","False","","False","","False","","","0.0000","0.0000","False","","","BOSCH","CE430-BOSCH","","Light Bulb Replacement (Front Service)","True","22.0000","False","True","False","False","False"
"34878","","","40202","False","False","False","0.0000","0.0000","False","","False","False","False","","False","","False","","","0.0000","0.0000","False","","","BOSCH","CE431-BOSCH","","Light Bulb Replacement (Rear Service)","True","55.0000","False","True","False","False","False"
"34879","","","40202","False","False","False","0.0000","0.0000","False","","False","False","False","","False","","False","","","0.0000","0.0000","False","","","BOSCH","CE432-BOSCH","","Oven Temp Sensor (Thermistor) Replacement","True","82.5000","False","True","False","False","False"
"34880","","","40202","False","False","False","0.0000","0.0000","False","","False","False","False","","False","","False","","","0.0000","0.0000","False","","","BOSCH","CE433-BOSCH","","Oven Thermostat Replacement","True","220.0000","False","True","False","False","False"
"34881","","","40202","False","False","False","0.0000","0.0000","False","","False","False","False","","False","","False","","","0.0000","0.0000","False","","","BOSCH","CE434-BOSCH","","Power Cord/Electrical Conduit Replacement","True","55.0000","False","True","False","False","False"
"34882","","","40202","False","False","False","0.0000","0.0000","False","","False","False","False","","False","","False","","","0.0000","0.0000","False","","","BOSCH","CE435-BOSCH","","Probe Jack Replacement","True","110.0000","False","True","False","False","False"
"34883","","","40202","False","False","False","0.0000","0.0000","False","","False","False","False","","False","","False","","","0.0000","0.0000","False","","","BOSCH","CE436-BOSCH","","Rack Replacement - Oven","True","16.5000","False","True","False","False","False"
"34884","","","40202","False","False","False","0.0000","0.0000","False","","False","False","False","","False","","False","","","0.0000","0.0000","False","","","BOSCH","CE437-BOSCH","","Surface Element Replacement - Ceran Glass Top","True","165.0000","False","True","False","False","False"
"34885","","","40202","False","False","False","0.0000","0.0000","False","","False","False","False","","False","","False","","","0.0000","0.0000","False","","","BOSCH","CE438-BOSCH","","Surface Element Replacement - Coil Top","True","38.5000","False","True","False","False","False"
"34886","","","40202","False","False","False","0.0000","0.0000","False","","False","False","False","","False","","False","","","0.0000","0.0000","False","","","BOSCH","CE439-BOSCH","","Switch Replacement - Burner/Selector","True","110.0000","False","True","False","False","False"
"34887","","","40202","False","False","False","0.0000","0.0000","False","","False","False","False","","False","","False","","","0.0000","0.0000","False","","","BOSCH","CE440-BOSCH","","Terminal Block Replacement - Electrical Connection","True","55.0000","False","True","False","False","False"
"34888","","","40202","False","False","False","0.0000","0.0000","False","","False","False","False","","False","","False","","","0.0000","0.0000","False","","","BOSCH","CE441-BOSCH","","Transformer Replacement","True","82.5000","False","True","False","False","False"
"34889","","","40202","False","False","False","0.0000","0.0000","False","","False","False","False","","False","","False","","","0.0000","0.0000","False","","","BOSCH","CE600-BOSCH","","Additional Component Replacement","True","55.0000","False","True","False","False","False"
"34890","","","40202","False","False","False","0.0000","0.0000","False","","False","False","False","","False","","False","","","0.0000","0.0000","False","","","BOSCH","CE601-BOSCH","","Address Noise Complaint","True","55.0000","False","True","False","False","False"
"34891","","","40202","False","False","False","0.0000","0.0000","False","","False","False","False","","False","","False","","","0.0000","0.0000","False","","","BOSCH","CE602-BOSCH","","Cabinet Component Repair - Major","True","330.0000","False","True","False","False","False"
"34892","","","40202","False","False","False","0.0000","0.0000","False","","False","False","False","","False","","False","","","0.0000","0.0000","False","","","BOSCH","CE603-BOSCH","","Cabinet Component Repair - Minor","True","110.0000","False","True","False","False","False"
"34893","","","40202","False","False","False","0.0000","0.0000","False","","False","False","False","","False","","False","","","0.0000","0.0000","False","","","BOSCH","CE604-BOSCH","","Component Replacement/Repair - Major","True","330.0000","False","True","False","False","False"
"34894","","","40202","False","False","False","0.0000","0.0000","False","","False","False","False","","False","","False","","","0.0000","0.0000","False","","","BOSCH","CE605-BOSCH","","Component Replacement/Repair - Minor","True","110.0000","False","True","False","False","False"
"34895","","","40202","False","False","False","0.0000","0.0000","False","","False","False","False","","False","","False","","","0.0000","0.0000","False","","","BOSCH","CE606-BOSCH","","Cosmetic Part Replacement - Major","True","82.5000","False","True","False","False","False"
"34896","","","40202","False","False","False","0.0000","0.0000","False","","False","False","False","","False","","False","","","0.0000","0.0000","False","","","BOSCH","CE607-BOSCH","","Cosmetic Part Replacement - Minor","True","27.5000","False","True","False","False","False"
"34897","","","40202","False","False","False","0.0000","0.0000","False","","False","False","False","","False","","False","","","0.0000","0.0000","False","","","BOSCH","CE608-BOSCH","","Difficult Access Fee","True","55.0000","False","True","False","False","False"
"34898","","","40202","False","False","False","0.0000","0.0000","False","","False","False","False","","False","","False","","","0.0000","0.0000","False","","","BOSCH","CE609-BOSCH","","Level Unit/Adjust Unit","True","55.0000","False","True","False","False","False"
"34899","","","40202","False","False","False","0.0000","0.0000","False","","False","False","False","","False","","False","","","0.0000","0.0000","False","","","BOSCH","CE610-BOSCH","","Problem Could Not Be Reproduced","True","55.0000","False","True","False","False","False"
"34900","","","40202","False","False","False","0.0000","0.0000","False","","False","False","False","","False","","False","","","0.0000","0.0000","False","","","BOSCH","CE611-BOSCH","","Repair Burnt Wire(s) or Loose Connection(s)","True","82.5000","False","True","False","False","False"
"34901","","","40202","False","False","False","0.0000","0.0000","False","","False","False","False","","False","","False","","","0.0000","0.0000","False","","","BOSCH","CE612-BOSCH","","Reset Home Circuit Breaker","True","27.5000","False","True","False","False","False"
"34902","","","40202","False","False","False","0.0000","0.0000","False","","False","False","False","","False","","False","","","0.0000","0.0000","False","","","BOSCH","CF400-BOSCH","","Brew Unit Replacement","True","27.5000","False","False","False","False","False"
"34903","","","40202","False","False","False","0.0000","0.0000","False","","False","False","False","","False","","False","","","0.0000","0.0000","False","","","BOSCH","CF401-BOSCH","","Cleaning & Maintenance","True","165.0000","False","False","False","False","False"
"34904","","","40202","False","False","False","0.0000","0.0000","False","","False","False","False","","False","","False","","","0.0000","0.0000","False","","","BOSCH","CF402-BOSCH","","Coffee Bean Storage Bin Replacement","True","27.5000","False","False","False","False","False"
"34905","","","40202","False","False","False","0.0000","0.0000","False","","False","False","False","","False","","False","","","0.0000","0.0000","False","","","BOSCH","CF403-BOSCH","","Component Sensing Device Replacement","True","110.0000","False","False","False","False","False"
"34906","","","40202","False","False","False","0.0000","0.0000","False","","False","False","False","","False","","False","","","0.0000","0.0000","False","","","BOSCH","CF404-BOSCH","","Connecting Tube(s)-Clamp(s) Replacement","True","82.5000","False","False","False","False","False"
"34907","","","40202","False","False","False","0.0000","0.0000","False","","False","False","False","","False","","False","","","0.0000","0.0000","False","","","BOSCH","CF405-BOSCH","","Descale Unit Only","True","82.5000","False","False","False","False","False"
"34908","","","40202","False","False","False","0.0000","0.0000","False","","False","False","False","","False","","False","","","0.0000","0.0000","False","","","BOSCH","CF406-BOSCH","","Drive Motor Replacement","True","165.0000","False","False","False","False","False"
"34909","","","40202","False","False","False","0.0000","0.0000","False","","False","False","False","","False","","False","","","0.0000","0.0000","False","","","BOSCH","CF407-BOSCH","","Electronic Control/Module Replacement","True","165.0000","False","False","False","False","False"
"34910","","","40202","False","False","False","0.0000","0.0000","False","","False","False","False","","False","","False","","","0.0000","0.0000","False","","","BOSCH","CF408-BOSCH","","Flow Meter Replacement","True","110.0000","False","False","False","False","False"
"34911","","","40202","False","False","False","0.0000","0.0000","False","","False","False","False","","False","","False","","","0.0000","0.0000","False","","","BOSCH","CF409-BOSCH","","Grind Chamber Replacement","True","165.0000","False","False","False","False","False"
"34912","","","40202","False","False","False","0.0000","0.0000","False","","False","False","False","","False","","False","","","0.0000","0.0000","False","","","BOSCH","CF410-BOSCH","","Heater Assembly Replacement","True","165.0000","False","False","False","False","False"
"34913","","","40202","False","False","False","0.0000","0.0000","False","","False","False","False","","False","","False","","","0.0000","0.0000","False","","","BOSCH","CF411-BOSCH","","Interference Limiter Replacement","True","110.0000","False","False","False","False","False"
"34914","","","40202","False","False","False","0.0000","0.0000","False","","False","False","False","","False","","False","","","0.0000","0.0000","False","","","BOSCH","CF412-BOSCH","","Light Bulb Replacement","True","27.5000","False","False","False","False","False"
"34915","","","40202","False","False","False","0.0000","0.0000","False","","False","False","False","","False","","False","","","0.0000","0.0000","False","","","BOSCH","CF413-BOSCH","","Microswitch Replacement","True","110.0000","False","False","False","False","False"
"34916","","","40202","False","False","False","0.0000","0.0000","False","","False","False","False","","False","","False","","","0.0000","0.0000","False","","","BOSCH","CF414-BOSCH","","Power Cord/Electrical Conduit Replacement","True","55.0000","False","False","False","False","False"
"34917","","","40202","False","False","False","0.0000","0.0000","False","","False","False","False","","False","","False","","","0.0000","0.0000","False","","","BOSCH","CF415-BOSCH","","Pressure Relief Valve Replacement","True","137.5000","False","False","False","False","False"
"34918","","","40202","False","False","False","0.0000","0.0000","False","","False","False","False","","False","","False","","","0.0000","0.0000","False","","","BOSCH","CF416-BOSCH","","Refuse Bin Replacement","True","27.5000","False","False","False","False","False"
"34919","","","40202","False","False","False","0.0000","0.0000","False","","False","False","False","","False","","False","","","0.0000","0.0000","False","","","BOSCH","CF417-BOSCH","","Solenoid Replacement","True","110.0000","False","False","False","False","False"
"34920","","","40202","False","False","False","0.0000","0.0000","False","","False","False","False","","False","","False","","","0.0000","0.0000","False","","","BOSCH","CF418-BOSCH","","Steam Generator Replacement","True","137.5000","False","False","False","False","False"
"34921","","","40202","False","False","False","0.0000","0.0000","False","","False","False","False","","False","","False","","","0.0000","0.0000","False","","","BOSCH","CF419-BOSCH","","Temp Sensor Replacement","True","110.0000","False","False","False","False","False"
"34922","","","40202","False","False","False","0.0000","0.0000","False","","False","False","False","","False","","False","","","0.0000","0.0000","False","","","BOSCH","CF420-BOSCH","","Thermal Limiter Replacement","True","110.0000","False","False","False","False","False"
"34923","","","40202","False","False","False","0.0000","0.0000","False","","False","False","False","","False","","False","","","0.0000","0.0000","False","","","BOSCH","CF421-BOSCH","","Water Pump Replacement","True","137.5000","False","False","False","False","False"
"34924","","","40202","False","False","False","0.0000","0.0000","False","","False","False","False","","False","","False","","","0.0000","0.0000","False","","","BOSCH","CF422-BOSCH","","Water Reservoir Replacement","True","27.5000","False","False","False","False","False"
"34925","","","40202","False","False","False","0.0000","0.0000","False","","False","False","False","","False","","False","","","0.0000","0.0000","False","","","BOSCH","CF423-BOSCH","","Water Valve Replacement","True","110.0000","False","False","False","False","False"
"34926","","","40202","False","False","False","0.0000","0.0000","False","","False","False","False","","False","","False","","","0.0000","0.0000","False","","","BOSCH","CF600-BOSCH","","Additional Component Replacement","True","55.0000","False","False","False","False","False"
"34927","","","40202","False","False","False","0.0000","0.0000","False","","False","False","False","","False","","False","","","0.0000","0.0000","False","","","BOSCH","CF601-BOSCH","","Address Noise Complaint","True","55.0000","False","False","False","False","False"
"34928","","","40202","False","False","False","0.0000","0.0000","False","","False","False","False","","False","","False","","","0.0000","0.0000","False","","","BOSCH","CF602-BOSCH","","Cabinet Component Repair - Major","True","330.0000","False","False","False","False","False"
"34929","","","40202","False","False","False","0.0000","0.0000","False","","False","False","False","","False","","False","","","0.0000","0.0000","False","","","BOSCH","CF603-BOSCH","","Cabinet Component Repair - Minor","True","110.0000","False","False","False","False","False"
"34930","","","40202","False","False","False","0.0000","0.0000","False","","False","False","False","","False","","False","","","0.0000","0.0000","False","","","BOSCH","CF604-BOSCH","","Component Replacement/Repair - Major","True","330.0000","False","False","False","False","False"
"34931","","","40202","False","False","False","0.0000","0.0000","False","","False","False","False","","False","","False","","","0.0000","0.0000","False","","","BOSCH","CF605-BOSCH","","Component Replacement/Repair - Minor","True","110.0000","False","False","False","False","False"
"34932","","","40202","False","False","False","0.0000","0.0000","False","","False","False","False","","False","","False","","","0.0000","0.0000","False","","","BOSCH","CF606-BOSCH","","Cosmetic Part Replacement - Major","True","82.5000","False","False","False","False","False"
"34933","","","40202","False","False","False","0.0000","0.0000","False","","False","False","False","","False","","False","","","0.0000","0.0000","False","","","BOSCH","CF607-BOSCH","","Cosmetic Part Replacement - Minor","True","27.5000","False","False","False","False","False"
"34934","","","40202","False","False","False","0.0000","0.0000","False","","False","False","False","","False","","False","","","0.0000","0.0000","False","","","BOSCH","CF608-BOSCH","","Difficult Access Fee","True","55.0000","False","False","False","False","False"
"34935","","","40202","False","False","False","0.0000","0.0000","False","","False","False","False","","False","","False","","","0.0000","0.0000","False","","","BOSCH","CF609-BOSCH","","Level Unit/Adjust Unit","True","55.0000","False","False","False","False","False"
"34936","","","40202","False","False","False","0.0000","0.0000","False","","False","False","False","","False","","False","","","0.0000","0.0000","False","","","BOSCH","CF610-BOSCH","","Problem Could Not Be Reproduced","True","55.0000","False","False","False","False","False"
"34937","","","40202","False","False","False","0.0000","0.0000","False","","False","False","False","","False","","False","","","0.0000","0.0000","False","","","BOSCH","CF611-BOSCH","","Repair Burnt Wire(s) or Loose Connection(s)","True","82.5000","False","False","False","False","False"
"34938","","","40202","False","False","False","0.0000","0.0000","False","","False","False","False","","False","","False","","","0.0000","0.0000","False","","","BOSCH","CF612-BOSCH","","Reset Home Circuit Breaker","True","27.5000","False","False","False","False","False"
"34939","","","40202","False","False","False","0.0000","0.0000","False","","False","False","False","","False","","False","","","0.0000","0.0000","False","","","BOSCH","CG400-BOSCH","","Bake Burner Assembly Replacement (Pro Oven/Range)","True","110.0000","False","True","False","False","False"
"34940","","","40202","False","False","False","0.0000","0.0000","False","","False","False","False","","False","","False","","","0.0000","0.0000","False","","","BOSCH","CG401-BOSCH","","Bake Burner Assembly Replacement (Standard Oven/Range)","True","82.5000","False","True","False","False","False"
"34941","","","40202","False","False","False","0.0000","0.0000","False","","False","False","False","","False","","False","","","0.0000","0.0000","False","","","BOSCH","CG402-BOSCH","","Broil Burner Assembly Replacement (Pro Oven/Range)","True","110.0000","False","True","False","False","False"
"34942","","","40202","False","False","False","0.0000","0.0000","False","","False","False","False","","False","","False","","","0.0000","0.0000","False","","","BOSCH","CG403-BOSCH","","Broil Burner Assembly Replacement (Standard Oven/Range)","True","82.5000","False","True","False","False","False"
"34943","","","40202","False","False","False","0.0000","0.0000","False","","False","False","False","","False","","False","","","0.0000","0.0000","False","","","BOSCH","CG404-BOSCH","","Burner Grate(s)/Cap(s) Replacement","True","16.5000","False","True","False","False","False"
"34944","","","40202","False","False","False","0.0000","0.0000","False","","False","False","False","","False","","False","","","0.0000","0.0000","False","","","BOSCH","CG405-BOSCH","","Burner Ignition Component Replacement","True","82.5000","False","True","False","False","False"
"34945","","","40202","False","False","False","0.0000","0.0000","False","","False","False","False","","False","","False","","","0.0000","0.0000","False","","","BOSCH","CG406-BOSCH","","Burner Valve Replacement - Surface Burner","True","165.0000","False","True","False","False","False"
"34946","","","40202","False","False","False","0.0000","0.0000","False","","False","False","False","","False","","False","","","0.0000","0.0000","False","","","BOSCH","CG407-BOSCH","","Convection Fan Motor/Blade Replacement (Pro Oven/Range)","True","165.0000","False","True","False","False","False"
"34947","","","40202","False","False","False","0.0000","0.0000","False","","False","False","False","","False","","False","","","0.0000","0.0000","False","","","BOSCH","CG408-BOSCH","","Convection Fan Motor/Blade Replacement (Standard Oven/Range)","True","110.0000","False","True","False","False","False"
"34948","","","40202","False","False","False","0.0000","0.0000","False","","False","False","False","","False","","False","","","0.0000","0.0000","False","","","BOSCH","CG409-BOSCH","","Cooktop Burner Assembly Replacement","True","82.5000","False","True","False","False","False"
"34949","","","40202","False","False","False","0.0000","0.0000","False","","False","False","False","","False","","False","","","0.0000","0.0000","False","","","BOSCH","CG410-BOSCH","","Cooling Fan Motor/Blade Replacement (Pro Oven/Range)","True","165.0000","False","True","False","False","False"
"34950","","","40202","False","False","False","0.0000","0.0000","False","","False","False","False","","False","","False","","","0.0000","0.0000","False","","","BOSCH","CG411-BOSCH","","Cooling Fan Motor/Blade Replacement (Standard Oven/Range)","True","82.5000","False","True","False","False","False"
"34951","","","40202","False","False","False","0.0000","0.0000","False","","False","False","False","","False","","False","","","0.0000","0.0000","False","","","BOSCH","CG412-BOSCH","","Door Component Replacement - Oven Glass-Liner-Handle-etc","True","82.5000","False","True","False","False","False"
"34952","","","40202","False","False","False","0.0000","0.0000","False","","False","False","False","","False","","False","","","0.0000","0.0000","False","","","BOSCH","CG413-BOSCH","","Door Hinge Assembly Replacement","True","110.0000","False","True","False","False","False"
"34953","","","40202","False","False","False","0.0000","0.0000","False","","False","False","False","","False","","False","","","0.0000","0.0000","False","","","BOSCH","CG414-BOSCH","","Door Hinge Receiver Replacement (Double Wall Oven)","True","192.5000","False","True","False","False","False"
"34954","","","40202","False","False","False","0.0000","0.0000","False","","False","False","False","","False","","False","","","0.0000","0.0000","False","","","BOSCH","CG415-BOSCH","","Door Hinge Receiver Replacement (Pro Range)","True","192.5000","False","True","False","False","False"
"34955","","","40202","False","False","False","0.0000","0.0000","False","","False","False","False","","False","","False","","","0.0000","0.0000","False","","","BOSCH","CG416-BOSCH","","Door Hinge Receiver Replacement (Single Wall Oven)","True","110.0000","False","True","False","False","False"
"34956","","","40202","False","False","False","0.0000","0.0000","False","","False","False","False","","False","","False","","","0.0000","0.0000","False","","","BOSCH","CG417-BOSCH","","Door Hinge Receiver Replacement (Standard Range)","True","110.0000","False","True","False","False","False"
"34957","","","40202","False","False","False","0.0000","0.0000","False","","False","False","False","","False","","False","","","0.0000","0.0000","False","","","BOSCH","CG418-BOSCH","","Door Lock/Latch Assembly Replacement","True","110.0000","False","True","False","False","False"
"34958","","","40202","False","False","False","0.0000","0.0000","False","","False","False","False","","False","","False","","","0.0000","0.0000","False","","","BOSCH","CG419-BOSCH","","Door/Window Cleaning (Double Oven)","True","110.0000","False","True","False","False","False"
"34959","","","40202","False","False","False","0.0000","0.0000","False","","False","False","False","","False","","False","","","0.0000","0.0000","False","","","BOSCH","CG420-BOSCH","","Door/Window Cleaning (Single Oven)","True","82.5000","False","True","False","False","False"
"34960","","","40202","False","False","False","0.0000","0.0000","False","","False","False","False","","False","","False","","","0.0000","0.0000","False","","","BOSCH","CG421-BOSCH","","Electronic Control/Module Replacement","True","110.0000","False","True","False","False","False"
"34961","","","40202","False","False","False","0.0000","0.0000","False","","False","False","False","","False","","False","","","0.0000","0.0000","False","","","BOSCH","CG422-BOSCH","","Gas Supply Flex Line Replacement","True","55.0000","False","True","False","False","False"
"34962","","","40202","False","False","False","0.0000","0.0000","False","","False","False","False","","False","","False","","","0.0000","0.0000","False","","","BOSCH","CG423-BOSCH","","Griddle/Grill Component Replacement","True","55.0000","False","True","False","False","False"
"34963","","","40202","False","False","False","0.0000","0.0000","False","","False","False","False","","False","","False","","","0.0000","0.0000","False","","","BOSCH","CG424-BOSCH","","Griddle/Grill Thermostat Replacement","True","137.5000","False","True","False","False","False"
"34964","","","40202","False","False","False","0.0000","0.0000","False","","False","False","False","","False","","False","","","0.0000","0.0000","False","","","BOSCH","CG425-BOSCH","","Hi-Limit Thermal Cutout Replacement - Front Service","True","82.5000","False","True","False","False","False"
"34965","","","40202","False","False","False","0.0000","0.0000","False","","False","False","False","","False","","False","","","0.0000","0.0000","False","","","BOSCH","CG426-BOSCH","","Hi-Limit Thermal Cutout Replacement - Rear Service","True","110.0000","False","True","False","False","False"
"34966","","","40202","False","False","False","0.0000","0.0000","False","","False","False","False","","False","","False","","","0.0000","0.0000","False","","","BOSCH","CG427-BOSCH","","Leveling Legs/Wheel Replacement - Pro Range","True","110.0000","False","True","False","False","False"
"34967","","","40202","False","False","False","0.0000","0.0000","False","","False","False","False","","False","","False","","","0.0000","0.0000","False","","","BOSCH","CG428-BOSCH","","Leveling Legs/Wheel Replacement - Standard Range","True","55.0000","False","True","False","False","False"
"34968","","","40202","False","False","False","0.0000","0.0000","False","","False","False","False","","False","","False","","","0.0000","0.0000","False","","","BOSCH","CG429-BOSCH","","Light Bulb Replacement (Front Service)","True","22.0000","False","True","False","False","False"
"34969","","","40202","False","False","False","0.0000","0.0000","False","","False","False","False","","False","","False","","","0.0000","0.0000","False","","","BOSCH","CG430-BOSCH","","Light Bulb Replacement (Rear Service)","True","55.0000","False","True","False","False","False"
"34970","","","40202","False","False","False","0.0000","0.0000","False","","False","False","False","","False","","False","","","0.0000","0.0000","False","","","BOSCH","CG431-BOSCH","","Locate and Repair Gas Leak Locate and Repair (Difficult Access)","True","110.0000","False","True","False","False","False"
"34971","","","40202","False","False","False","0.0000","0.0000","False","","False","False","False","","False","","False","","","0.0000","0.0000","False","","","BOSCH","CG432-BOSCH","","Locate and Repair Gas Leak Locate and Repair (Readily Accessible)","True","55.0000","False","True","False","False","False"
"34972","","","40202","False","False","False","0.0000","0.0000","False","","False","False","False","","False","","False","","","0.0000","0.0000","False","","","BOSCH","CG433-BOSCH","","Orifice(s) Replacement (Cooktop)","True","55.0000","False","True","False","False","False"
"34973","","","40202","False","False","False","0.0000","0.0000","False","","False","False","False","","False","","False","","","0.0000","0.0000","False","","","BOSCH","CG434-BOSCH","","Orifice(s) Replacement (Oven)","True","82.5000","False","True","False","False","False"
"34974","","","40202","False","False","False","0.0000","0.0000","False","","False","False","False","","False","","False","","","0.0000","0.0000","False","","","BOSCH","CG435-BOSCH","","Oven Ignitor (HSI) Replacement","True","82.5000","False","True","False","False","False"
"34975","","","40202","False","False","False","0.0000","0.0000","False","","False","False","False","","False","","False","","","0.0000","0.0000","False","","","BOSCH","CG436-BOSCH","","Oven Temp Sensor (Thermistor) Replacement","True","82.5000","False","True","False","False","False"
"34976","","","40202","False","False","False","0.0000","0.0000","False","","False","False","False","","False","","False","","","0.0000","0.0000","False","","","BOSCH","CG437-BOSCH","","Oven Temperature Calibration","True","82.5000","False","True","False","False","False"
"34977","","","40202","False","False","False","0.0000","0.0000","False","","False","False","False","","False","","False","","","0.0000","0.0000","False","","","BOSCH","CG438-BOSCH","","Oven Thermostat Replacement","True","220.0000","False","True","False","False","False"
"34978","","","40202","False","False","False","0.0000","0.0000","False","","False","False","False","","False","","False","","","0.0000","0.0000","False","","","BOSCH","CG439-BOSCH","","Power Cord/Electrical Conduit Replacement","True","55.0000","False","True","False","False","False"
"34979","","","40202","False","False","False","0.0000","0.0000","False","","False","False","False","","False","","False","","","0.0000","0.0000","False","","","BOSCH","CG440-BOSCH","","Probe Jack Replacement","True","82.5000","False","True","False","False","False"
"34980","","","40202","False","False","False","0.0000","0.0000","False","","False","False","False","","False","","False","","","0.0000","0.0000","False","","","BOSCH","CG441-BOSCH","","Rack Replacement - Oven","True","16.5000","False","True","False","False","False"
"34981","","","40202","False","False","False","0.0000","0.0000","False","","False","False","False","","False","","False","","","0.0000","0.0000","False","","","BOSCH","CG442-BOSCH","","Regulator Replacement (Standard Access)","True","82.5000","False","True","False","False","False"
"34982","","","40202","False","False","False","0.0000","0.0000","False","","False","False","False","","False","","False","","","0.0000","0.0000","False","","","BOSCH","CG443-BOSCH","","Regulator Replacement Pro Range (Difficult Access)","True","165.0000","False","True","False","False","False"
"34983","","","40202","False","False","False","0.0000","0.0000","False","","False","False","False","","False","","False","","","0.0000","0.0000","False","","","BOSCH","CG444-BOSCH","","Safety Valve Replacement","True","110.0000","False","True","False","False","False"
"34984","","","40202","False","False","False","0.0000","0.0000","False","","False","False","False","","False","","False","","","0.0000","0.0000","False","","","BOSCH","CG445-BOSCH","","Simmer Setting Adjustment - Gas Burner","True","33.0000","False","True","False","False","False"
"34985","","","40202","False","False","False","0.0000","0.0000","False","","False","False","False","","False","","False","","","0.0000","0.0000","False","","","BOSCH","CG446-BOSCH","","Solenoid Replacement","True","82.5000","False","True","False","False","False"
"34986","","","40202","False","False","False","0.0000","0.0000","False","","False","False","False","","False","","False","","","0.0000","0.0000","False","","","BOSCH","CG447-BOSCH","","Switch Assembly Replacement","True","82.5000","False","True","False","False","False"
"34987","","","40202","False","False","False","0.0000","0.0000","False","","False","False","False","","False","","False","","","0.0000","0.0000","False","","","BOSCH","CG448-BOSCH","","Terminal Block Replacement - Electrical Connection","True","55.0000","False","True","False","False","False"
"34988","","","40202","False","False","False","0.0000","0.0000","False","","False","False","False","","False","","False","","","0.0000","0.0000","False","","","BOSCH","CG449-BOSCH","","Thermocouple Replacement","True","82.5000","False","True","False","False","False"
"34989","","","40202","False","False","False","0.0000","0.0000","False","","False","False","False","","False","","False","","","0.0000","0.0000","False","","","BOSCH","CG450-BOSCH","","Transformer Replacement","True","110.0000","False","True","False","False","False"
"34990","","","40202","False","False","False","0.0000","0.0000","False","","False","False","False","","False","","False","","","0.0000","0.0000","False","","","BOSCH","CG600-BOSCH","","Additional Component Replacement","True","55.0000","False","True","False","False","False"
"34991","","","40202","False","False","False","0.0000","0.0000","False","","False","False","False","","False","","False","","","0.0000","0.0000","False","","","BOSCH","CG601-BOSCH","","Address Noise Complaint","True","55.0000","False","True","False","False","False"
"34992","","","40202","False","False","False","0.0000","0.0000","False","","False","False","False","","False","","False","","","0.0000","0.0000","False","","","BOSCH","CG602-BOSCH","","Cabinet Component Repair - Major","True","330.0000","False","True","False","False","False"
"34993","","","40202","False","False","False","0.0000","0.0000","False","","False","False","False","","False","","False","","","0.0000","0.0000","False","","","BOSCH","CG603-BOSCH","","Cabinet Component Repair - Minor","True","110.0000","False","True","False","False","False"
"34994","","","40202","False","False","False","0.0000","0.0000","False","","False","False","False","","False","","False","","","0.0000","0.0000","False","","","BOSCH","CG604-BOSCH","","Component Replacement/Repair - Major","True","330.0000","False","True","False","False","False"
"34995","","","40202","False","False","False","0.0000","0.0000","False","","False","False","False","","False","","False","","","0.0000","0.0000","False","","","BOSCH","CG605-BOSCH","","Component Replacement/Repair - Minor","True","110.0000","False","True","False","False","False"
"34996","","","40202","False","False","False","0.0000","0.0000","False","","False","False","False","","False","","False","","","0.0000","0.0000","False","","","BOSCH","CG606-BOSCH","","Cosmetic Part Replacement - Major","True","82.5000","False","True","False","False","False"
"34997","","","40202","False","False","False","0.0000","0.0000","False","","False","False","False","","False","","False","","","0.0000","0.0000","False","","","BOSCH","CG607-BOSCH","","Cosmetic Part Replacement - Minor","True","27.5000","False","True","False","False","False"
"34998","","","40202","False","False","False","0.0000","0.0000","False","","False","False","False","","False","","False","","","0.0000","0.0000","False","","","BOSCH","CG608-BOSCH","","Difficult Access Fee","True","55.0000","False","True","False","False","False"
"34999","","","40202","False","False","False","0.0000","0.0000","False","","False","False","False","","False","","False","","","0.0000","0.0000","False","","","BOSCH","CG609-BOSCH","","Level Unit/Adjust Unit","True","55.0000","False","True","False","False","False"
"35000","","","40202","False","False","False","0.0000","0.0000","False","","False","False","False","","False","","False","","","0.0000","0.0000","False","","","BOSCH","CG610-BOSCH","","Problem Could Not Be Reproduced","True","55.0000","False","True","False","False","False"
"35001","","","40202","False","False","False","0.0000","0.0000","False","","False","False","False","","False","","False","","","0.0000","0.0000","False","","","BOSCH","CG611-BOSCH","","Repair Burnt Wire(s) or Loose Connection(s)","True","82.5000","False","True","False","False","False"
"35002","","","40202","False","False","False","0.0000","0.0000","False","","False","False","False","","False","","False","","","0.0000","0.0000","False","","","BOSCH","CG612-BOSCH","","Reset Home Circuit Breaker","True","27.5000","False","True","False","False","False"
"35003","","","40202","False","False","False","0.0000","0.0000","False","","False","False","False","","False","","False","","","0.0000","0.0000","False","","","BOSCH","DR401-BOSCH","","Belt Replacement","True","137.5000","False","True","False","False","False"
"35004","","","40202","False","False","False","0.0000","0.0000","False","","False","False","False","","False","","False","","","0.0000","0.0000","False","","","BOSCH","DR402-BOSCH","","Blower Wheel Replacement","True","137.5000","False","True","False","False","False"
"35005","","","40202","False","False","False","0.0000","0.0000","False","","False","False","False","","False","","False","","","0.0000","0.0000","False","","","BOSCH","DR403-BOSCH","","Burner Tube Assembly","True","82.5000","False","True","False","False","False"
"35006","","","40202","False","False","False","0.0000","0.0000","False","","False","False","False","","False","","False","","","0.0000","0.0000","False","","","BOSCH","DR404-BOSCH","","Clear Lint/Debris From Venting","True","55.0000","False","True","False","False","False"
"35007","","","40202","False","False","False","0.0000","0.0000","False","","False","False","False","","False","","False","","","0.0000","0.0000","False","","","BOSCH","DR405-BOSCH","","Door Switch Replacement","True","82.5000","False","True","False","False","False"
"35008","","","40202","False","False","False","0.0000","0.0000","False","","False","False","False","","False","","False","","","0.0000","0.0000","False","","","BOSCH","DR406-BOSCH","","Drum Replacement","True","137.5000","False","True","False","False","False"
"35009","","","40202","False","False","False","0.0000","0.0000","False","","False","False","False","","False","","False","","","0.0000","0.0000","False","","","BOSCH","DR407-BOSCH","","Electronic Control/Timer/Pad Replacement","True","82.5000","False","True","False","False","False"
"35010","","","40202","False","False","False","0.0000","0.0000","False","","False","False","False","","False","","False","","","0.0000","0.0000","False","","","BOSCH","DR408-BOSCH","","Gas Valve Assembly Replacement","True","110.0000","False","True","False","False","False"
"35011","","","40202","False","False","False","0.0000","0.0000","False","","False","False","False","","False","","False","","","0.0000","0.0000","False","","","BOSCH","DR409-BOSCH","","Heating Element Replacement","True","82.5000","False","True","False","False","False"
"35012","","","40202","False","False","False","0.0000","0.0000","False","","False","False","False","","False","","False","","","0.0000","0.0000","False","","","BOSCH","DR410-BOSCH","","Hi-Limit/Thermal Fuse Replacement","True","55.0000","False","True","False","False","False"
"35013","","","40202","False","False","False","0.0000","0.0000","False","","False","False","False","","False","","False","","","0.0000","0.0000","False","","","BOSCH","DR411-BOSCH","","Igniter (HSI) Replacement","True","55.0000","False","True","False","False","False"
"35014","","","40202","False","False","False","0.0000","0.0000","False","","False","False","False","","False","","False","","","0.0000","0.0000","False","","","BOSCH","DR412-BOSCH","","Interference Suppressor Replacement","True","55.0000","False","True","False","False","False"
"35015","","","40202","False","False","False","0.0000","0.0000","False","","False","False","False","","False","","False","","","0.0000","0.0000","False","","","BOSCH","DR413-BOSCH","","Level Unit/Adjust Unit","True","27.5000","False","True","False","False","False"
"35016","","","40202","False","False","False","0.0000","0.0000","False","","False","False","False","","False","","False","","","0.0000","0.0000","False","","","BOSCH","DR414-BOSCH","","Light Bulb Replacement","True","27.5000","False","True","False","False","False"
"35017","","","40202","False","False","False","0.0000","0.0000","False","","False","False","False","","False","","False","","","0.0000","0.0000","False","","","BOSCH","DR415-BOSCH","","LP or Natural Gas Conversion","True","82.5000","False","True","False","False","False"
"35018","","","40202","False","False","False","0.0000","0.0000","False","","False","False","False","","False","","False","","","0.0000","0.0000","False","","","BOSCH","DR416-BOSCH","","Motor Replacement - Drum/Drive","True","165.0000","False","True","False","False","False"
"35019","","","40202","False","False","False","0.0000","0.0000","False","","False","False","False","","False","","False","","","0.0000","0.0000","False","","","BOSCH","DR417-BOSCH","","Power Cord/Electrical Conduit Replacement","True","55.0000","False","True","False","False","False"
"35020","","","40202","False","False","False","0.0000","0.0000","False","","False","False","False","","False","","False","","","0.0000","0.0000","False","","","BOSCH","DR418-BOSCH","","Terminal Block Replacement - Electrical Connection","True","82.5000","False","True","False","False","False"
"35021","","","40202","False","False","False","0.0000","0.0000","False","","False","False","False","","False","","False","","","0.0000","0.0000","False","","","BOSCH","DR419-BOSCH","","Thermostat Replacement","True","82.5000","False","True","False","False","False"
"35022","","","40202","False","False","False","0.0000","0.0000","False","","False","False","False","","False","","False","","","0.0000","0.0000","False","","","BOSCH","DR420-BOSCH","","Tub Roller/Idler Pulley/Belt Kit Replacement","True","137.5000","False","True","False","False","False"
"35023","","","40202","False","False","False","0.0000","0.0000","False","","False","False","False","","False","","False","","","0.0000","0.0000","False","","","BOSCH","DR421-BOSCH","","Vent Hose & Clamp(s) Replacement","True","55.0000","False","True","False","False","False"
"35024","","","40202","False","False","False","0.0000","0.0000","False","","False","False","False","","False","","False","","","0.0000","0.0000","False","","","BOSCH","DR600-BOSCH","","Additional Component Replacement","True","55.0000","False","True","False","False","False"
"35025","","","40202","False","False","False","0.0000","0.0000","False","","False","False","False","","False","","False","","","0.0000","0.0000","False","","","BOSCH","DR601-BOSCH","","Address Noise Complaint","True","55.0000","False","True","False","False","False"
"35026","","","40202","False","False","False","0.0000","0.0000","False","","False","False","False","","False","","False","","","0.0000","0.0000","False","","","BOSCH","DR602-BOSCH","","Cabinet Component Repair - Major","True","330.0000","False","True","False","False","False"
"35027","","","40202","False","False","False","0.0000","0.0000","False","","False","False","False","","False","","False","","","0.0000","0.0000","False","","","BOSCH","DR603-BOSCH","","Cabinet Component Repair - Minor","True","110.0000","False","True","False","False","False"
"35028","","","40202","False","False","False","0.0000","0.0000","False","","False","False","False","","False","","False","","","0.0000","0.0000","False","","","BOSCH","DR604-BOSCH","","Component Replacement/Repair - Major","True","330.0000","False","True","False","False","False"
"35029","","","40202","False","False","False","0.0000","0.0000","False","","False","False","False","","False","","False","","","0.0000","0.0000","False","","","BOSCH","DR605-BOSCH","","Component Replacement/Repair - Minor","True","110.0000","False","True","False","False","False"
"35030","","","40202","False","False","False","0.0000","0.0000","False","","False","False","False","","False","","False","","","0.0000","0.0000","False","","","BOSCH","DR606-BOSCH","","Cosmetic Part Replacement - Major","True","82.5000","False","True","False","False","False"
"35031","","","40202","False","False","False","0.0000","0.0000","False","","False","False","False","","False","","False","","","0.0000","0.0000","False","","","BOSCH","DR607-BOSCH","","Cosmetic Part Replacement - Minor","True","27.5000","False","True","False","False","False"
"35032","","","40202","False","False","False","0.0000","0.0000","False","","False","False","False","","False","","False","","","0.0000","0.0000","False","","","BOSCH","DR608-BOSCH","","Difficult Access Fee","True","55.0000","False","True","False","False","False"
"35033","","","40202","False","False","False","0.0000","0.0000","False","","False","False","False","","False","","False","","","0.0000","0.0000","False","","","BOSCH","DR609-BOSCH","","Level Unit/Adjust Unit","True","55.0000","False","True","False","False","False"
"35034","","","40202","False","False","False","0.0000","0.0000","False","","False","False","False","","False","","False","","","0.0000","0.0000","False","","","BOSCH","DR610-BOSCH","","Problem Could Not Be Reproduced","True","55.0000","False","True","False","False","False"
"35035","","","40202","False","False","False","0.0000","0.0000","False","","False","False","False","","False","","False","","","0.0000","0.0000","False","","","BOSCH","DR611-BOSCH","","Repair Burnt Wire(s) or Loose Connection(s)","True","82.5000","False","True","False","False","False"
"35036","","","40202","False","False","False","0.0000","0.0000","False","","False","False","False","","False","","False","","","0.0000","0.0000","False","","","BOSCH","DR612-BOSCH","","Reset Home Circuit Breaker","True","27.5000","False","True","False","False","False"
"35037","","","40202","False","False","False","0.0000","0.0000","False","","False","False","False","","False","","False","","","0.0000","0.0000","False","","","BOSCH","DW400-BOSCH","","Address Washability Concerns","True","27.5000","False","False","False","False","False"
"35038","","","40202","False","False","False","0.0000","0.0000","False","","False","False","False","","False","","False","","","0.0000","0.0000","False","","","BOSCH","DW401-BOSCH","","Address Water Leak (Tub-Door-Etc.)","True","82.5000","False","False","False","False","False"
"35039","","","40202","False","False","False","0.0000","0.0000","False","","False","False","False","","False","","False","","","0.0000","0.0000","False","","","BOSCH","DW402-BOSCH","","Debris Removal & Cleaning From Drain/Sink Connection","True","55.0000","False","False","False","False","False"
"35040","","","40202","False","False","False","0.0000","0.0000","False","","False","False","False","","False","","False","","","0.0000","0.0000","False","","","BOSCH","DW403-BOSCH","","Debris Removal from Sump/Impeller/Drain","True","55.0000","False","False","False","False","False"
"35041","","","40202","False","False","False","0.0000","0.0000","False","","False","False","False","","False","","False","","","0.0000","0.0000","False","","","BOSCH","DW404-BOSCH","","Detergent Cup Assembly Replacement","True","82.5000","False","False","False","False","False"
"35042","","","40202","False","False","False","0.0000","0.0000","False","","False","False","False","","False","","False","","","0.0000","0.0000","False","","","BOSCH","DW405-BOSCH","","Door Panel/Console Replacement (Outer)","True","55.0000","False","False","False","False","False"
"35043","","","40202","False","False","False","0.0000","0.0000","False","","False","False","False","","False","","False","","","0.0000","0.0000","False","","","BOSCH","DW406-BOSCH","","Door Replacement (Inner)","True","82.5000","False","False","False","False","False"
"35044","","","40202","False","False","False","0.0000","0.0000","False","","False","False","False","","False","","False","","","0.0000","0.0000","False","","","BOSCH","DW407-BOSCH","","Door Seal Replacement","True","55.0000","False","False","False","False","False"
"35045","","","40202","False","False","False","0.0000","0.0000","False","","False","False","False","","False","","False","","","0.0000","0.0000","False","","","BOSCH","DW408-BOSCH","","Door Spring Tension/Balance Adjustment (Front Accessible)","True","27.5000","False","False","False","False","False"
"35046","","","40202","False","False","False","0.0000","0.0000","False","","False","False","False","","False","","False","","","0.0000","0.0000","False","","","BOSCH","DW409-BOSCH","","Door Spring Tension/Balance Adjustment (Unit Removed For Access)","True","55.0000","False","False","False","False","False"
"35047","","","40202","False","False","False","0.0000","0.0000","False","","False","False","False","","False","","False","","","0.0000","0.0000","False","","","BOSCH","DW410-BOSCH","","Door Spring/Balance Kit Replacement","True","110.0000","False","False","False","False","False"
"35048","","","40202","False","False","False","0.0000","0.0000","False","","False","False","False","","False","","False","","","0.0000","0.0000","False","","","BOSCH","DW411-BOSCH","","Door Switch Replacement","True","82.5000","False","False","False","False","False"
"35049","","","40202","False","False","False","0.0000","0.0000","False","","False","False","False","","False","","False","","","0.0000","0.0000","False","","","BOSCH","DW412-BOSCH","","Drain Hose Replacement","True","82.5000","False","False","False","False","False"
"35050","","","40202","False","False","False","0.0000","0.0000","False","","False","False","False","","False","","False","","","0.0000","0.0000","False","","","BOSCH","DW413-BOSCH","","Drain Pump Replacement","True","165.0000","False","False","False","False","False"
"35051","","","40202","False","False","False","0.0000","0.0000","False","","False","False","False","","False","","False","","","0.0000","0.0000","False","","","BOSCH","DW414-BOSCH","","Drying Fan Motor/Blade Replacement","True","110.0000","False","False","False","False","False"
"35052","","","40202","False","False","False","0.0000","0.0000","False","","False","False","False","","False","","False","","","0.0000","0.0000","False","","","BOSCH","DW415-BOSCH","","Electrical Disconnect was Turned Off (Light Switch)","True","16.5000","False","False","False","False","False"
"35053","","","40202","False","False","False","0.0000","0.0000","False","","False","False","False","","False","","False","","","0.0000","0.0000","False","","","BOSCH","DW416-BOSCH","","Electronic Control/Timer/Pad Replacement","True","110.0000","False","False","False","False","False"
"35054","","","40202","False","False","False","0.0000","0.0000","False","","False","False","False","","False","","False","","","0.0000","0.0000","False","","","BOSCH","DW417-BOSCH","","Float Switch Replacement","True","82.5000","False","False","False","False","False"
"35055","","","40202","False","False","False","0.0000","0.0000","False","","False","False","False","","False","","False","","","0.0000","0.0000","False","","","BOSCH","DW418-BOSCH","","Flow Meter Replacement","True","110.0000","False","False","False","False","False"
"35056","","","40202","False","False","False","0.0000","0.0000","False","","False","False","False","","False","","False","","","0.0000","0.0000","False","","","BOSCH","DW419-BOSCH","","Heating Element Replacement","True","110.0000","False","False","False","False","False"
"35057","","","40202","False","False","False","0.0000","0.0000","False","","False","False","False","","False","","False","","","0.0000","0.0000","False","","","BOSCH","DW420-BOSCH","","Interference Suppressor Replacement","True","55.0000","False","False","False","False","False"
"35058","","","40202","False","False","False","0.0000","0.0000","False","","False","False","False","","False","","False","","","0.0000","0.0000","False","","","BOSCH","DW421-BOSCH","","Light Bulb Replacement (Front Access)","True","27.5000","False","False","False","False","False"
"35059","","","40202","False","False","False","0.0000","0.0000","False","","False","False","False","","False","","False","","","0.0000","0.0000","False","","","BOSCH","DW422-BOSCH","","Light Bulb Replacement (Rear Access - Unit De-installation, Re-install)","True","110.0000","False","False","False","False","False"
"35060","","","40202","False","False","False","0.0000","0.0000","False","","False","False","False","","False","","False","","","0.0000","0.0000","False","","","BOSCH","DW423-BOSCH","","No Water at Supply","True","27.5000","False","False","False","False","False"
"35061","","","40202","False","False","False","0.0000","0.0000","False","","False","False","False","","False","","False","","","0.0000","0.0000","False","","","BOSCH","DW424-BOSCH","","Power Cord/Electrical Conduit Replacement","True","55.0000","False","False","False","False","False"
"35062","","","40202","False","False","False","0.0000","0.0000","False","","False","False","False","","False","","False","","","0.0000","0.0000","False","","","BOSCH","DW425-BOSCH","","Pressure Switch Replacement","True","110.0000","False","False","False","False","False"
"35063","","","40202","False","False","False","0.0000","0.0000","False","","False","False","False","","False","","False","","","0.0000","0.0000","False","","","BOSCH","DW426-BOSCH","","Pump and/or Motor Assembly Replacement","True","220.0000","False","False","False","False","False"
"35064","","","40202","False","False","False","0.0000","0.0000","False","","False","False","False","","False","","False","","","0.0000","0.0000","False","","","BOSCH","DW427-BOSCH","","Rack or Rack Component Replacement","True","55.0000","False","False","False","False","False"
"35065","","","40202","False","False","False","0.0000","0.0000","False","","False","False","False","","False","","False","","","0.0000","0.0000","False","","","BOSCH","DW428-BOSCH","","Reinstallation of Unit","True","82.5000","False","False","False","False","False"
"35066","","","40202","False","False","False","0.0000","0.0000","False","","False","False","False","","False","","False","","","0.0000","0.0000","False","","","BOSCH","DW429-BOSCH","","Salt Reservoir Replacement","True","220.0000","False","False","False","False","False"
"35067","","","40202","False","False","False","0.0000","0.0000","False","","False","False","False","","False","","False","","","0.0000","0.0000","False","","","BOSCH","DW430-BOSCH","","Tub/Tank Replacement","True","330.0000","False","False","False","False","False"
"35068","","","40202","False","False","False","0.0000","0.0000","False","","False","False","False","","False","","False","","","0.0000","0.0000","False","","","BOSCH","DW431-BOSCH","","Turbidity Sensor Replacement","True","110.0000","False","False","False","False","False"
"35069","","","40202","False","False","False","0.0000","0.0000","False","","False","False","False","","False","","False","","","0.0000","0.0000","False","","","BOSCH","DW432-BOSCH","","Wash Arm/Water Feed Tube Clean/Replace","True","55.0000","False","False","False","False","False"
"35070","","","40202","False","False","False","0.0000","0.0000","False","","False","False","False","","False","","False","","","0.0000","0.0000","False","","","BOSCH","DW433-BOSCH","","Water Intake Assembly Replacement","True","220.0000","False","False","False","False","False"
"35071","","","40202","False","False","False","0.0000","0.0000","False","","False","False","False","","False","","False","","","0.0000","0.0000","False","","","BOSCH","DW434-BOSCH","","Water Supply Line Replacement","True","55.0000","False","False","False","False","False"
"35072","","","40202","False","False","False","0.0000","0.0000","False","","False","False","False","","False","","False","","","0.0000","0.0000","False","","","BOSCH","DW435-BOSCH","","Water Valve Replacement","True","82.5000","False","False","False","False","False"
"35073","","","40202","False","False","False","0.0000","0.0000","False","","False","False","False","","False","","False","","","0.0000","0.0000","False","","","BOSCH","DW436-BOSCH","","WLAN WIFI Card Replacement","True","110.0000","False","False","False","False","False"
"35074","","","40202","False","False","False","0.0000","0.0000","False","","False","False","False","","False","","False","","","0.0000","0.0000","False","","","BOSCH","DW600-BOSCH","","Additional Component Replacement","True","55.0000","False","False","False","False","False"
"35075","","","40202","False","False","False","0.0000","0.0000","False","","False","False","False","","False","","False","","","0.0000","0.0000","False","","","BOSCH","DW601-BOSCH","","Address Noise Complaint","True","55.0000","False","False","False","False","False"
"35076","","","40202","False","False","False","0.0000","0.0000","False","","False","False","False","","False","","False","","","0.0000","0.0000","False","","","BOSCH","DW602-BOSCH","","Cabinet Component Repair - Major","True","330.0000","False","False","False","False","False"
"35077","","","40202","False","False","False","0.0000","0.0000","False","","False","False","False","","False","","False","","","0.0000","0.0000","False","","","BOSCH","DW603-BOSCH","","Cabinet Component Repair - Minor","True","110.0000","False","False","False","False","False"
"35078","","","40202","False","False","False","0.0000","0.0000","False","","False","False","False","","False","","False","","","0.0000","0.0000","False","","","BOSCH","DW604-BOSCH","","Component Replacement/Repair - Major","True","330.0000","False","False","False","False","False"
"35079","","","40202","False","False","False","0.0000","0.0000","False","","False","False","False","","False","","False","","","0.0000","0.0000","False","","","BOSCH","DW605-BOSCH","","Component Replacement/Repair - Minor","True","110.0000","False","False","False","False","False"
"35080","","","40202","False","False","False","0.0000","0.0000","False","","False","False","False","","False","","False","","","0.0000","0.0000","False","","","BOSCH","DW606-BOSCH","","Cosmetic Part Replacement - Major","True","82.5000","False","False","False","False","False"
"35081","","","40202","False","False","False","0.0000","0.0000","False","","False","False","False","","False","","False","","","0.0000","0.0000","False","","","BOSCH","DW607-BOSCH","","Cosmetic Part Replacement - Minor","True","27.5000","False","False","False","False","False"
"35082","","","40202","False","False","False","0.0000","0.0000","False","","False","False","False","","False","","False","","","0.0000","0.0000","False","","","BOSCH","DW608-BOSCH","","Difficult Access Fee","True","55.0000","False","False","False","False","False"
"35083","","","40202","False","False","False","0.0000","0.0000","False","","False","False","False","","False","","False","","","0.0000","0.0000","False","","","BOSCH","DW609-BOSCH","","Level Unit/Adjust Unit","True","55.0000","False","False","False","False","False"
"35084","","","40202","False","False","False","0.0000","0.0000","False","","False","False","False","","False","","False","","","0.0000","0.0000","False","","","BOSCH","DW610-BOSCH","","Problem Could Not Be Reproduced","True","55.0000","False","False","False","False","False"
"35085","","","40202","False","False","False","0.0000","0.0000","False","","False","False","False","","False","","False","","","0.0000","0.0000","False","","","BOSCH","DW611-BOSCH","","Repair Burnt Wire(s) or Loose Connection(s)","True","82.5000","False","False","False","False","False"
"35086","","","40202","False","False","False","0.0000","0.0000","False","","False","False","False","","False","","False","","","0.0000","0.0000","False","","","BOSCH","DW612-BOSCH","","Reset Home Circuit Breaker","True","27.5000","False","False","False","False","False"
"35087","","","40202","False","False","False","0.0000","0.0000","False","","False","False","False","","False","","False","","","0.0000","0.0000","False","","","BOSCH","L1-BOSCH","","Additional One Tech/Installer Labor","True","55.0000","False","True","False","False","False"
"35088","","","40202","False","False","False","0.0000","0.0000","False","","False","False","False","","False","","False","","","0.0000","0.0000","False","","","BOSCH","L2-BOSCH","","Additional Two Tech/Installer Labor","True","82.5000","False","True","False","False","False"
"35089","","","40202","False","False","False","0.0000","0.0000","False","","False","False","False","","False","","False","","","0.0000","0.0000","False","","","BOSCH","L3-BOSCH","","Additional Three Tech/Installer Labor","True","110.0000","False","True","False","False","False"
"35090","","","40202","False","False","False","0.0000","0.0000","False","","False","False","False","","False","","False","","","0.0000","0.0000","False","","","BOSCH","MS1-BOSCH","","Miscellaneous Labor","True","27.5000","False","True","False","False","False"
"35091","","","40202","False","False","False","0.0000","0.0000","False","","False","False","False","","False","","False","","","0.0000","0.0000","False","","","BOSCH","MW400-BOSCH","","Bake Element Replacement","True","82.5000","False","False","False","False","False"
"35092","","","40202","False","False","False","0.0000","0.0000","False","","False","False","False","","False","","False","","","0.0000","0.0000","False","","","BOSCH","MW401-BOSCH","","Broil Element Replacement","True","82.5000","False","False","False","False","False"
"35093","","","40202","False","False","False","0.0000","0.0000","False","","False","False","False","","False","","False","","","0.0000","0.0000","False","","","BOSCH","MW402-BOSCH","","Capacitor Replacement","True","55.0000","False","False","False","False","False"
"35094","","","40202","False","False","False","0.0000","0.0000","False","","False","False","False","","False","","False","","","0.0000","0.0000","False","","","BOSCH","MW403-BOSCH","","Convect Element Replacement","True","82.5000","False","False","False","False","False"
"35095","","","40202","False","False","False","0.0000","0.0000","False","","False","False","False","","False","","False","","","0.0000","0.0000","False","","","BOSCH","MW404-BOSCH","","Convect Fan Motor/Blade Replacement","True","110.0000","False","False","False","False","False"
"35096","","","40202","False","False","False","0.0000","0.0000","False","","False","False","False","","False","","False","","","0.0000","0.0000","False","","","BOSCH","MW405-BOSCH","","Cook/Humidity Sensor Replacement","True","82.5000","False","False","False","False","False"
"35097","","","40202","False","False","False","0.0000","0.0000","False","","False","False","False","","False","","False","","","0.0000","0.0000","False","","","BOSCH","MW406-BOSCH","","Cooling Fan Motor/Blade Replacement","True","82.5000","False","False","False","False","False"
"35098","","","40202","False","False","False","0.0000","0.0000","False","","False","False","False","","False","","False","","","0.0000","0.0000","False","","","BOSCH","MW407-BOSCH","","Door Component Replacement","True","55.0000","False","False","False","False","False"
"35099","","","40202","False","False","False","0.0000","0.0000","False","","False","False","False","","False","","False","","","0.0000","0.0000","False","","","BOSCH","MW408-BOSCH","","Electronic Control/Module Replacement","True","82.5000","False","False","False","False","False"
"35100","","","40202","False","False","False","0.0000","0.0000","False","","False","False","False","","False","","False","","","0.0000","0.0000","False","","","BOSCH","MW409-BOSCH","","Hi-Voltage Diode Replacement","True","55.0000","False","False","False","False","False"
"35101","","","40202","False","False","False","0.0000","0.0000","False","","False","False","False","","False","","False","","","0.0000","0.0000","False","","","BOSCH","MW410-BOSCH","","Interlock Switch Replacement/Adjustment","True","110.0000","False","False","False","False","False"
"35102","","","40202","False","False","False","0.0000","0.0000","False","","False","False","False","","False","","False","","","0.0000","0.0000","False","","","BOSCH","MW411-BOSCH","","Light Bulb Replacement","True","27.5000","False","False","False","False","False"
"35103","","","40202","False","False","False","0.0000","0.0000","False","","False","False","False","","False","","False","","","0.0000","0.0000","False","","","BOSCH","MW412-BOSCH","","Magnetron Tube Replacement","True","82.5000","False","False","False","False","False"
"35104","","","40202","False","False","False","0.0000","0.0000","False","","False","False","False","","False","","False","","","0.0000","0.0000","False","","","BOSCH","MW413-BOSCH","","Power Cord/Electrical Conduit Replacement","True","55.0000","False","False","False","False","False"
"35105","","","40202","False","False","False","0.0000","0.0000","False","","False","False","False","","False","","False","","","0.0000","0.0000","False","","","BOSCH","MW414-BOSCH","","Probe Jack Replacement","True","82.5000","False","False","False","False","False"
"35106","","","40202","False","False","False","0.0000","0.0000","False","","False","False","False","","False","","False","","","0.0000","0.0000","False","","","BOSCH","MW415-BOSCH","","Quartz Halogen Heating Bulb Replacement","True","82.5000","False","False","False","False","False"
"35107","","","40202","False","False","False","0.0000","0.0000","False","","False","False","False","","False","","False","","","0.0000","0.0000","False","","","BOSCH","MW416-BOSCH","","Rack Replacement - Oven","True","16.5000","False","False","False","False","False"
"35108","","","40202","False","False","False","0.0000","0.0000","False","","False","False","False","","False","","False","","","0.0000","0.0000","False","","","BOSCH","MW417-BOSCH","","Terminal Block Replacement - Electrical Connection","True","55.0000","False","False","False","False","False"
"35109","","","40202","False","False","False","0.0000","0.0000","False","","False","False","False","","False","","False","","","0.0000","0.0000","False","","","BOSCH","MW418-BOSCH","","Thermal/Line Fuse Replacement","True","27.5000","False","False","False","False","False"
"35110","","","40202","False","False","False","0.0000","0.0000","False","","False","False","False","","False","","False","","","0.0000","0.0000","False","","","BOSCH","MW419-BOSCH","","Torsion Spring Replacement","True","55.0000","False","False","False","False","False"
"35111","","","40202","False","False","False","0.0000","0.0000","False","","False","False","False","","False","","False","","","0.0000","0.0000","False","","","BOSCH","MW420-BOSCH","","Transformer Replacement","True","82.5000","False","False","False","False","False"
"35112","","","40202","False","False","False","0.0000","0.0000","False","","False","False","False","","False","","False","","","0.0000","0.0000","False","","","BOSCH","MW421-BOSCH","","Turntable Motor Replacement","True","55.0000","False","False","False","False","False"
"35113","","","40202","False","False","False","0.0000","0.0000","False","","False","False","False","","False","","False","","","0.0000","0.0000","False","","","BOSCH","MW422-BOSCH","","Ventilation Fan Motor/Blade (OTR) Replacement","True","110.0000","False","False","False","False","False"
"35114","","","40202","False","False","False","0.0000","0.0000","False","","False","False","False","","False","","False","","","0.0000","0.0000","False","","","BOSCH","MW423-BOSCH","","Waveguide Shield Replacement","True","27.5000","False","False","False","False","False"
"35115","","","40202","False","False","False","0.0000","0.0000","False","","False","False","False","","False","","False","","","0.0000","0.0000","False","","","BOSCH","MW600-BOSCH","","Additional Component Replacement","True","55.0000","False","False","False","False","False"
"35116","","","40202","False","False","False","0.0000","0.0000","False","","False","False","False","","False","","False","","","0.0000","0.0000","False","","","BOSCH","MW601-BOSCH","","Address Noise Complaint","True","55.0000","False","False","False","False","False"
"35117","","","40202","False","False","False","0.0000","0.0000","False","","False","False","False","","False","","False","","","0.0000","0.0000","False","","","BOSCH","MW602-BOSCH","","Cabinet Component Repair - Major","True","330.0000","False","False","False","False","False"
"35118","","","40202","False","False","False","0.0000","0.0000","False","","False","False","False","","False","","False","","","0.0000","0.0000","False","","","BOSCH","MW603-BOSCH","","Cabinet Component Repair - Minor","True","110.0000","False","False","False","False","False"
"35119","","","40202","False","False","False","0.0000","0.0000","False","","False","False","False","","False","","False","","","0.0000","0.0000","False","","","BOSCH","MW604-BOSCH","","Component Replacement/Repair - Major","True","330.0000","False","False","False","False","False"
"35120","","","40202","False","False","False","0.0000","0.0000","False","","False","False","False","","False","","False","","","0.0000","0.0000","False","","","BOSCH","MW605-BOSCH","","Component Replacement/Repair - Minor","True","110.0000","False","False","False","False","False"
"35121","","","40202","False","False","False","0.0000","0.0000","False","","False","False","False","","False","","False","","","0.0000","0.0000","False","","","BOSCH","MW606-BOSCH","","Cosmetic Part Replacement - Major","True","82.5000","False","False","False","False","False"
"35122","","","40202","False","False","False","0.0000","0.0000","False","","False","False","False","","False","","False","","","0.0000","0.0000","False","","","BOSCH","MW607-BOSCH","","Cosmetic Part Replacement - Minor","True","27.5000","False","False","False","False","False"
"35123","","","40202","False","False","False","0.0000","0.0000","False","","False","False","False","","False","","False","","","0.0000","0.0000","False","","","BOSCH","MW608-BOSCH","","Difficult Access Fee","True","55.0000","False","False","False","False","False"
"35124","","","40202","False","False","False","0.0000","0.0000","False","","False","False","False","","False","","False","","","0.0000","0.0000","False","","","BOSCH","MW609-BOSCH","","Level Unit/Adjust Unit","True","55.0000","False","False","False","False","False"
"35125","","","40202","False","False","False","0.0000","0.0000","False","","False","False","False","","False","","False","","","0.0000","0.0000","False","","","BOSCH","MW610-BOSCH","","Problem Could Not Be Reproduced","True","55.0000","False","False","False","False","False"
"35126","","","40202","False","False","False","0.0000","0.0000","False","","False","False","False","","False","","False","","","0.0000","0.0000","False","","","BOSCH","MW611-BOSCH","","Repair Burnt Wire(s) or Loose Connection(s)","True","82.5000","False","False","False","False","False"
"35127","","","40202","False","False","False","0.0000","0.0000","False","","False","False","False","","False","","False","","","0.0000","0.0000","False","","","BOSCH","MW612-BOSCH","","Reset Home Circuit Breaker","True","27.5000","False","False","False","False","False"
"35128","","","40202","False","False","False","0.0000","0.0000","False","","False","False","False","","False","","False","","","0.0000","0.0000","False","","","BOSCH","RE400-BOSCH","","Auger Motor/Cubed-Crushed Solenoid Replacement","True","82.5000","False","True","False","False","False"
"35129","","","40202","False","False","False","0.0000","0.0000","False","","False","False","False","","False","","False","","","0.0000","0.0000","False","","","BOSCH","RE401-BOSCH","","Clear Debris/Ice From Defrost Drain","True","85.0000","False","True","False","False","False"
"35130","","","40202","False","False","False","0.0000","0.0000","False","","False","False","False","","False","","False","","","0.0000","0.0000","False","","","BOSCH","RE402-BOSCH","","Cold Control (Thermostat) Replacement","True","82.5000","False","True","False","False","False"
"35131","","","40202","False","False","False","0.0000","0.0000","False","","False","False","False","","False","","False","","","0.0000","0.0000","False","","","BOSCH","RE403-BOSCH","","Condensate Drain Pan Replacement","True","27.5000","False","True","False","False","False"
"35132","","","40202","False","False","False","0.0000","0.0000","False","","False","False","False","","False","","False","","","0.0000","0.0000","False","","","BOSCH","RE404-BOSCH","","Condenser Fan Motor/Blade Replacement","True","110.0000","False","True","False","False","False"
"35133","","","40202","False","False","False","0.0000","0.0000","False","","False","False","False","","False","","False","","","0.0000","0.0000","False","","","BOSCH","RE405-BOSCH","","Damper/Damper Control Replacement","True","110.0000","False","True","False","False","False"
"35134","","","40202","False","False","False","0.0000","0.0000","False","","False","False","False","","False","","False","","","0.0000","0.0000","False","","","BOSCH","RE406-BOSCH","","Defrost Bimetal Replacement","True","110.0000","False","True","False","False","False"
"35135","","","40202","False","False","False","0.0000","0.0000","False","","False","False","False","","False","","False","","","0.0000","0.0000","False","","","BOSCH","RE407-BOSCH","","Defrost Evaporator Manually","True","55.0000","False","True","False","False","False"
"35136","","","40202","False","False","False","0.0000","0.0000","False","","False","False","False","","False","","False","","","0.0000","0.0000","False","","","BOSCH","RE408-BOSCH","","Defrost Heater/Drain Heater Replacement","True","110.0000","False","True","False","False","False"
"35137","","","40202","False","False","False","0.0000","0.0000","False","","False","False","False","","False","","False","","","0.0000","0.0000","False","","","BOSCH","RE409-BOSCH","","Defrost Timer/Adaptive Control Replacement","True","82.5000","False","True","False","False","False"
"35138","","","40202","False","False","False","0.0000","0.0000","False","","False","False","False","","False","","False","","","0.0000","0.0000","False","","","BOSCH","RE410-BOSCH","","Deice Fill Tube Manually","True","55.0000","False","True","False","False","False"
"35139","","","40202","False","False","False","0.0000","0.0000","False","","False","False","False","","False","","False","","","0.0000","0.0000","False","","","BOSCH","RE411-BOSCH","","Door  Replacement","True","165.0000","False","True","False","False","False"
"35140","","","40202","False","False","False","0.0000","0.0000","False","","False","False","False","","False","","False","","","0.0000","0.0000","False","","","BOSCH","RE412-BOSCH","","Door Adjustment/Realign","True","55.0000","False","True","False","False","False"
"35141","","","40202","False","False","False","0.0000","0.0000","False","","False","False","False","","False","","False","","","0.0000","0.0000","False","","","BOSCH","RE413-BOSCH","","Door Gasket Replacement (Bracketed Retainer Type) Leave door closed for 24 hours after replacement for best results. A blow dryer may be used on low to help form new gasket and remove wrinkles.","True","137.5000","False","True","False","False","False"
"35142","","","40202","False","False","False","0.0000","0.0000","False","","False","False","False","","False","","False","","","0.0000","0.0000","False","","","BOSCH","RE414-BOSCH","","Door Gasket Replacement (Push-in Type) Leave door closed for 24 hours after replacement for best results. A blow dryer may be used on low to help form new gasket and remove wrinkles.","True","82.5000","False","True","False","False","False"
"35143","","","40202","False","False","False","0.0000","0.0000","False","","False","False","False","","False","","False","","","0.0000","0.0000","False","","","BOSCH","RE415-BOSCH","","Water Valve Replacement","True","55.0000","False","True","False","False","False"
"35144","","","40202","False","False","False","0.0000","0.0000","False","","False","False","False","","False","","False","","","0.0000","0.0000","False","","","BOSCH","RE416-BOSCH","","Electronic Control/Module Replacement","True","110.0000","False","True","False","False","False"
"35145","","","40202","False","False","False","0.0000","0.0000","False","","False","False","False","","False","","False","","","0.0000","0.0000","False","","","BOSCH","RE417-BOSCH","","Evaporator Fan Motor/Blade Replacement","True","110.0000","False","True","False","False","False"
"35146","","","40202","False","False","False","0.0000","0.0000","False","","False","False","False","","False","","False","","","0.0000","0.0000","False","","","BOSCH","RE418-BOSCH","","Fan/Light Switch Replacement","True","55.0000","False","True","False","False","False"
"35147","","","40202","False","False","False","0.0000","0.0000","False","","False","False","False","","False","","False","","","0.0000","0.0000","False","","","BOSCH","RE419-BOSCH","","Ice Maker Kit/Component  Replacement","True","82.5000","False","True","False","False","False"
"35148","","","40202","False","False","False","0.0000","0.0000","False","","False","False","False","","False","","False","","","0.0000","0.0000","False","","","BOSCH","RE420-BOSCH","","Ice Storage Bin Replacement","True","27.5000","False","True","False","False","False"
"35149","","","40202","False","False","False","0.0000","0.0000","False","","False","False","False","","False","","False","","","0.0000","0.0000","False","","","BOSCH","RE421-BOSCH","","Ice/Water Dispenser Component Replacement","True","110.0000","False","True","False","False","False"
"35150","","","40202","False","False","False","0.0000","0.0000","False","","False","False","False","","False","","False","","","0.0000","0.0000","False","","","BOSCH","RE422-BOSCH","","Light Bulb Replacement","True","27.5000","False","True","False","False","False"
"35151","","","40202","False","False","False","0.0000","0.0000","False","","False","False","False","","False","","False","","","0.0000","0.0000","False","","","BOSCH","RE423-BOSCH","","Power Cord/Electrical Conduit Replacement","True","55.0000","False","True","False","False","False"
"35152","","","40202","False","False","False","0.0000","0.0000","False","","False","False","False","","False","","False","","","0.0000","0.0000","False","","","BOSCH","RE424-BOSCH","","Refrigerant Recovery Fee","True","55.0000","False","True","False","False","False"
"35153","","","40202","False","False","False","0.0000","0.0000","False","","False","False","False","","False","","False","","","0.0000","0.0000","False","","","BOSCH","RE425-BOSCH","","Relay/Start Device Replacement","True","82.5000","False","True","False","False","False"
"35154","","","40202","False","False","False","0.0000","0.0000","False","","False","False","False","","False","","False","","","0.0000","0.0000","False","","","BOSCH","RE426-BOSCH","","Replace Leveling Legs/Wheels - Built-in Refrigeration","True","165.0000","False","True","False","False","False"
"35155","","","40202","False","False","False","0.0000","0.0000","False","","False","False","False","","False","","False","","","0.0000","0.0000","False","","","BOSCH","RE427-BOSCH","","Replace Leveling Legs/Wheels - Freestanding Refrigeration","True","55.0000","False","True","False","False","False"
"35156","","","40202","False","False","False","0.0000","0.0000","False","","False","False","False","","False","","False","","","0.0000","0.0000","False","","","BOSCH","RE428-BOSCH","","Shelf/Storage Bin Replacement","True","27.5000","False","True","False","False","False"
"35157","","","40202","False","False","False","0.0000","0.0000","False","","False","False","False","","False","","False","","","0.0000","0.0000","False","","","BOSCH","RE429-BOSCH","","Thermistor/Sensor Replacement","True","82.5000","False","True","False","False","False"
"35158","","","40202","False","False","False","0.0000","0.0000","False","","False","False","False","","False","","False","","","0.0000","0.0000","False","","","BOSCH","RE430-BOSCH","","Transformer Replacement","True","55.0000","False","True","False","False","False"
"35159","","","40202","False","False","False","0.0000","0.0000","False","","False","False","False","","False","","False","","","0.0000","0.0000","False","","","BOSCH","RE431-BOSCH","","Vacuum and/or Clean Condenser Coils","True","55.0000","False","True","False","False","False"
"35160","","","40202","False","False","False","0.0000","0.0000","False","","False","False","False","","False","","False","","","0.0000","0.0000","False","","","BOSCH","RE432-BOSCH","","Water Filter Replacement","True","27.5000","False","True","False","False","False"
"35161","","","40202","False","False","False","0.0000","0.0000","False","","False","False","False","","False","","False","","","0.0000","0.0000","False","","","BOSCH","RE433-BOSCH","","Water Line Replacement","True","27.5000","False","True","False","False","False"
"35162","","","40202","False","False","False","0.0000","0.0000","False","","False","False","False","","False","","False","","","0.0000","0.0000","False","","","BOSCH","RE434-BOSCH","","Water Reservoir Replacement","True","55.0000","False","True","False","False","False"
"35163","","","40202","False","False","False","0.0000","0.0000","False","","False","False","False","","False","","False","","","0.0000","0.0000","False","","","BOSCH","RE435-BOSCH","","WLAN WIFI Card Replacement - Includes de-installation and re-installation of unit to allow access to component.","True","165.0000","False","True","False","False","False"
"35164","","","40202","False","False","False","0.0000","0.0000","False","","False","False","False","","False","","False","","","0.0000","0.0000","False","","","BOSCH","RE500-BOSCH","","Sealed System - COMPRESSOR, FILTER DRIER Replacement. Remove old components. Includes materials & supplies necessary to braze in new components. System evacuation & charging. Refrigerant not included.","True","660.0000","False","True","False","False","False"
"35165","","","40202","False","False","False","0.0000","0.0000","False","","False","False","False","","False","","False","","","0.0000","0.0000","False","","","BOSCH","RE501-BOSCH","","Sealed System ? CONDENSER COIL, FILTER DRIER Replacement. Remove old components. Includes materials & supplies necessary to braze in new components. System evacuation & charging. Refrigerant not included.","True","550.0000","False","True","False","False","False"
"35166","","","40202","False","False","False","0.0000","0.0000","False","","False","False","False","","False","","False","","","0.0000","0.0000","False","","","BOSCH","RE502-BOSCH","","Sealed System ? EVAPORATOR COIL, FILTER DRIER Replacement. Remove old components. Includes materials & supplies necessary to braze in new components. System evacuation & charging. Refrigerant not included.","True","550.0000","False","True","False","False","False"
"35167","","","40202","False","False","False","0.0000","0.0000","False","","False","False","False","","False","","False","","","0.0000","0.0000","False","","","BOSCH","RE503-BOSCH","","Sealed System ? FILTER DRIER Replacement. Remove old components. Includes materials & supplies necessary to braze in new components. System evacuation & charging. Refrigerant not included.","True","275.0000","False","True","False","False","False"
"35168","","","40202","False","False","False","0.0000","0.0000","False","","False","False","False","","False","","False","","","0.0000","0.0000","False","","","BOSCH","RE504-BOSCH","","Sealed System ? HEAT EXCHANGER & FILTER DRIER Replacement. Remove old components. Includes materials & supplies necessary to braze in new components. System evacuation & charging. Refrigerant not included.","True","660.0000","False","True","False","False","False"
"35169","","","40202","False","False","False","0.0000","0.0000","False","","False","False","False","","False","","False","","","0.0000","0.0000","False","","","BOSCH","RE505-BOSCH","","Sealed System ? REFRIGERANT LEAK REPAIR. Replace filter drier if needed. Includes materials & supplies necessary to repair. System evacuation & charging. Refrigerant not included.","True","220.0000","False","True","False","False","False"
"35170","","","40202","False","False","False","0.0000","0.0000","False","","False","False","False","","False","","False","","","0.0000","0.0000","False","","","BOSCH","RE506-BOSCH","","Sealed System 1-Replace COMPRESSOR, EVAPORATOR, & FILTER DRIER. Remove old components. Includes materials & supplies needed to braze in new components. System evacuation & charging. Refrigerant not included.","True","605.0000","False","True","False","False","False"
"35171","","","40202","False","False","False","0.0000","0.0000","False","","False","False","False","","False","","False","","","0.0000","0.0000","False","","","BOSCH","RE507-BOSCH","","Sealed System 2 ? COMPRESSOR, EVAPORATOR, CONDENSER, HEAT EXCHANGER, FILTER DRIER. Includes Remove old components. Includes materials & supplies needed to braze in new components. System evacuation & charging. Refrigerant not included.","True","715.0000","False","True","False","False","False"
"35172","","","40202","False","False","False","0.0000","0.0000","False","","False","False","False","","False","","False","","","0.0000","0.0000","False","","","BOSCH","RE600-BOSCH","","Additional Component Replacement","True","55.0000","False","True","False","False","False"
"35173","","","40202","False","False","False","0.0000","0.0000","False","","False","False","False","","False","","False","","","0.0000","0.0000","False","","","BOSCH","RE601-BOSCH","","Address Noise Complaint","True","55.0000","False","True","False","False","False"
"35174","","","40202","False","False","False","0.0000","0.0000","False","","False","False","False","","False","","False","","","0.0000","0.0000","False","","","BOSCH","RE602-BOSCH","","Cabinet Component Repair - Major","True","330.0000","False","True","False","False","False"
"35175","","","40202","False","False","False","0.0000","0.0000","False","","False","False","False","","False","","False","","","0.0000","0.0000","False","","","BOSCH","RE603-BOSCH","","Cabinet Component Repair - Minor","True","110.0000","False","True","False","False","False"
"35176","","","40202","False","False","False","0.0000","0.0000","False","","False","False","False","","False","","False","","","0.0000","0.0000","False","","","BOSCH","RE604-BOSCH","","Component Replacement/Repair - Major","True","330.0000","False","True","False","False","False"
"35177","","","40202","False","False","False","0.0000","0.0000","False","","False","False","False","","False","","False","","","0.0000","0.0000","False","","","BOSCH","RE605-BOSCH","","Component Replacement/Repair - Minor","True","110.0000","False","True","False","False","False"
"35178","","","40202","False","False","False","0.0000","0.0000","False","","False","False","False","","False","","False","","","0.0000","0.0000","False","","","BOSCH","RE606-BOSCH","","Cosmetic Part Replacement - Major","True","82.5000","False","True","False","False","False"
"35179","","","40202","False","False","False","0.0000","0.0000","False","","False","False","False","","False","","False","","","0.0000","0.0000","False","","","BOSCH","RE607-BOSCH","","Cosmetic Part Replacement - Minor","True","27.5000","False","True","False","False","False"
"35180","","","40202","False","False","False","0.0000","0.0000","False","","False","False","False","","False","","False","","","0.0000","0.0000","False","","","BOSCH","RE608-BOSCH","","Difficult Access Fee","True","55.0000","False","True","False","False","False"
"35181","","","40202","False","False","False","0.0000","0.0000","False","","False","False","False","","False","","False","","","0.0000","0.0000","False","","","BOSCH","RE609-BOSCH","","Level-Adjust Built-in Unit","True","110.0000","False","True","False","False","False"
"35182","","","40202","False","False","False","0.0000","0.0000","False","","False","False","False","","False","","False","","","0.0000","0.0000","False","","","BOSCH","RE610-BOSCH","","Level-Adjust Freestanding Unit","True","55.0000","False","True","False","False","False"
"35183","","","40202","False","False","False","0.0000","0.0000","False","","False","False","False","","False","","False","","","0.0000","0.0000","False","","","BOSCH","RE611-BOSCH","","Problem Could Not Be Reproduced","True","55.0000","False","True","False","False","False"
"35184","","","40202","False","False","False","0.0000","0.0000","False","","False","False","False","","False","","False","","","0.0000","0.0000","False","","","BOSCH","RE612-BOSCH","","Repair Burnt Wire(s) or Loose Connection(s)","True","82.5000","False","True","False","False","False"
"35185","","","40202","False","False","False","0.0000","0.0000","False","","False","False","False","","False","","False","","","0.0000","0.0000","False","","","BOSCH","RE613-BOSCH","","Reset Home Circuit Breaker","True","27.5000","False","True","False","False","False"
"35186","","","40202","False","False","False","0.0000","0.0000","False","","False","False","False","","False","","False","","","0.0000","0.0000","False","","","BOSCH","SO400-BOSCH","","Bake Element Replacement","True","82.5000","False","False","False","False","False"
"35187","","","40202","False","False","False","0.0000","0.0000","False","","False","False","False","","False","","False","","","0.0000","0.0000","False","","","BOSCH","SO401-BOSCH","","Broil Element Replacement","True","82.5000","False","False","False","False","False"
"35188","","","40202","False","False","False","0.0000","0.0000","False","","False","False","False","","False","","False","","","0.0000","0.0000","False","","","BOSCH","SO402-BOSCH","","Capacitor Replacement","True","55.0000","False","False","False","False","False"
"35189","","","40202","False","False","False","0.0000","0.0000","False","","False","False","False","","False","","False","","","0.0000","0.0000","False","","","BOSCH","SO403-BOSCH","","Connecting Tube(s)/Clamp(s)  Replacement","True","55.0000","False","False","False","False","False"
"35190","","","40202","False","False","False","0.0000","0.0000","False","","False","False","False","","False","","False","","","0.0000","0.0000","False","","","BOSCH","SO404-BOSCH","","Convect Element Replacement","True","82.5000","False","False","False","False","False"
"35191","","","40202","False","False","False","0.0000","0.0000","False","","False","False","False","","False","","False","","","0.0000","0.0000","False","","","BOSCH","SO405-BOSCH","","Convect Fan Motor/Blade Replacement","True","110.0000","False","False","False","False","False"
"35192","","","40202","False","False","False","0.0000","0.0000","False","","False","False","False","","False","","False","","","0.0000","0.0000","False","","","BOSCH","SO406-BOSCH","","Cooling Fan Motor/Blade Replacement","True","82.5000","False","False","False","False","False"
"35193","","","40202","False","False","False","0.0000","0.0000","False","","False","False","False","","False","","False","","","0.0000","0.0000","False","","","BOSCH","SO407-BOSCH","","Descale & Clean Unit","True","82.5000","False","False","False","False","False"
"35194","","","40202","False","False","False","0.0000","0.0000","False","","False","False","False","","False","","False","","","0.0000","0.0000","False","","","BOSCH","SO408-BOSCH","","Door Component Replacement","True","55.0000","False","False","False","False","False"
"35195","","","40202","False","False","False","0.0000","0.0000","False","","False","False","False","","False","","False","","","0.0000","0.0000","False","","","BOSCH","SO409-BOSCH","","Door Interlock Switch Replacement/Adjustment","True","110.0000","False","False","False","False","False"
"35196","","","40202","False","False","False","0.0000","0.0000","False","","False","False","False","","False","","False","","","0.0000","0.0000","False","","","BOSCH","SO410-BOSCH","","Electronic Control/Module Replacement","True","165.0000","False","False","False","False","False"
"35197","","","40202","False","False","False","0.0000","0.0000","False","","False","False","False","","False","","False","","","0.0000","0.0000","False","","","BOSCH","SO411-BOSCH","","Flow Meter Replacement - Water","True","110.0000","False","False","False","False","False"
"35198","","","40202","False","False","False","0.0000","0.0000","False","","False","False","False","","False","","False","","","0.0000","0.0000","False","","","BOSCH","SO412-BOSCH","","Heater Assembly Replacement","True","165.0000","False","False","False","False","False"
"35199","","","40202","False","False","False","0.0000","0.0000","False","","False","False","False","","False","","False","","","0.0000","0.0000","False","","","BOSCH","SO413-BOSCH","","Interference Limiter Replacement","True","110.0000","False","False","False","False","False"
"35200","","","40202","False","False","False","0.0000","0.0000","False","","False","False","False","","False","","False","","","0.0000","0.0000","False","","","BOSCH","SO414-BOSCH","","Light Bulb Replacement (Front Access)","True","27.5000","False","False","False","False","False"
"35201","","","40202","False","False","False","0.0000","0.0000","False","","False","False","False","","False","","False","","","0.0000","0.0000","False","","","BOSCH","SO415-BOSCH","","Light Bulb Replacement (Rear Access)","True","55.0000","False","False","False","False","False"
"35202","","","40202","False","False","False","0.0000","0.0000","False","","False","False","False","","False","","False","","","0.0000","0.0000","False","","","BOSCH","SO416-BOSCH","","Power Cord/Electrical Conduit Replacement","True","55.0000","False","False","False","False","False"
"35203","","","40202","False","False","False","0.0000","0.0000","False","","False","False","False","","False","","False","","","0.0000","0.0000","False","","","BOSCH","SO417-BOSCH","","Pressure Relief Valve Replacement","True","110.0000","False","False","False","False","False"
"35204","","","40202","False","False","False","0.0000","0.0000","False","","False","False","False","","False","","False","","","0.0000","0.0000","False","","","BOSCH","SO418-BOSCH","","Probe Jack Replacement","True","82.5000","False","False","False","False","False"
"35205","","","40202","False","False","False","0.0000","0.0000","False","","False","False","False","","False","","False","","","0.0000","0.0000","False","","","BOSCH","SO419-BOSCH","","Rack Replacement - Oven","True","16.5000","False","False","False","False","False"
"35206","","","40202","False","False","False","0.0000","0.0000","False","","False","False","False","","False","","False","","","0.0000","0.0000","False","","","BOSCH","SO420-BOSCH","","Sensor Replacement - Cook/Humidity","True","82.5000","False","False","False","False","False"
"35207","","","40202","False","False","False","0.0000","0.0000","False","","False","False","False","","False","","False","","","0.0000","0.0000","False","","","BOSCH","SO421-BOSCH","","Sensor/Thermistor Replacement","True","82.5000","False","False","False","False","False"
"35208","","","40202","False","False","False","0.0000","0.0000","False","","False","False","False","","False","","False","","","0.0000","0.0000","False","","","BOSCH","SO422-BOSCH","","Solenoid Replacement","True","110.0000","False","False","False","False","False"
"35209","","","40202","False","False","False","0.0000","0.0000","False","","False","False","False","","False","","False","","","0.0000","0.0000","False","","","BOSCH","SO423-BOSCH","","Steam Generator Replacement","True","110.0000","False","False","False","False","False"
"35210","","","40202","False","False","False","0.0000","0.0000","False","","False","False","False","","False","","False","","","0.0000","0.0000","False","","","BOSCH","SO424-BOSCH","","Temp Sensor Replacement","True","110.0000","False","False","False","False","False"
"35211","","","40202","False","False","False","0.0000","0.0000","False","","False","False","False","","False","","False","","","0.0000","0.0000","False","","","BOSCH","SO425-BOSCH","","Terminal Block Replacement - Electrical Connection","True","55.0000","False","False","False","False","False"
"35212","","","40202","False","False","False","0.0000","0.0000","False","","False","False","False","","False","","False","","","0.0000","0.0000","False","","","BOSCH","SO426-BOSCH","","Thermal Limiter Replacement","True","110.0000","False","False","False","False","False"
"35213","","","40202","False","False","False","0.0000","0.0000","False","","False","False","False","","False","","False","","","0.0000","0.0000","False","","","BOSCH","SO427-BOSCH","","Thermal/Line Fuse Replacement","True","27.5000","False","False","False","False","False"
"35214","","","40202","False","False","False","0.0000","0.0000","False","","False","False","False","","False","","False","","","0.0000","0.0000","False","","","BOSCH","SO428-BOSCH","","Transformer Replacement","True","82.5000","False","False","False","False","False"
"35215","","","40202","False","False","False","0.0000","0.0000","False","","False","False","False","","False","","False","","","0.0000","0.0000","False","","","BOSCH","SO429-BOSCH","","Water Leak Repair","True","82.5000","False","False","False","False","False"
"35216","","","40202","False","False","False","0.0000","0.0000","False","","False","False","False","","False","","False","","","0.0000","0.0000","False","","","BOSCH","SO430-BOSCH","","Water Pump Replacement","True","110.0000","False","False","False","False","False"
"35217","","","40202","False","False","False","0.0000","0.0000","False","","False","False","False","","False","","False","","","0.0000","0.0000","False","","","BOSCH","SO431-BOSCH","","Water Reservoir Replacement","True","27.5000","False","False","False","False","False"
"35218","","","40202","False","False","False","0.0000","0.0000","False","","False","False","False","","False","","False","","","0.0000","0.0000","False","","","BOSCH","SO600-BOSCH","","Additional Component Replacement","True","55.0000","False","False","False","False","False"
"35219","","","40202","False","False","False","0.0000","0.0000","False","","False","False","False","","False","","False","","","0.0000","0.0000","False","","","BOSCH","SO601-BOSCH","","Address Noise Complaint","True","55.0000","False","False","False","False","False"
"35220","","","40202","False","False","False","0.0000","0.0000","False","","False","False","False","","False","","False","","","0.0000","0.0000","False","","","BOSCH","SO602-BOSCH","","Cabinet Component Repair - Major","True","330.0000","False","False","False","False","False"
"35221","","","40202","False","False","False","0.0000","0.0000","False","","False","False","False","","False","","False","","","0.0000","0.0000","False","","","BOSCH","SO603-BOSCH","","Cabinet Component Repair - Minor","True","110.0000","False","False","False","False","False"
"35222","","","40202","False","False","False","0.0000","0.0000","False","","False","False","False","","False","","False","","","0.0000","0.0000","False","","","BOSCH","SO604-BOSCH","","Component Replacement/Repair - Major","True","330.0000","False","False","False","False","False"
"35223","","","40202","False","False","False","0.0000","0.0000","False","","False","False","False","","False","","False","","","0.0000","0.0000","False","","","BOSCH","SO605-BOSCH","","Component Replacement/Repair - Minor","True","110.0000","False","False","False","False","False"
"35224","","","40202","False","False","False","0.0000","0.0000","False","","False","False","False","","False","","False","","","0.0000","0.0000","False","","","BOSCH","SO606-BOSCH","","Cosmetic Part Replacement - Major","True","82.5000","False","False","False","False","False"
"35225","","","40202","False","False","False","0.0000","0.0000","False","","False","False","False","","False","","False","","","0.0000","0.0000","False","","","BOSCH","SO607-BOSCH","","Cosmetic Part Replacement - Minor","True","27.5000","False","False","False","False","False"
"35226","","","40202","False","False","False","0.0000","0.0000","False","","False","False","False","","False","","False","","","0.0000","0.0000","False","","","BOSCH","SO608-BOSCH","","Difficult Access Fee","True","55.0000","False","False","False","False","False"
"35227","","","40202","False","False","False","0.0000","0.0000","False","","False","False","False","","False","","False","","","0.0000","0.0000","False","","","BOSCH","SO609-BOSCH","","Level Unit/Adjust Unit","True","55.0000","False","False","False","False","False"
"35228","","","40202","False","False","False","0.0000","0.0000","False","","False","False","False","","False","","False","","","0.0000","0.0000","False","","","BOSCH","SO610-BOSCH","","Problem Could Not Be Reproduced","True","55.0000","False","False","False","False","False"
"35229","","","40202","False","False","False","0.0000","0.0000","False","","False","False","False","","False","","False","","","0.0000","0.0000","False","","","BOSCH","SO611-BOSCH","","Repair Burnt Wire(s) or Loose Connection(s)","True","82.5000","False","False","False","False","False"
"35230","","","40202","False","False","False","0.0000","0.0000","False","","False","False","False","","False","","False","","","0.0000","0.0000","False","","","BOSCH","SO612-BOSCH","","Reset Home Circuit Breaker","True","27.5000","False","False","False","False","False"
"35231","","","40202","False","False","False","0.0000","0.0000","False","","False","False","False","","False","","False","","","0.0000","0.0000","False","","","BOSCH","VH400-BOSCH","","Blower Motor Replacement (Pro Hood)","True","137.5000","False","False","False","False","False"
"35232","","","40202","False","False","False","0.0000","0.0000","False","","False","False","False","","False","","False","","","0.0000","0.0000","False","","","BOSCH","VH401-BOSCH","","Blower Motor Replacement (Standard Hood)","True","55.0000","False","False","False","False","False"
"35233","","","40202","False","False","False","0.0000","0.0000","False","","False","False","False","","False","","False","","","0.0000","0.0000","False","","","BOSCH","VH402-BOSCH","","Correct Electrical Wiring at Hood Connection","True","82.5000","False","False","False","False","False"
"35234","","","40202","False","False","False","0.0000","0.0000","False","","False","False","False","","False","","False","","","0.0000","0.0000","False","","","BOSCH","VH403-BOSCH","","Correct Electrical Wiring at Remote/Inline Blower Connection","True","110.0000","False","False","False","False","False"
"35235","","","40202","False","False","False","0.0000","0.0000","False","","False","False","False","","False","","False","","","0.0000","0.0000","False","","","BOSCH","VH404-BOSCH","","Duct Connection Repair/Seal","True","55.0000","False","False","False","False","False"
"35236","","","40202","False","False","False","0.0000","0.0000","False","","False","False","False","","False","","False","","","0.0000","0.0000","False","","","BOSCH","VH405-BOSCH","","Electronic Control Replacement","True","82.5000","False","False","False","False","False"
"35237","","","40202","False","False","False","0.0000","0.0000","False","","False","False","False","","False","","False","","","0.0000","0.0000","False","","","BOSCH","VH406-BOSCH","","Filter Cleaning - Baffle/Mesh (Pro Hood)","True","55.0000","False","False","False","False","False"
"35238","","","40202","False","False","False","0.0000","0.0000","False","","False","False","False","","False","","False","","","0.0000","0.0000","False","","","BOSCH","VH407-BOSCH","","Filter Cleaning - Baffle/Mesh (Standard Hood)","True","38.5000","False","False","False","False","False"
"35239","","","40202","False","False","False","0.0000","0.0000","False","","False","False","False","","False","","False","","","0.0000","0.0000","False","","","BOSCH","VH408-BOSCH","","Filter Replacement - Baffle/Mesh","True","38.5000","False","False","False","False","False"
"35240","","","40202","False","False","False","0.0000","0.0000","False","","False","False","False","","False","","False","","","0.0000","0.0000","False","","","BOSCH","VH409-BOSCH","","Light Bulb Receptacle Replacement (Pro Hood)","True","55.0000","False","False","False","False","False"
"35241","","","40202","False","False","False","0.0000","0.0000","False","","False","False","False","","False","","False","","","0.0000","0.0000","False","","","BOSCH","VH410-BOSCH","","Light Bulb Receptacle Replacement (Standard Hood)","True","55.0000","False","False","False","False","False"
"35242","","","40202","False","False","False","0.0000","0.0000","False","","False","False","False","","False","","False","","","0.0000","0.0000","False","","","BOSCH","VH411-BOSCH","","Light Bulb Replacement","True","27.5000","False","False","False","False","False"
"35243","","","40202","False","False","False","0.0000","0.0000","False","","False","False","False","","False","","False","","","0.0000","0.0000","False","","","BOSCH","VH412-BOSCH","","Power Cord/Electrical Conduit Replacement","True","55.0000","False","False","False","False","False"
"35244","","","40202","False","False","False","0.0000","0.0000","False","","False","False","False","","False","","False","","","0.0000","0.0000","False","","","BOSCH","VH413-BOSCH","","Switch Replacement - Light/Fan","True","82.5000","False","False","False","False","False"
"35245","","","40202","False","False","False","0.0000","0.0000","False","","False","False","False","","False","","False","","","0.0000","0.0000","False","","","BOSCH","VH600-BOSCH","","Additional Component Replacement","True","55.0000","False","False","False","False","False"
"35246","","","40202","False","False","False","0.0000","0.0000","False","","False","False","False","","False","","False","","","0.0000","0.0000","False","","","BOSCH","VH601-BOSCH","","Address Noise Complaint","True","55.0000","False","False","False","False","False"
"35247","","","40202","False","False","False","0.0000","0.0000","False","","False","False","False","","False","","False","","","0.0000","0.0000","False","","","BOSCH","VH602-BOSCH","","Cabinet Component Repair - Major","True","330.0000","False","False","False","False","False"
"35248","","","40202","False","False","False","0.0000","0.0000","False","","False","False","False","","False","","False","","","0.0000","0.0000","False","","","BOSCH","VH603-BOSCH","","Cabinet Component Repair - Minor","True","110.0000","False","False","False","False","False"
"35249","","","40202","False","False","False","0.0000","0.0000","False","","False","False","False","","False","","False","","","0.0000","0.0000","False","","","BOSCH","VH604-BOSCH","","Component Replacement/Repair - Major","True","330.0000","False","False","False","False","False"
"35250","","","40202","False","False","False","0.0000","0.0000","False","","False","False","False","","False","","False","","","0.0000","0.0000","False","","","BOSCH","VH605-BOSCH","","Component Replacement/Repair - Minor","True","110.0000","False","False","False","False","False"
"35251","","","40202","False","False","False","0.0000","0.0000","False","","False","False","False","","False","","False","","","0.0000","0.0000","False","","","BOSCH","VH606-BOSCH","","Cosmetic Part Replacement - Major","True","82.5000","False","False","False","False","False"
"35252","","","40202","False","False","False","0.0000","0.0000","False","","False","False","False","","False","","False","","","0.0000","0.0000","False","","","BOSCH","VH607-BOSCH","","Cosmetic Part Replacement - Minor","True","27.5000","False","False","False","False","False"
"35253","","","40202","False","False","False","0.0000","0.0000","False","","False","False","False","","False","","False","","","0.0000","0.0000","False","","","BOSCH","VH608-BOSCH","","Difficult Access Fee","True","55.0000","False","False","False","False","False"
"35254","","","40202","False","False","False","0.0000","0.0000","False","","False","False","False","","False","","False","","","0.0000","0.0000","False","","","BOSCH","VH609-BOSCH","","Level Unit/Adjust Unit","True","55.0000","False","False","False","False","False"
"35255","","","40202","False","False","False","0.0000","0.0000","False","","False","False","False","","False","","False","","","0.0000","0.0000","False","","","BOSCH","VH610-BOSCH","","Problem Could Not Be Reproduced","True","55.0000","False","False","False","False","False"
"35256","","","40202","False","False","False","0.0000","0.0000","False","","False","False","False","","False","","False","","","0.0000","0.0000","False","","","BOSCH","VH611-BOSCH","","Repair Burnt Wire(s) or Loose Connection(s)","True","82.5000","False","False","False","False","False"
"35257","","","40202","False","False","False","0.0000","0.0000","False","","False","False","False","","False","","False","","","0.0000","0.0000","False","","","BOSCH","VH612-BOSCH","","Reset Home Circuit Breaker","True","27.5000","False","False","False","False","False"
"35258","","","40202","False","False","False","0.0000","0.0000","False","","False","False","False","","False","","False","","","0.0000","0.0000","False","","","BOSCH","WA400-BOSCH","","Belt(s) Replacement","True","82.5000","False","True","False","False","False"
"35259","","","40202","False","False","False","0.0000","0.0000","False","","False","False","False","","False","","False","","","0.0000","0.0000","False","","","BOSCH","WA401-BOSCH","","Detergent Dispenser Replacement","True","82.5000","False","True","False","False","False"
"35260","","","40202","False","False","False","0.0000","0.0000","False","","False","False","False","","False","","False","","","0.0000","0.0000","False","","","BOSCH","WA402-BOSCH","","Door Assembly Replacement","True","110.0000","False","True","False","False","False"
"35261","","","40202","False","False","False","0.0000","0.0000","False","","False","False","False","","False","","False","","","0.0000","0.0000","False","","","BOSCH","WA403-BOSCH","","Door/Lid Switch Assembly Replacement","True","55.0000","False","True","False","False","False"
"35262","","","40202","False","False","False","0.0000","0.0000","False","","False","False","False","","False","","False","","","0.0000","0.0000","False","","","BOSCH","WA404-BOSCH","","Drive Motor Replacement","True","137.5000","False","True","False","False","False"
"35263","","","40202","False","False","False","0.0000","0.0000","False","","False","False","False","","False","","False","","","0.0000","0.0000","False","","","BOSCH","WA405-BOSCH","","Electronic Control/Timer/Pad Replacement","True","110.0000","False","True","False","False","False"
"35264","","","40202","False","False","False","0.0000","0.0000","False","","False","False","False","","False","","False","","","0.0000","0.0000","False","","","BOSCH","WA406-BOSCH","","Gasket Replacement (Bellows or Regular)","True","165.0000","False","True","False","False","False"
"35265","","","40202","False","False","False","0.0000","0.0000","False","","False","False","False","","False","","False","","","0.0000","0.0000","False","","","BOSCH","WA407-BOSCH","","Heating Element Replacement","True","165.0000","False","True","False","False","False"
"35266","","","40202","False","False","False","0.0000","0.0000","False","","False","False","False","","False","","False","","","0.0000","0.0000","False","","","BOSCH","WA408-BOSCH","","Hose(s) or Clamp(s) Replacement","True","55.0000","False","True","False","False","False"
"35267","","","40202","False","False","False","0.0000","0.0000","False","","False","False","False","","False","","False","","","0.0000","0.0000","False","","","BOSCH","WA409-BOSCH","","Inner/Outer Tub/Bearing Replacement -Front Load Washer","True","330.0000","False","True","False","False","False"
"35268","","","40202","False","False","False","0.0000","0.0000","False","","False","False","False","","False","","False","","","0.0000","0.0000","False","","","BOSCH","WA410-BOSCH","","Inner/Outer Tub/Bearing Replacement -Top Load Washer","True","275.0000","False","True","False","False","False"
"35269","","","40202","False","False","False","0.0000","0.0000","False","","False","False","False","","False","","False","","","0.0000","0.0000","False","","","BOSCH","WA411-BOSCH","","Interference Suppressor Replacement","True","55.0000","False","True","False","False","False"
"35270","","","40202","False","False","False","0.0000","0.0000","False","","False","False","False","","False","","False","","","0.0000","0.0000","False","","","BOSCH","WA412-BOSCH","","Light Bulb  Replacement","True","55.0000","False","True","False","False","False"
"35271","","","40202","False","False","False","0.0000","0.0000","False","","False","False","False","","False","","False","","","0.0000","0.0000","False","","","BOSCH","WA413-BOSCH","","Motor Coupling/Link Replacement","True","55.0000","False","True","False","False","False"
"35272","","","40202","False","False","False","0.0000","0.0000","False","","False","False","False","","False","","False","","","0.0000","0.0000","False","","","BOSCH","WA414-BOSCH","","Power Cord/Electrical Conduit Replacement","True","55.0000","False","True","False","False","False"
"35273","","","40202","False","False","False","0.0000","0.0000","False","","False","False","False","","False","","False","","","0.0000","0.0000","False","","","BOSCH","WA415-BOSCH","","Pump/Pump Motor Replacement","True","110.0000","False","True","False","False","False"
"35274","","","40202","False","False","False","0.0000","0.0000","False","","False","False","False","","False","","False","","","0.0000","0.0000","False","","","BOSCH","WA416-BOSCH","","Remove Debris From Pin Trap","True","55.0000","False","True","False","False","False"
"35275","","","40202","False","False","False","0.0000","0.0000","False","","False","False","False","","False","","False","","","0.0000","0.0000","False","","","BOSCH","WA417-BOSCH","","Replace Leveling Legs/Wheels- Built-in Under Counter or Stacked","True","110.0000","False","True","False","False","False"
"35276","","","40202","False","False","False","0.0000","0.0000","False","","False","False","False","","False","","False","","","0.0000","0.0000","False","","","BOSCH","WA418-BOSCH","","Replace Leveling Legs/Wheels- Freestanding (non built-in and not stacked)","True","55.0000","False","True","False","False","False"
"35277","","","40202","False","False","False","0.0000","0.0000","False","","False","False","False","","False","","False","","","0.0000","0.0000","False","","","BOSCH","WA419-BOSCH","","Suspension Component(s) Replacement","True","137.5000","False","True","False","False","False"
"35278","","","40202","False","False","False","0.0000","0.0000","False","","False","False","False","","False","","False","","","0.0000","0.0000","False","","","BOSCH","WA420-BOSCH","","Transmission/Clutch Assembly Replacement","True","275.0000","False","True","False","False","False"
"35279","","","40202","False","False","False","0.0000","0.0000","False","","False","False","False","","False","","False","","","0.0000","0.0000","False","","","BOSCH","WA421-BOSCH","","Water Valve Replacement","True","82.5000","False","True","False","False","False"
"35280","","","40202","False","False","False","0.0000","0.0000","False","","False","False","False","","False","","False","","","0.0000","0.0000","False","","","BOSCH","WA422-BOSCH","","WLAN WIFI Card Replacement","True","27.5000","False","True","False","False","False"
"35281","","","40202","False","False","False","0.0000","0.0000","False","","False","False","False","","False","","False","","","0.0000","0.0000","False","","","BOSCH","WA600-BOSCH","","Additional Component Replacement","True","55.0000","False","True","False","False","False"
"35282","","","40202","False","False","False","0.0000","0.0000","False","","False","False","False","","False","","False","","","0.0000","0.0000","False","","","BOSCH","WA601-BOSCH","","Address Noise Complaint","True","55.0000","False","True","False","False","False"
"35283","","","40202","False","False","False","0.0000","0.0000","False","","False","False","False","","False","","False","","","0.0000","0.0000","False","","","BOSCH","WA602-BOSCH","","Cabinet Component Repair - Major","True","330.0000","False","True","False","False","False"
"35284","","","40202","False","False","False","0.0000","0.0000","False","","False","False","False","","False","","False","","","0.0000","0.0000","False","","","BOSCH","WA603-BOSCH","","Cabinet Component Repair - Minor","True","110.0000","False","True","False","False","False"
"35285","","","40202","False","False","False","0.0000","0.0000","False","","False","False","False","","False","","False","","","0.0000","0.0000","False","","","BOSCH","WA604-BOSCH","","Component Replacement/Repair - Major","True","330.0000","False","True","False","False","False"
"35286","","","40202","False","False","False","0.0000","0.0000","False","","False","False","False","","False","","False","","","0.0000","0.0000","False","","","BOSCH","WA605-BOSCH","","Component Replacement/Repair - Minor","True","110.0000","False","True","False","False","False"
"35287","","","40202","False","False","False","0.0000","0.0000","False","","False","False","False","","False","","False","","","0.0000","0.0000","False","","","BOSCH","WA606-BOSCH","","Cosmetic Part Replacement - Major","True","82.5000","False","True","False","False","False"
"35288","","","40202","False","False","False","0.0000","0.0000","False","","False","False","False","","False","","False","","","0.0000","0.0000","False","","","BOSCH","WA607-BOSCH","","Cosmetic Part Replacement - Minor","True","27.5000","False","True","False","False","False"
"35289","","","40202","False","False","False","0.0000","0.0000","False","","False","False","False","","False","","False","","","0.0000","0.0000","False","","","BOSCH","WA608-BOSCH","","Difficult Access Fee","True","55.0000","False","True","False","False","False"
"35290","","","40202","False","False","False","0.0000","0.0000","False","","False","False","False","","False","","False","","","0.0000","0.0000","False","","","BOSCH","WA609-BOSCH","","Level Unit/Adjust Unit","True","55.0000","False","True","False","False","False"
"35291","","","40202","False","False","False","0.0000","0.0000","False","","False","False","False","","False","","False","","","0.0000","0.0000","False","","","BOSCH","WA610-BOSCH","","Problem Could Not Be Reproduced","True","55.0000","False","True","False","False","False"
"35292","","","40202","False","False","False","0.0000","0.0000","False","","False","False","False","","False","","False","","","0.0000","0.0000","False","","","BOSCH","WA611-BOSCH","","Repair Burnt Wire(s) or Loose Connection(s)","True","82.5000","False","True","False","False","False"
"35293","","","40202","False","False","False","0.0000","0.0000","False","","False","False","False","","False","","False","","","0.0000","0.0000","False","","","BOSCH","WA612-BOSCH","","Reset Home Circuit Breaker","True","27.5000","False","True","False","False","False"
"35294","","","40202","False","False","False","0.0000","0.0000","False","","False","False","False","","False","","False","","","0.0000","0.0000","False","","","BOSCH","WA613-BOSCH","","Stacked and/or Built-in Access Fee - Additional fee in order to obtain appropriate access to service unit.","True","38.5000","False","True","False","False","False"
"35295","","","40202","False","False","False","0.0000","0.0000","False","","False","False","False","","False","","False","","","0.0000","0.0000","False","","","BOSCH","WD400-BOSCH","","Convection Element Replacement","True","110.0000","False","False","False","False","False"
"35296","","","40202","False","False","False","0.0000","0.0000","False","","False","False","False","","False","","False","","","0.0000","0.0000","False","","","BOSCH","WD401-BOSCH","","Convection Fan Motor/Blade Replacement","True","110.0000","False","False","False","False","False"
"35297","","","40202","False","False","False","0.0000","0.0000","False","","False","False","False","","False","","False","","","0.0000","0.0000","False","","","BOSCH","WD402-BOSCH","","Cooling Fan Motor/Blade Replacement","True","110.0000","False","False","False","False","False"
"35298","","","40202","False","False","False","0.0000","0.0000","False","","False","False","False","","False","","False","","","0.0000","0.0000","False","","","BOSCH","WD403-BOSCH","","Drawer Panel Alignment/Adjustment","True","55.0000","False","False","False","False","False"
"35299","","","40202","False","False","False","0.0000","0.0000","False","","False","False","False","","False","","False","","","0.0000","0.0000","False","","","BOSCH","WD404-BOSCH","","Drawer Rail Component(s) Replacement","True","82.5000","False","False","False","False","False"
"35300","","","40202","False","False","False","0.0000","0.0000","False","","False","False","False","","False","","False","","","0.0000","0.0000","False","","","BOSCH","WD405-BOSCH","","Electronic Control/Module Replacement","True","110.0000","False","False","False","False","False"
"35301","","","40202","False","False","False","0.0000","0.0000","False","","False","False","False","","False","","False","","","0.0000","0.0000","False","","","BOSCH","WD406-BOSCH","","Heat Element Replacement","True","110.0000","False","False","False","False","False"
"35302","","","40202","False","False","False","0.0000","0.0000","False","","False","False","False","","False","","False","","","0.0000","0.0000","False","","","BOSCH","WD407-BOSCH","","HI-Limit Thermal Cutout Replacement","True","110.0000","False","False","False","False","False"
"35303","","","40202","False","False","False","0.0000","0.0000","False","","False","False","False","","False","","False","","","0.0000","0.0000","False","","","BOSCH","WD408-BOSCH","","Light Bulb Replacement","True","27.5000","False","False","False","False","False"
"35304","","","40202","False","False","False","0.0000","0.0000","False","","False","False","False","","False","","False","","","0.0000","0.0000","False","","","BOSCH","WD409-BOSCH","","Power Cord/Electrical Conduit Replacement","True","55.0000","False","False","False","False","False"
"35305","","","40202","False","False","False","0.0000","0.0000","False","","False","False","False","","False","","False","","","0.0000","0.0000","False","","","BOSCH","WD600-BOSCH","","Additional Component Replacement","True","55.0000","False","False","False","False","False"
"35306","","","40202","False","False","False","0.0000","0.0000","False","","False","False","False","","False","","False","","","0.0000","0.0000","False","","","BOSCH","WD601-BOSCH","","Address Noise Complaint","True","55.0000","False","False","False","False","False"
"35307","","","40202","False","False","False","0.0000","0.0000","False","","False","False","False","","False","","False","","","0.0000","0.0000","False","","","BOSCH","WD602-BOSCH","","Cabinet Component Repair - Major","True","330.0000","False","False","False","False","False"
"35308","","","40202","False","False","False","0.0000","0.0000","False","","False","False","False","","False","","False","","","0.0000","0.0000","False","","","BOSCH","WD603-BOSCH","","Cabinet Component Repair - Minor","True","110.0000","False","False","False","False","False"
"35309","","","40202","False","False","False","0.0000","0.0000","False","","False","False","False","","False","","False","","","0.0000","0.0000","False","","","BOSCH","WD604-BOSCH","","Component Replacement/Repair - Major","True","330.0000","False","False","False","False","False"
"35310","","","40202","False","False","False","0.0000","0.0000","False","","False","False","False","","False","","False","","","0.0000","0.0000","False","","","BOSCH","WD605-BOSCH","","Component Replacement/Repair - Minor","True","110.0000","False","False","False","False","False"
"35311","","","40202","False","False","False","0.0000","0.0000","False","","False","False","False","","False","","False","","","0.0000","0.0000","False","","","BOSCH","WD606-BOSCH","","Cosmetic Part Replacement - Major","True","82.5000","False","False","False","False","False"
"35312","","","40202","False","False","False","0.0000","0.0000","False","","False","False","False","","False","","False","","","0.0000","0.0000","False","","","BOSCH","WD607-BOSCH","","Cosmetic Part Replacement - Minor","True","27.5000","False","False","False","False","False"
"35313","","","40202","False","False","False","0.0000","0.0000","False","","False","False","False","","False","","False","","","0.0000","0.0000","False","","","BOSCH","WD608-BOSCH","","Difficult Access Fee","True","55.0000","False","False","False","False","False"
"35314","","","40202","False","False","False","0.0000","0.0000","False","","False","False","False","","False","","False","","","0.0000","0.0000","False","","","BOSCH","WD609-BOSCH","","Level Unit/Adjust Unit","True","55.0000","False","False","False","False","False"
"35315","","","40202","False","False","False","0.0000","0.0000","False","","False","False","False","","False","","False","","","0.0000","0.0000","False","","","BOSCH","WD610-BOSCH","","Problem Could Not Be Reproduced","True","55.0000","False","False","False","False","False"
"35316","","","40202","False","False","False","0.0000","0.0000","False","","False","False","False","","False","","False","","","0.0000","0.0000","False","","","BOSCH","WD611-BOSCH","","Repair Burnt Wire(s) or Loose Connection(s)","True","82.5000","False","False","False","False","False"
"35317","","","40202","False","False","False","0.0000","0.0000","False","","False","False","False","","False","","False","","","0.0000","0.0000","False","","","BOSCH","WD612-BOSCH","","Reset Home Circuit Breaker","True","27.5000","False","False","False","False","False"
"35318","","","40201","False","False","False","0.0000","0.0000","False","","False","False","False","","False","","False","","","0.0000","0.0000","False","","","BOSCH","ZNADD-BOSCH","","Additional Appliance","True","85.0000","False","True","False","False","False"
"35319","","","40202","False","False","False","0.0000","0.0000","False","","False","False","False","","False","","False","","","0.0000","0.0000","False","","","BROAN","L1-BROAN","","Additional One Tech/Installer Labor","True","55.0000","False","False","False","False","False"
"35320","","","40202","False","False","False","0.0000","0.0000","False","","False","False","False","","False","","False","","","0.0000","0.0000","False","","","BROAN","L2-BROAN","","Additional Two Tech/Installer Labor","True","82.5000","False","False","False","False","False"
"35321","","","40202","False","False","False","0.0000","0.0000","False","","False","False","False","","False","","False","","","0.0000","0.0000","False","","","BROAN","L3-BROAN","","Additional Three Tech/Installer Labor","True","110.0000","False","False","False","False","False"
"35322","","","40202","False","False","False","0.0000","0.0000","False","","False","False","False","","False","","False","","","0.0000","0.0000","False","","","BROAN","MS1-BROAN","","Miscellaneous Labor","True","27.5000","False","False","False","False","False"
"35323","","","40202","False","False","False","0.0000","0.0000","False","","False","False","False","","False","","False","","","0.0000","0.0000","False","","","BROAN","VH400-BROAN","","Blower Motor Replacement (Pro Hood)","True","137.5000","False","False","False","False","False"
"35324","","","40202","False","False","False","0.0000","0.0000","False","","False","False","False","","False","","False","","","0.0000","0.0000","False","","","BROAN","VH401-BROAN","","Blower Motor Replacement (Standard Hood)","True","55.0000","False","False","False","False","False"
"35325","","","40202","False","False","False","0.0000","0.0000","False","","False","False","False","","False","","False","","","0.0000","0.0000","False","","","BROAN","VH402-BROAN","","Correct Electrical Wiring at Hood Connection","True","82.5000","False","False","False","False","False"
"35326","","","40202","False","False","False","0.0000","0.0000","False","","False","False","False","","False","","False","","","0.0000","0.0000","False","","","BROAN","VH403-BROAN","","Correct Electrical Wiring at Remote/Inline Blower Connection","True","110.0000","False","False","False","False","False"
"35327","","","40202","False","False","False","0.0000","0.0000","False","","False","False","False","","False","","False","","","0.0000","0.0000","False","","","BROAN","VH404-BROAN","","Duct Connection Repair/Seal","True","55.0000","False","False","False","False","False"
"35328","","","40202","False","False","False","0.0000","0.0000","False","","False","False","False","","False","","False","","","0.0000","0.0000","False","","","BROAN","VH405-BROAN","","Electronic Control Replacement","True","82.5000","False","False","False","False","False"
"35329","","","40202","False","False","False","0.0000","0.0000","False","","False","False","False","","False","","False","","","0.0000","0.0000","False","","","BROAN","VH406-BROAN","","Filter Cleaning - Baffle/Mesh (Pro Hood)","True","55.0000","False","False","False","False","False"
"35330","","","40202","False","False","False","0.0000","0.0000","False","","False","False","False","","False","","False","","","0.0000","0.0000","False","","","BROAN","VH407-BROAN","","Filter Cleaning - Baffle/Mesh (Standard Hood)","True","38.5000","False","False","False","False","False"
"35331","","","40202","False","False","False","0.0000","0.0000","False","","False","False","False","","False","","False","","","0.0000","0.0000","False","","","BROAN","VH408-BROAN","","Filter Replacement - Baffle/Mesh","True","38.5000","False","False","False","False","False"
"35332","","","40202","False","False","False","0.0000","0.0000","False","","False","False","False","","False","","False","","","0.0000","0.0000","False","","","BROAN","VH409-BROAN","","Light Bulb Receptacle Replacement (Pro Hood)","True","55.0000","False","False","False","False","False"
"35333","","","40202","False","False","False","0.0000","0.0000","False","","False","False","False","","False","","False","","","0.0000","0.0000","False","","","BROAN","VH410-BROAN","","Light Bulb Receptacle Replacement (Standard Hood)","True","55.0000","False","False","False","False","False"
"35334","","","40202","False","False","False","0.0000","0.0000","False","","False","False","False","","False","","False","","","0.0000","0.0000","False","","","BROAN","VH411-BROAN","","Light Bulb Replacement","True","27.5000","False","False","False","False","False"
"35335","","","40202","False","False","False","0.0000","0.0000","False","","False","False","False","","False","","False","","","0.0000","0.0000","False","","","BROAN","VH412-BROAN","","Power Cord/Electrical Conduit Replacement","True","55.0000","False","False","False","False","False"
"35336","","","40202","False","False","False","0.0000","0.0000","False","","False","False","False","","False","","False","","","0.0000","0.0000","False","","","BROAN","VH413-BROAN","","Switch Replacement - Light/Fan","True","82.5000","False","False","False","False","False"
"35337","","","40202","False","False","False","0.0000","0.0000","False","","False","False","False","","False","","False","","","0.0000","0.0000","False","","","BROAN","VH600-BROAN","","Additional Component Replacement","True","55.0000","False","False","False","False","False"
"35338","","","40202","False","False","False","0.0000","0.0000","False","","False","False","False","","False","","False","","","0.0000","0.0000","False","","","BROAN","VH601-BROAN","","Address Noise Complaint","True","55.0000","False","False","False","False","False"
"35339","","","40202","False","False","False","0.0000","0.0000","False","","False","False","False","","False","","False","","","0.0000","0.0000","False","","","BROAN","VH602-BROAN","","Cabinet Component Repair - Major","True","330.0000","False","False","False","False","False"
"35340","","","40202","False","False","False","0.0000","0.0000","False","","False","False","False","","False","","False","","","0.0000","0.0000","False","","","BROAN","VH603-BROAN","","Cabinet Component Repair - Minor","True","110.0000","False","False","False","False","False"
"35341","","","40202","False","False","False","0.0000","0.0000","False","","False","False","False","","False","","False","","","0.0000","0.0000","False","","","BROAN","VH604-BROAN","","Component Replacement/Repair - Major","True","330.0000","False","False","False","False","False"
"35342","","","40202","False","False","False","0.0000","0.0000","False","","False","False","False","","False","","False","","","0.0000","0.0000","False","","","BROAN","VH605-BROAN","","Component Replacement/Repair - Minor","True","110.0000","False","False","False","False","False"
"35343","","","40202","False","False","False","0.0000","0.0000","False","","False","False","False","","False","","False","","","0.0000","0.0000","False","","","BROAN","VH606-BROAN","","Cosmetic Part Replacement - Major","True","82.5000","False","False","False","False","False"
"35344","","","40202","False","False","False","0.0000","0.0000","False","","False","False","False","","False","","False","","","0.0000","0.0000","False","","","BROAN","VH607-BROAN","","Cosmetic Part Replacement - Minor","True","27.5000","False","False","False","False","False"
"35345","","","40202","False","False","False","0.0000","0.0000","False","","False","False","False","","False","","False","","","0.0000","0.0000","False","","","BROAN","VH608-BROAN","","Difficult Access Fee","True","55.0000","False","False","False","False","False"
"35346","","","40202","False","False","False","0.0000","0.0000","False","","False","False","False","","False","","False","","","0.0000","0.0000","False","","","BROAN","VH609-BROAN","","Level Unit/Adjust Unit","True","55.0000","False","False","False","False","False"
"35347","","","40202","False","False","False","0.0000","0.0000","False","","False","False","False","","False","","False","","","0.0000","0.0000","False","","","BROAN","VH610-BROAN","","Problem Could Not Be Reproduced","True","55.0000","False","False","False","False","False"
"35348","","","40202","False","False","False","0.0000","0.0000","False","","False","False","False","","False","","False","","","0.0000","0.0000","False","","","BROAN","VH611-BROAN","","Repair Burnt Wire(s) or Loose Connection(s)","True","82.5000","False","False","False","False","False"
"35349","","","40202","False","False","False","0.0000","0.0000","False","","False","False","False","","False","","False","","","0.0000","0.0000","False","","","BROAN","VH612-BROAN","","Reset Home Circuit Breaker","True","27.5000","False","False","False","False","False"
"35350","","","40201","False","False","False","0.0000","0.0000","False","","False","False","False","","False","","False","","","0.0000","0.0000","False","","","BROAN","ZNADD-BROAN","","Additional Appliance","True","85.0000","False","True","False","False","False"
"35351","","","40202","False","False","False","0.0000","0.0000","False","","False","False","False","","False","","False","","","0.0000","0.0000","False","","","CAFE","CE400-CAFE","","Bake Element Replacement - Hidden (Double Oven) - Typically Two Technicians","True","275.0000","False","True","False","False","False"
"35352","","","40202","False","False","False","0.0000","0.0000","False","","False","False","False","","False","","False","","","0.0000","0.0000","False","","","CAFE","CE401-CAFE","","Bake Element Replacement - Hidden (Single Oven)","True","220.0000","False","True","False","False","False"
"35353","","","40202","False","False","False","0.0000","0.0000","False","","False","False","False","","False","","False","","","0.0000","0.0000","False","","","CAFE","CE402-CAFE","","Bake Element Replacement (Exposed)","True","110.0000","False","True","False","False","False"
"35354","","","40202","False","False","False","0.0000","0.0000","False","","False","False","False","","False","","False","","","0.0000","0.0000","False","","","CAFE","CE403-CAFE","","Broil Element Replacement (Concealed)","True","165.0000","False","True","False","False","False"
"35355","","","40202","False","False","False","0.0000","0.0000","False","","False","False","False","","False","","False","","","0.0000","0.0000","False","","","CAFE","CE404-CAFE","","Broil Element Replacement (Exposed)","True","110.0000","False","True","False","False","False"
"35356","","","40202","False","False","False","0.0000","0.0000","False","","False","False","False","","False","","False","","","0.0000","0.0000","False","","","CAFE","CE405-CAFE","","Calibrate Oven Temperature Calibration","True","82.5000","False","True","False","False","False"
"35357","","","40202","False","False","False","0.0000","0.0000","False","","False","False","False","","False","","False","","","0.0000","0.0000","False","","","CAFE","CE406-CAFE","","Ceran Glass Cooktop Replacement","True","165.0000","False","True","False","False","False"
"35358","","","40202","False","False","False","0.0000","0.0000","False","","False","False","False","","False","","False","","","0.0000","0.0000","False","","","CAFE","CE407-CAFE","","Coil Element Burner Receptacle Replacement","True","55.0000","False","True","False","False","False"
"35359","","","40202","False","False","False","0.0000","0.0000","False","","False","False","False","","False","","False","","","0.0000","0.0000","False","","","CAFE","CE408-CAFE","","Convect Element Replacement - Double Oven (Requires Oven Removal) - Two Technicians","True","275.0000","False","True","False","False","False"
"35360","","","40202","False","False","False","0.0000","0.0000","False","","False","False","False","","False","","False","","","0.0000","0.0000","False","","","CAFE","CE409-CAFE","","Convect Element Replacement - Single Oven (Requires Oven Removal)","True","220.0000","False","True","False","False","False"
"35361","","","40202","False","False","False","0.0000","0.0000","False","","False","False","False","","False","","False","","","0.0000","0.0000","False","","","CAFE","CE410-CAFE","","Convect Element Replacement (Front Service)","True","110.0000","False","True","False","False","False"
"35362","","","40202","False","False","False","0.0000","0.0000","False","","False","False","False","","False","","False","","","0.0000","0.0000","False","","","CAFE","CE411-CAFE","","Convection Fan Motor/Blade Replacement","True","165.0000","False","True","False","False","False"
"35363","","","40202","False","False","False","0.0000","0.0000","False","","False","False","False","","False","","False","","","0.0000","0.0000","False","","","CAFE","CE412-CAFE","","Cooling Fan Motor/Blade Replacement","True","165.0000","False","True","False","False","False"
"35364","","","40202","False","False","False","0.0000","0.0000","False","","False","False","False","","False","","False","","","0.0000","0.0000","False","","","CAFE","CE413-CAFE","","Door Component Replacement - Oven Glass-Liner-Handle-etc","True","82.5000","False","True","False","False","False"
"35365","","","40202","False","False","False","0.0000","0.0000","False","","False","False","False","","False","","False","","","0.0000","0.0000","False","","","CAFE","CE414-CAFE","","Door Hinge Assembly Replacement","True","110.0000","False","True","False","False","False"
"35366","","","40202","False","False","False","0.0000","0.0000","False","","False","False","False","","False","","False","","","0.0000","0.0000","False","","","CAFE","CE415-CAFE","","Door Hinge Receiver Replacement (Double Wall Oven) - Typically Two Technicians","True","220.0000","False","True","False","False","False"
"35367","","","40202","False","False","False","0.0000","0.0000","False","","False","False","False","","False","","False","","","0.0000","0.0000","False","","","CAFE","CE416-CAFE","","Door Hinge Receiver Replacement (Pro Range)","True","220.0000","False","True","False","False","False"
"35368","","","40202","False","False","False","0.0000","0.0000","False","","False","False","False","","False","","False","","","0.0000","0.0000","False","","","CAFE","CE417-CAFE","","Door Hinge Receiver Replacement (Single Wall Oven)","True","137.5000","False","True","False","False","False"
"35369","","","40202","False","False","False","0.0000","0.0000","False","","False","False","False","","False","","False","","","0.0000","0.0000","False","","","CAFE","CE418-CAFE","","Door Hinge Receiver Replacement (Standard Freestanding Range)","True","110.0000","False","True","False","False","False"
"35370","","","40202","False","False","False","0.0000","0.0000","False","","False","False","False","","False","","False","","","0.0000","0.0000","False","","","CAFE","CE419-CAFE","","Door Lock/Latch Assembly Replacement","True","110.0000","False","True","False","False","False"
"35371","","","40202","False","False","False","0.0000","0.0000","False","","False","False","False","","False","","False","","","0.0000","0.0000","False","","","CAFE","CE420-CAFE","","Door/Window Cleaning Double Oven","True","110.0000","False","True","False","False","False"
"35372","","","40202","False","False","False","0.0000","0.0000","False","","False","False","False","","False","","False","","","0.0000","0.0000","False","","","CAFE","CE421-CAFE","","Door/Window Cleaning Single Oven","True","82.5000","False","True","False","False","False"
"35373","","","40202","False","False","False","0.0000","0.0000","False","","False","False","False","","False","","False","","","0.0000","0.0000","False","","","CAFE","CE422-CAFE","","Drip Bowl Replacement - Coil Element","True","22.0000","False","True","False","False","False"
"35374","","","40202","False","False","False","0.0000","0.0000","False","","False","False","False","","False","","False","","","0.0000","0.0000","False","","","CAFE","CE423-CAFE","","Electronic Control/Module Replacement","True","110.0000","False","True","False","False","False"
"35375","","","40202","False","False","False","0.0000","0.0000","False","","False","False","False","","False","","False","","","0.0000","0.0000","False","","","CAFE","CE424-CAFE","","Griddle/Grill Component Replacement","True","55.0000","False","True","False","False","False"
"35376","","","40202","False","False","False","0.0000","0.0000","False","","False","False","False","","False","","False","","","0.0000","0.0000","False","","","CAFE","CE425-CAFE","","Grill/Griddle Thermostat Replacement","True","110.0000","False","True","False","False","False"
"35377","","","40202","False","False","False","0.0000","0.0000","False","","False","False","False","","False","","False","","","0.0000","0.0000","False","","","CAFE","CE426-CAFE","","Hi-Limit Thermal Cutout Replacement (Front Service)","True","82.5000","False","True","False","False","False"
"35378","","","40202","False","False","False","0.0000","0.0000","False","","False","False","False","","False","","False","","","0.0000","0.0000","False","","","CAFE","CE427-CAFE","","Hi-Limit Thermal Cutout Replacement (Rear Service)","True","110.0000","False","True","False","False","False"
"35379","","","40202","False","False","False","0.0000","0.0000","False","","False","False","False","","False","","False","","","0.0000","0.0000","False","","","CAFE","CE428-CAFE","","Leveling Legs/Wheel Replacement (Pro Range)","True","110.0000","False","True","False","False","False"
"35380","","","40202","False","False","False","0.0000","0.0000","False","","False","False","False","","False","","False","","","0.0000","0.0000","False","","","CAFE","CE429-CAFE","","Leveling Legs/Wheel Replacement (Standard Range)","True","55.0000","False","True","False","False","False"
"35381","","","40202","False","False","False","0.0000","0.0000","False","","False","False","False","","False","","False","","","0.0000","0.0000","False","","","CAFE","CE430-CAFE","","Light Bulb Replacement (Front Service)","True","22.0000","False","True","False","False","False"
"35382","","","40202","False","False","False","0.0000","0.0000","False","","False","False","False","","False","","False","","","0.0000","0.0000","False","","","CAFE","CE431-CAFE","","Light Bulb Replacement (Rear Service)","True","55.0000","False","True","False","False","False"
"35383","","","40202","False","False","False","0.0000","0.0000","False","","False","False","False","","False","","False","","","0.0000","0.0000","False","","","CAFE","CE432-CAFE","","Oven Temp Sensor (Thermistor) Replacement","True","82.5000","False","True","False","False","False"
"35384","","","40202","False","False","False","0.0000","0.0000","False","","False","False","False","","False","","False","","","0.0000","0.0000","False","","","CAFE","CE433-CAFE","","Oven Thermostat Replacement","True","220.0000","False","True","False","False","False"
"35385","","","40202","False","False","False","0.0000","0.0000","False","","False","False","False","","False","","False","","","0.0000","0.0000","False","","","CAFE","CE434-CAFE","","Power Cord/Electrical Conduit Replacement","True","55.0000","False","True","False","False","False"
"35386","","","40202","False","False","False","0.0000","0.0000","False","","False","False","False","","False","","False","","","0.0000","0.0000","False","","","CAFE","CE435-CAFE","","Probe Jack Replacement","True","110.0000","False","True","False","False","False"
"35387","","","40202","False","False","False","0.0000","0.0000","False","","False","False","False","","False","","False","","","0.0000","0.0000","False","","","CAFE","CE436-CAFE","","Rack Replacement - Oven","True","16.5000","False","True","False","False","False"
"35388","","","40202","False","False","False","0.0000","0.0000","False","","False","False","False","","False","","False","","","0.0000","0.0000","False","","","CAFE","CE437-CAFE","","Surface Element Replacement - Ceran Glass Top","True","165.0000","False","True","False","False","False"
"35389","","","40202","False","False","False","0.0000","0.0000","False","","False","False","False","","False","","False","","","0.0000","0.0000","False","","","CAFE","CE438-CAFE","","Surface Element Replacement - Coil Top","True","38.5000","False","True","False","False","False"
"35390","","","40202","False","False","False","0.0000","0.0000","False","","False","False","False","","False","","False","","","0.0000","0.0000","False","","","CAFE","CE439-CAFE","","Switch Replacement - Burner/Selector","True","110.0000","False","True","False","False","False"
"35391","","","40202","False","False","False","0.0000","0.0000","False","","False","False","False","","False","","False","","","0.0000","0.0000","False","","","CAFE","CE440-CAFE","","Terminal Block Replacement - Electrical Connection","True","55.0000","False","True","False","False","False"
"35392","","","40202","False","False","False","0.0000","0.0000","False","","False","False","False","","False","","False","","","0.0000","0.0000","False","","","CAFE","CE441-CAFE","","Transformer Replacement","True","82.5000","False","True","False","False","False"
"35393","","","40202","False","False","False","0.0000","0.0000","False","","False","False","False","","False","","False","","","0.0000","0.0000","False","","","CAFE","CE600-CAFE","","Additional Component Replacement","True","55.0000","False","True","False","False","False"
"35394","","","40202","False","False","False","0.0000","0.0000","False","","False","False","False","","False","","False","","","0.0000","0.0000","False","","","CAFE","CE601-CAFE","","Address Noise Complaint","True","55.0000","False","True","False","False","False"
"35395","","","40202","False","False","False","0.0000","0.0000","False","","False","False","False","","False","","False","","","0.0000","0.0000","False","","","CAFE","CE602-CAFE","","Cabinet Component Repair - Major","True","330.0000","False","True","False","False","False"
"35396","","","40202","False","False","False","0.0000","0.0000","False","","False","False","False","","False","","False","","","0.0000","0.0000","False","","","CAFE","CE603-CAFE","","Cabinet Component Repair - Minor","True","110.0000","False","True","False","False","False"
"35397","","","40202","False","False","False","0.0000","0.0000","False","","False","False","False","","False","","False","","","0.0000","0.0000","False","","","CAFE","CE604-CAFE","","Component Replacement/Repair - Major","True","330.0000","False","True","False","False","False"
"35398","","","40202","False","False","False","0.0000","0.0000","False","","False","False","False","","False","","False","","","0.0000","0.0000","False","","","CAFE","CE605-CAFE","","Component Replacement/Repair - Minor","True","110.0000","False","True","False","False","False"
"35399","","","40202","False","False","False","0.0000","0.0000","False","","False","False","False","","False","","False","","","0.0000","0.0000","False","","","CAFE","CE606-CAFE","","Cosmetic Part Replacement - Major","True","82.5000","False","True","False","False","False"
"35400","","","40202","False","False","False","0.0000","0.0000","False","","False","False","False","","False","","False","","","0.0000","0.0000","False","","","CAFE","CE607-CAFE","","Cosmetic Part Replacement - Minor","True","27.5000","False","True","False","False","False"
"35401","","","40202","False","False","False","0.0000","0.0000","False","","False","False","False","","False","","False","","","0.0000","0.0000","False","","","CAFE","CE608-CAFE","","Difficult Access Fee","True","55.0000","False","True","False","False","False"
"35402","","","40202","False","False","False","0.0000","0.0000","False","","False","False","False","","False","","False","","","0.0000","0.0000","False","","","CAFE","CE609-CAFE","","Level Unit/Adjust Unit","True","55.0000","False","True","False","False","False"
"35403","","","40202","False","False","False","0.0000","0.0000","False","","False","False","False","","False","","False","","","0.0000","0.0000","False","","","CAFE","CE610-CAFE","","Problem Could Not Be Reproduced","True","55.0000","False","True","False","False","False"
"35404","","","40202","False","False","False","0.0000","0.0000","False","","False","False","False","","False","","False","","","0.0000","0.0000","False","","","CAFE","CE611-CAFE","","Repair Burnt Wire(s) or Loose Connection(s)","True","82.5000","False","True","False","False","False"
"35405","","","40202","False","False","False","0.0000","0.0000","False","","False","False","False","","False","","False","","","0.0000","0.0000","False","","","CAFE","CE612-CAFE","","Reset Home Circuit Breaker","True","27.5000","False","True","False","False","False"
"35406","","","40202","False","False","False","0.0000","0.0000","False","","False","False","False","","False","","False","","","0.0000","0.0000","False","","","CAFE","CG400-CAFE","","Bake Burner Assembly Replacement (Pro Oven/Range)","True","110.0000","False","True","False","False","False"
"35407","","","40202","False","False","False","0.0000","0.0000","False","","False","False","False","","False","","False","","","0.0000","0.0000","False","","","CAFE","CG401-CAFE","","Bake Burner Assembly Replacement (Standard Oven/Range)","True","82.5000","False","True","False","False","False"
"35408","","","40202","False","False","False","0.0000","0.0000","False","","False","False","False","","False","","False","","","0.0000","0.0000","False","","","CAFE","CG402-CAFE","","Broil Burner Assembly Replacement (Pro Oven/Range)","True","110.0000","False","True","False","False","False"
"35409","","","40202","False","False","False","0.0000","0.0000","False","","False","False","False","","False","","False","","","0.0000","0.0000","False","","","CAFE","CG403-CAFE","","Broil Burner Assembly Replacement (Standard Oven/Range)","True","82.5000","False","True","False","False","False"
"35410","","","40202","False","False","False","0.0000","0.0000","False","","False","False","False","","False","","False","","","0.0000","0.0000","False","","","CAFE","CG404-CAFE","","Burner Grate(s)/Cap(s) Replacement","True","16.5000","False","True","False","False","False"
"35411","","","40202","False","False","False","0.0000","0.0000","False","","False","False","False","","False","","False","","","0.0000","0.0000","False","","","CAFE","CG405-CAFE","","Burner Ignition Component Replacement","True","82.5000","False","True","False","False","False"
"35412","","","40202","False","False","False","0.0000","0.0000","False","","False","False","False","","False","","False","","","0.0000","0.0000","False","","","CAFE","CG406-CAFE","","Burner Valve Replacement - Surface Burner","True","165.0000","False","True","False","False","False"
"35413","","","40202","False","False","False","0.0000","0.0000","False","","False","False","False","","False","","False","","","0.0000","0.0000","False","","","CAFE","CG407-CAFE","","Convection Fan Motor/Blade Replacement (Pro Oven/Range)","True","165.0000","False","True","False","False","False"
"35414","","","40202","False","False","False","0.0000","0.0000","False","","False","False","False","","False","","False","","","0.0000","0.0000","False","","","CAFE","CG408-CAFE","","Convection Fan Motor/Blade Replacement (Standard Oven/Range)","True","110.0000","False","True","False","False","False"
"35415","","","40202","False","False","False","0.0000","0.0000","False","","False","False","False","","False","","False","","","0.0000","0.0000","False","","","CAFE","CG409-CAFE","","Cooktop Burner Assembly Replacement","True","82.5000","False","True","False","False","False"
"35416","","","40202","False","False","False","0.0000","0.0000","False","","False","False","False","","False","","False","","","0.0000","0.0000","False","","","CAFE","CG410-CAFE","","Cooling Fan Motor/Blade Replacement (Pro Oven/Range)","True","165.0000","False","True","False","False","False"
"35417","","","40202","False","False","False","0.0000","0.0000","False","","False","False","False","","False","","False","","","0.0000","0.0000","False","","","CAFE","CG411-CAFE","","Cooling Fan Motor/Blade Replacement (Standard Oven/Range)","True","82.5000","False","True","False","False","False"
"35418","","","40202","False","False","False","0.0000","0.0000","False","","False","False","False","","False","","False","","","0.0000","0.0000","False","","","CAFE","CG412-CAFE","","Door Component Replacement - Oven Glass-Liner-Handle-etc","True","82.5000","False","True","False","False","False"
"35419","","","40202","False","False","False","0.0000","0.0000","False","","False","False","False","","False","","False","","","0.0000","0.0000","False","","","CAFE","CG413-CAFE","","Door Hinge Assembly Replacement","True","110.0000","False","True","False","False","False"
"35420","","","40202","False","False","False","0.0000","0.0000","False","","False","False","False","","False","","False","","","0.0000","0.0000","False","","","CAFE","CG414-CAFE","","Door Hinge Receiver Replacement (Double Wall Oven)","True","192.5000","False","True","False","False","False"
"35421","","","40202","False","False","False","0.0000","0.0000","False","","False","False","False","","False","","False","","","0.0000","0.0000","False","","","CAFE","CG415-CAFE","","Door Hinge Receiver Replacement (Pro Range)","True","192.5000","False","True","False","False","False"
"35422","","","40202","False","False","False","0.0000","0.0000","False","","False","False","False","","False","","False","","","0.0000","0.0000","False","","","CAFE","CG416-CAFE","","Door Hinge Receiver Replacement (Single Wall Oven)","True","110.0000","False","True","False","False","False"
"35423","","","40202","False","False","False","0.0000","0.0000","False","","False","False","False","","False","","False","","","0.0000","0.0000","False","","","CAFE","CG417-CAFE","","Door Hinge Receiver Replacement (Standard Range)","True","110.0000","False","True","False","False","False"
"35424","","","40202","False","False","False","0.0000","0.0000","False","","False","False","False","","False","","False","","","0.0000","0.0000","False","","","CAFE","CG418-CAFE","","Door Lock/Latch Assembly Replacement","True","110.0000","False","True","False","False","False"
"35425","","","40202","False","False","False","0.0000","0.0000","False","","False","False","False","","False","","False","","","0.0000","0.0000","False","","","CAFE","CG419-CAFE","","Door/Window Cleaning (Double Oven)","True","110.0000","False","True","False","False","False"
"35426","","","40202","False","False","False","0.0000","0.0000","False","","False","False","False","","False","","False","","","0.0000","0.0000","False","","","CAFE","CG420-CAFE","","Door/Window Cleaning (Single Oven)","True","82.5000","False","True","False","False","False"
"35427","","","40202","False","False","False","0.0000","0.0000","False","","False","False","False","","False","","False","","","0.0000","0.0000","False","","","CAFE","CG421-CAFE","","Electronic Control/Module Replacement","True","110.0000","False","True","False","False","False"
"35428","","","40202","False","False","False","0.0000","0.0000","False","","False","False","False","","False","","False","","","0.0000","0.0000","False","","","CAFE","CG422-CAFE","","Gas Supply Flex Line Replacement","True","55.0000","False","True","False","False","False"
"35429","","","40202","False","False","False","0.0000","0.0000","False","","False","False","False","","False","","False","","","0.0000","0.0000","False","","","CAFE","CG423-CAFE","","Griddle/Grill Component Replacement","True","55.0000","False","True","False","False","False"
"35430","","","40202","False","False","False","0.0000","0.0000","False","","False","False","False","","False","","False","","","0.0000","0.0000","False","","","CAFE","CG424-CAFE","","Griddle/Grill Thermostat Replacement","True","137.5000","False","True","False","False","False"
"35431","","","40202","False","False","False","0.0000","0.0000","False","","False","False","False","","False","","False","","","0.0000","0.0000","False","","","CAFE","CG425-CAFE","","Hi-Limit Thermal Cutout Replacement - Front Service","True","82.5000","False","True","False","False","False"
"35432","","","40202","False","False","False","0.0000","0.0000","False","","False","False","False","","False","","False","","","0.0000","0.0000","False","","","CAFE","CG426-CAFE","","Hi-Limit Thermal Cutout Replacement - Rear Service","True","110.0000","False","True","False","False","False"
"35433","","","40202","False","False","False","0.0000","0.0000","False","","False","False","False","","False","","False","","","0.0000","0.0000","False","","","CAFE","CG427-CAFE","","Leveling Legs/Wheel Replacement - Pro Range","True","110.0000","False","True","False","False","False"
"35434","","","40202","False","False","False","0.0000","0.0000","False","","False","False","False","","False","","False","","","0.0000","0.0000","False","","","CAFE","CG428-CAFE","","Leveling Legs/Wheel Replacement - Standard Range","True","55.0000","False","True","False","False","False"
"35435","","","40202","False","False","False","0.0000","0.0000","False","","False","False","False","","False","","False","","","0.0000","0.0000","False","","","CAFE","CG429-CAFE","","Light Bulb Replacement (Front Service)","True","22.0000","False","True","False","False","False"
"35436","","","40202","False","False","False","0.0000","0.0000","False","","False","False","False","","False","","False","","","0.0000","0.0000","False","","","CAFE","CG430-CAFE","","Light Bulb Replacement (Rear Service)","True","55.0000","False","True","False","False","False"
"35437","","","40202","False","False","False","0.0000","0.0000","False","","False","False","False","","False","","False","","","0.0000","0.0000","False","","","CAFE","CG431-CAFE","","Locate and Repair Gas Leak Locate and Repair (Difficult Access)","True","110.0000","False","True","False","False","False"
"35438","","","40202","False","False","False","0.0000","0.0000","False","","False","False","False","","False","","False","","","0.0000","0.0000","False","","","CAFE","CG432-CAFE","","Locate and Repair Gas Leak Locate and Repair (Readily Accessible)","True","55.0000","False","True","False","False","False"
"35439","","","40202","False","False","False","0.0000","0.0000","False","","False","False","False","","False","","False","","","0.0000","0.0000","False","","","CAFE","CG433-CAFE","","Orifice(s) Replacement (Cooktop)","True","55.0000","False","True","False","False","False"
"35440","","","40202","False","False","False","0.0000","0.0000","False","","False","False","False","","False","","False","","","0.0000","0.0000","False","","","CAFE","CG434-CAFE","","Orifice(s) Replacement (Oven)","True","82.5000","False","True","False","False","False"
"35441","","","40202","False","False","False","0.0000","0.0000","False","","False","False","False","","False","","False","","","0.0000","0.0000","False","","","CAFE","CG435-CAFE","","Oven Ignitor (HSI) Replacement","True","82.5000","False","True","False","False","False"
"35442","","","40202","False","False","False","0.0000","0.0000","False","","False","False","False","","False","","False","","","0.0000","0.0000","False","","","CAFE","CG436-CAFE","","Oven Temp Sensor (Thermistor) Replacement","True","82.5000","False","True","False","False","False"
"35443","","","40202","False","False","False","0.0000","0.0000","False","","False","False","False","","False","","False","","","0.0000","0.0000","False","","","CAFE","CG437-CAFE","","Oven Temperature Calibration","True","82.5000","False","True","False","False","False"
"35444","","","40202","False","False","False","0.0000","0.0000","False","","False","False","False","","False","","False","","","0.0000","0.0000","False","","","CAFE","CG438-CAFE","","Oven Thermostat Replacement","True","220.0000","False","True","False","False","False"
"35445","","","40202","False","False","False","0.0000","0.0000","False","","False","False","False","","False","","False","","","0.0000","0.0000","False","","","CAFE","CG439-CAFE","","Power Cord/Electrical Conduit Replacement","True","55.0000","False","True","False","False","False"
"35446","","","40202","False","False","False","0.0000","0.0000","False","","False","False","False","","False","","False","","","0.0000","0.0000","False","","","CAFE","CG440-CAFE","","Probe Jack Replacement","True","82.5000","False","True","False","False","False"
"35447","","","40202","False","False","False","0.0000","0.0000","False","","False","False","False","","False","","False","","","0.0000","0.0000","False","","","CAFE","CG441-CAFE","","Rack Replacement - Oven","True","16.5000","False","True","False","False","False"
"35448","","","40202","False","False","False","0.0000","0.0000","False","","False","False","False","","False","","False","","","0.0000","0.0000","False","","","CAFE","CG442-CAFE","","Regulator Replacement (Standard Access)","True","82.5000","False","True","False","False","False"
"35449","","","40202","False","False","False","0.0000","0.0000","False","","False","False","False","","False","","False","","","0.0000","0.0000","False","","","CAFE","CG443-CAFE","","Regulator Replacement Pro Range (Difficult Access)","True","165.0000","False","True","False","False","False"
"35450","","","40202","False","False","False","0.0000","0.0000","False","","False","False","False","","False","","False","","","0.0000","0.0000","False","","","CAFE","CG444-CAFE","","Safety Valve Replacement","True","110.0000","False","True","False","False","False"
"35451","","","40202","False","False","False","0.0000","0.0000","False","","False","False","False","","False","","False","","","0.0000","0.0000","False","","","CAFE","CG445-CAFE","","Simmer Setting Adjustment - Gas Burner","True","33.0000","False","True","False","False","False"
"35452","","","40202","False","False","False","0.0000","0.0000","False","","False","False","False","","False","","False","","","0.0000","0.0000","False","","","CAFE","CG446-CAFE","","Solenoid Replacement","True","82.5000","False","True","False","False","False"
"35453","","","40202","False","False","False","0.0000","0.0000","False","","False","False","False","","False","","False","","","0.0000","0.0000","False","","","CAFE","CG447-CAFE","","Switch Assembly Replacement","True","82.5000","False","True","False","False","False"
"35454","","","40202","False","False","False","0.0000","0.0000","False","","False","False","False","","False","","False","","","0.0000","0.0000","False","","","CAFE","CG448-CAFE","","Terminal Block Replacement - Electrical Connection","True","55.0000","False","True","False","False","False"
"35455","","","40202","False","False","False","0.0000","0.0000","False","","False","False","False","","False","","False","","","0.0000","0.0000","False","","","CAFE","CG449-CAFE","","Thermocouple Replacement","True","82.5000","False","True","False","False","False"
"35456","","","40202","False","False","False","0.0000","0.0000","False","","False","False","False","","False","","False","","","0.0000","0.0000","False","","","CAFE","CG450-CAFE","","Transformer Replacement","True","110.0000","False","True","False","False","False"
"35457","","","40202","False","False","False","0.0000","0.0000","False","","False","False","False","","False","","False","","","0.0000","0.0000","False","","","CAFE","CG600-CAFE","","Additional Component Replacement","True","55.0000","False","True","False","False","False"
"35458","","","40202","False","False","False","0.0000","0.0000","False","","False","False","False","","False","","False","","","0.0000","0.0000","False","","","CAFE","CG601-CAFE","","Address Noise Complaint","True","55.0000","False","True","False","False","False"
"35459","","","40202","False","False","False","0.0000","0.0000","False","","False","False","False","","False","","False","","","0.0000","0.0000","False","","","CAFE","CG602-CAFE","","Cabinet Component Repair - Major","True","330.0000","False","True","False","False","False"
"35460","","","40202","False","False","False","0.0000","0.0000","False","","False","False","False","","False","","False","","","0.0000","0.0000","False","","","CAFE","CG603-CAFE","","Cabinet Component Repair - Minor","True","110.0000","False","True","False","False","False"
"35461","","","40202","False","False","False","0.0000","0.0000","False","","False","False","False","","False","","False","","","0.0000","0.0000","False","","","CAFE","CG604-CAFE","","Component Replacement/Repair - Major","True","330.0000","False","True","False","False","False"
"35462","","","40202","False","False","False","0.0000","0.0000","False","","False","False","False","","False","","False","","","0.0000","0.0000","False","","","CAFE","CG605-CAFE","","Component Replacement/Repair - Minor","True","110.0000","False","True","False","False","False"
"35463","","","40202","False","False","False","0.0000","0.0000","False","","False","False","False","","False","","False","","","0.0000","0.0000","False","","","CAFE","CG606-CAFE","","Cosmetic Part Replacement - Major","True","82.5000","False","True","False","False","False"
"35464","","","40202","False","False","False","0.0000","0.0000","False","","False","False","False","","False","","False","","","0.0000","0.0000","False","","","CAFE","CG607-CAFE","","Cosmetic Part Replacement - Minor","True","27.5000","False","True","False","False","False"
"35465","","","40202","False","False","False","0.0000","0.0000","False","","False","False","False","","False","","False","","","0.0000","0.0000","False","","","CAFE","CG608-CAFE","","Difficult Access Fee","True","55.0000","False","True","False","False","False"
"35466","","","40202","False","False","False","0.0000","0.0000","False","","False","False","False","","False","","False","","","0.0000","0.0000","False","","","CAFE","CG609-CAFE","","Level Unit/Adjust Unit","True","55.0000","False","True","False","False","False"
"35467","","","40202","False","False","False","0.0000","0.0000","False","","False","False","False","","False","","False","","","0.0000","0.0000","False","","","CAFE","CG610-CAFE","","Problem Could Not Be Reproduced","True","55.0000","False","True","False","False","False"
"35468","","","40202","False","False","False","0.0000","0.0000","False","","False","False","False","","False","","False","","","0.0000","0.0000","False","","","CAFE","CG611-CAFE","","Repair Burnt Wire(s) or Loose Connection(s)","True","82.5000","False","True","False","False","False"
"35469","","","40202","False","False","False","0.0000","0.0000","False","","False","False","False","","False","","False","","","0.0000","0.0000","False","","","CAFE","CG612-CAFE","","Reset Home Circuit Breaker","True","27.5000","False","True","False","False","False"
"35470","","","40202","False","False","False","0.0000","0.0000","False","","False","False","False","","False","","False","","","0.0000","0.0000","False","","","CAFE","DW400-CAFE","","Address Washability Concerns","True","27.5000","False","False","False","False","False"
"35471","","","40202","False","False","False","0.0000","0.0000","False","","False","False","False","","False","","False","","","0.0000","0.0000","False","","","CAFE","DW401-CAFE","","Address Water Leak (Tub-Door-Etc.)","True","82.5000","False","False","False","False","False"
"35472","","","40202","False","False","False","0.0000","0.0000","False","","False","False","False","","False","","False","","","0.0000","0.0000","False","","","CAFE","DW402-CAFE","","Debris Removal & Cleaning From Drain/Sink Connection","True","55.0000","False","False","False","False","False"
"35473","","","40202","False","False","False","0.0000","0.0000","False","","False","False","False","","False","","False","","","0.0000","0.0000","False","","","CAFE","DW403-CAFE","","Debris Removal from Sump/Impeller/Drain","True","55.0000","False","False","False","False","False"
"35474","","","40202","False","False","False","0.0000","0.0000","False","","False","False","False","","False","","False","","","0.0000","0.0000","False","","","CAFE","DW404-CAFE","","Detergent Cup Assembly Replacement","True","82.5000","False","False","False","False","False"
"35475","","","40202","False","False","False","0.0000","0.0000","False","","False","False","False","","False","","False","","","0.0000","0.0000","False","","","CAFE","DW405-CAFE","","Door Panel/Console Replacement (Outer)","True","55.0000","False","False","False","False","False"
"35476","","","40202","False","False","False","0.0000","0.0000","False","","False","False","False","","False","","False","","","0.0000","0.0000","False","","","CAFE","DW406-CAFE","","Door Replacement (Inner)","True","82.5000","False","False","False","False","False"
"35477","","","40202","False","False","False","0.0000","0.0000","False","","False","False","False","","False","","False","","","0.0000","0.0000","False","","","CAFE","DW407-CAFE","","Door Seal Replacement","True","55.0000","False","False","False","False","False"
"35478","","","40202","False","False","False","0.0000","0.0000","False","","False","False","False","","False","","False","","","0.0000","0.0000","False","","","CAFE","DW408-CAFE","","Door Spring Tension/Balance Adjustment (Front Accessible)","True","27.5000","False","False","False","False","False"
"35479","","","40202","False","False","False","0.0000","0.0000","False","","False","False","False","","False","","False","","","0.0000","0.0000","False","","","CAFE","DW409-CAFE","","Door Spring Tension/Balance Adjustment (Unit Removed For Access)","True","55.0000","False","False","False","False","False"
"35480","","","40202","False","False","False","0.0000","0.0000","False","","False","False","False","","False","","False","","","0.0000","0.0000","False","","","CAFE","DW410-CAFE","","Door Spring/Balance Kit Replacement","True","110.0000","False","False","False","False","False"
"35481","","","40202","False","False","False","0.0000","0.0000","False","","False","False","False","","False","","False","","","0.0000","0.0000","False","","","CAFE","DW411-CAFE","","Door Switch Replacement","True","82.5000","False","False","False","False","False"
"35482","","","40202","False","False","False","0.0000","0.0000","False","","False","False","False","","False","","False","","","0.0000","0.0000","False","","","CAFE","DW412-CAFE","","Drain Hose Replacement","True","82.5000","False","False","False","False","False"
"35483","","","40202","False","False","False","0.0000","0.0000","False","","False","False","False","","False","","False","","","0.0000","0.0000","False","","","CAFE","DW413-CAFE","","Drain Pump Replacement","True","165.0000","False","False","False","False","False"
"35484","","","40202","False","False","False","0.0000","0.0000","False","","False","False","False","","False","","False","","","0.0000","0.0000","False","","","CAFE","DW414-CAFE","","Drying Fan Motor/Blade Replacement","True","110.0000","False","False","False","False","False"
"35485","","","40202","False","False","False","0.0000","0.0000","False","","False","False","False","","False","","False","","","0.0000","0.0000","False","","","CAFE","DW415-CAFE","","Electrical Disconnect was Turned Off (Light Switch)","True","16.5000","False","False","False","False","False"
"35486","","","40202","False","False","False","0.0000","0.0000","False","","False","False","False","","False","","False","","","0.0000","0.0000","False","","","CAFE","DW416-CAFE","","Electronic Control/Timer/Pad Replacement","True","110.0000","False","False","False","False","False"
"35487","","","40202","False","False","False","0.0000","0.0000","False","","False","False","False","","False","","False","","","0.0000","0.0000","False","","","CAFE","DW417-CAFE","","Float Switch Replacement","True","82.5000","False","False","False","False","False"
"35488","","","40202","False","False","False","0.0000","0.0000","False","","False","False","False","","False","","False","","","0.0000","0.0000","False","","","CAFE","DW418-CAFE","","Flow Meter Replacement","True","110.0000","False","False","False","False","False"
"35489","","","40202","False","False","False","0.0000","0.0000","False","","False","False","False","","False","","False","","","0.0000","0.0000","False","","","CAFE","DW419-CAFE","","Heating Element Replacement","True","110.0000","False","False","False","False","False"
"35490","","","40202","False","False","False","0.0000","0.0000","False","","False","False","False","","False","","False","","","0.0000","0.0000","False","","","CAFE","DW420-CAFE","","Interference Suppressor Replacement","True","55.0000","False","False","False","False","False"
"35491","","","40202","False","False","False","0.0000","0.0000","False","","False","False","False","","False","","False","","","0.0000","0.0000","False","","","CAFE","DW421-CAFE","","Light Bulb Replacement (Front Access)","True","27.5000","False","False","False","False","False"
"35492","","","40202","False","False","False","0.0000","0.0000","False","","False","False","False","","False","","False","","","0.0000","0.0000","False","","","CAFE","DW422-CAFE","","Light Bulb Replacement (Rear Access - Unit De-installation, Re-install)","True","110.0000","False","False","False","False","False"
"35493","","","40202","False","False","False","0.0000","0.0000","False","","False","False","False","","False","","False","","","0.0000","0.0000","False","","","CAFE","DW423-CAFE","","No Water at Supply","True","27.5000","False","False","False","False","False"
"35494","","","40202","False","False","False","0.0000","0.0000","False","","False","False","False","","False","","False","","","0.0000","0.0000","False","","","CAFE","DW424-CAFE","","Power Cord/Electrical Conduit Replacement","True","55.0000","False","False","False","False","False"
"35495","","","40202","False","False","False","0.0000","0.0000","False","","False","False","False","","False","","False","","","0.0000","0.0000","False","","","CAFE","DW425-CAFE","","Pressure Switch Replacement","True","110.0000","False","False","False","False","False"
"35496","","","40202","False","False","False","0.0000","0.0000","False","","False","False","False","","False","","False","","","0.0000","0.0000","False","","","CAFE","DW426-CAFE","","Pump and/or Motor Assembly Replacement","True","220.0000","False","False","False","False","False"
"35497","","","40202","False","False","False","0.0000","0.0000","False","","False","False","False","","False","","False","","","0.0000","0.0000","False","","","CAFE","DW427-CAFE","","Rack or Rack Component Replacement","True","55.0000","False","False","False","False","False"
"35498","","","40202","False","False","False","0.0000","0.0000","False","","False","False","False","","False","","False","","","0.0000","0.0000","False","","","CAFE","DW428-CAFE","","Reinstallation of Unit","True","82.5000","False","False","False","False","False"
"35499","","","40202","False","False","False","0.0000","0.0000","False","","False","False","False","","False","","False","","","0.0000","0.0000","False","","","CAFE","DW429-CAFE","","Salt Reservoir Replacement","True","220.0000","False","False","False","False","False"
"35500","","","40202","False","False","False","0.0000","0.0000","False","","False","False","False","","False","","False","","","0.0000","0.0000","False","","","CAFE","DW430-CAFE","","Tub/Tank Replacement","True","330.0000","False","False","False","False","False"
"35501","","","40202","False","False","False","0.0000","0.0000","False","","False","False","False","","False","","False","","","0.0000","0.0000","False","","","CAFE","DW431-CAFE","","Turbidity Sensor Replacement","True","110.0000","False","False","False","False","False"
"35502","","","40202","False","False","False","0.0000","0.0000","False","","False","False","False","","False","","False","","","0.0000","0.0000","False","","","CAFE","DW432-CAFE","","Wash Arm/Water Feed Tube Clean/Replace","True","55.0000","False","False","False","False","False"
"35503","","","40202","False","False","False","0.0000","0.0000","False","","False","False","False","","False","","False","","","0.0000","0.0000","False","","","CAFE","DW433-CAFE","","Water Intake Assembly Replacement","True","220.0000","False","False","False","False","False"
"35504","","","40202","False","False","False","0.0000","0.0000","False","","False","False","False","","False","","False","","","0.0000","0.0000","False","","","CAFE","DW434-CAFE","","Water Supply Line Replacement","True","55.0000","False","False","False","False","False"
"35505","","","40202","False","False","False","0.0000","0.0000","False","","False","False","False","","False","","False","","","0.0000","0.0000","False","","","CAFE","DW435-CAFE","","Water Valve Replacement","True","82.5000","False","False","False","False","False"
"35506","","","40202","False","False","False","0.0000","0.0000","False","","False","False","False","","False","","False","","","0.0000","0.0000","False","","","CAFE","DW436-CAFE","","WLAN WIFI Card Replacement","True","110.0000","False","False","False","False","False"
"35507","","","40202","False","False","False","0.0000","0.0000","False","","False","False","False","","False","","False","","","0.0000","0.0000","False","","","CAFE","DW600-CAFE","","Additional Component Replacement","True","55.0000","False","False","False","False","False"
"35508","","","40202","False","False","False","0.0000","0.0000","False","","False","False","False","","False","","False","","","0.0000","0.0000","False","","","CAFE","DW601-CAFE","","Address Noise Complaint","True","55.0000","False","False","False","False","False"
"35509","","","40202","False","False","False","0.0000","0.0000","False","","False","False","False","","False","","False","","","0.0000","0.0000","False","","","CAFE","DW602-CAFE","","Cabinet Component Repair - Major","True","330.0000","False","False","False","False","False"
"35510","","","40202","False","False","False","0.0000","0.0000","False","","False","False","False","","False","","False","","","0.0000","0.0000","False","","","CAFE","DW603-CAFE","","Cabinet Component Repair - Minor","True","110.0000","False","False","False","False","False"
"35511","","","40202","False","False","False","0.0000","0.0000","False","","False","False","False","","False","","False","","","0.0000","0.0000","False","","","CAFE","DW604-CAFE","","Component Replacement/Repair - Major","True","330.0000","False","False","False","False","False"
"35512","","","40202","False","False","False","0.0000","0.0000","False","","False","False","False","","False","","False","","","0.0000","0.0000","False","","","CAFE","DW605-CAFE","","Component Replacement/Repair - Minor","True","110.0000","False","False","False","False","False"
"35513","","","40202","False","False","False","0.0000","0.0000","False","","False","False","False","","False","","False","","","0.0000","0.0000","False","","","CAFE","DW606-CAFE","","Cosmetic Part Replacement - Major","True","82.5000","False","False","False","False","False"
"35514","","","40202","False","False","False","0.0000","0.0000","False","","False","False","False","","False","","False","","","0.0000","0.0000","False","","","CAFE","DW607-CAFE","","Cosmetic Part Replacement - Minor","True","27.5000","False","False","False","False","False"
"35515","","","40202","False","False","False","0.0000","0.0000","False","","False","False","False","","False","","False","","","0.0000","0.0000","False","","","CAFE","DW608-CAFE","","Difficult Access Fee","True","55.0000","False","False","False","False","False"
"35516","","","40202","False","False","False","0.0000","0.0000","False","","False","False","False","","False","","False","","","0.0000","0.0000","False","","","CAFE","DW609-CAFE","","Level Unit/Adjust Unit","True","55.0000","False","False","False","False","False"
"35517","","","40202","False","False","False","0.0000","0.0000","False","","False","False","False","","False","","False","","","0.0000","0.0000","False","","","CAFE","DW610-CAFE","","Problem Could Not Be Reproduced","True","55.0000","False","False","False","False","False"
"35518","","","40202","False","False","False","0.0000","0.0000","False","","False","False","False","","False","","False","","","0.0000","0.0000","False","","","CAFE","DW611-CAFE","","Repair Burnt Wire(s) or Loose Connection(s)","True","82.5000","False","False","False","False","False"
"35519","","","40202","False","False","False","0.0000","0.0000","False","","False","False","False","","False","","False","","","0.0000","0.0000","False","","","CAFE","DW612-CAFE","","Reset Home Circuit Breaker","True","27.5000","False","False","False","False","False"
"35520","","","40202","False","False","False","0.0000","0.0000","False","","False","False","False","","False","","False","","","0.0000","0.0000","False","","","CAFE","L1-CAFE","","Additional One Tech/Installer Labor","True","55.0000","False","True","False","False","False"
"35521","","","40202","False","False","False","0.0000","0.0000","False","","False","False","False","","False","","False","","","0.0000","0.0000","False","","","CAFE","L2-CAFE","","Additional Two Tech/Installer Labor","True","82.5000","False","True","False","False","False"
"35522","","","40202","False","False","False","0.0000","0.0000","False","","False","False","False","","False","","False","","","0.0000","0.0000","False","","","CAFE","L3-CAFE","","Additional Three Tech/Installer Labor","True","110.0000","False","True","False","False","False"
"35523","","","40202","False","False","False","0.0000","0.0000","False","","False","False","False","","False","","False","","","0.0000","0.0000","False","","","CAFE","MS1-CAFE","","Miscellaneous Labor","True","27.5000","False","True","False","False","False"
"35524","","","40202","False","False","False","0.0000","0.0000","False","","False","False","False","","False","","False","","","0.0000","0.0000","False","","","CAFE","MW400-CAFE","","Bake Element Replacement","True","82.5000","False","False","False","False","False"
"35525","","","40202","False","False","False","0.0000","0.0000","False","","False","False","False","","False","","False","","","0.0000","0.0000","False","","","CAFE","MW401-CAFE","","Broil Element Replacement","True","82.5000","False","False","False","False","False"
"35526","","","40202","False","False","False","0.0000","0.0000","False","","False","False","False","","False","","False","","","0.0000","0.0000","False","","","CAFE","MW402-CAFE","","Capacitor Replacement","True","55.0000","False","False","False","False","False"
"35527","","","40202","False","False","False","0.0000","0.0000","False","","False","False","False","","False","","False","","","0.0000","0.0000","False","","","CAFE","MW403-CAFE","","Convect Element Replacement","True","82.5000","False","False","False","False","False"
"35528","","","40202","False","False","False","0.0000","0.0000","False","","False","False","False","","False","","False","","","0.0000","0.0000","False","","","CAFE","MW404-CAFE","","Convect Fan Motor/Blade Replacement","True","110.0000","False","False","False","False","False"
"35529","","","40202","False","False","False","0.0000","0.0000","False","","False","False","False","","False","","False","","","0.0000","0.0000","False","","","CAFE","MW405-CAFE","","Cook/Humidity Sensor Replacement","True","82.5000","False","False","False","False","False"
"35530","","","40202","False","False","False","0.0000","0.0000","False","","False","False","False","","False","","False","","","0.0000","0.0000","False","","","CAFE","MW406-CAFE","","Cooling Fan Motor/Blade Replacement","True","82.5000","False","False","False","False","False"
"35531","","","40202","False","False","False","0.0000","0.0000","False","","False","False","False","","False","","False","","","0.0000","0.0000","False","","","CAFE","MW407-CAFE","","Door Component Replacement","True","55.0000","False","False","False","False","False"
"35532","","","40202","False","False","False","0.0000","0.0000","False","","False","False","False","","False","","False","","","0.0000","0.0000","False","","","CAFE","MW408-CAFE","","Electronic Control/Module Replacement","True","82.5000","False","False","False","False","False"
"35533","","","40202","False","False","False","0.0000","0.0000","False","","False","False","False","","False","","False","","","0.0000","0.0000","False","","","CAFE","MW409-CAFE","","Hi-Voltage Diode Replacement","True","55.0000","False","False","False","False","False"
"35534","","","40202","False","False","False","0.0000","0.0000","False","","False","False","False","","False","","False","","","0.0000","0.0000","False","","","CAFE","MW410-CAFE","","Interlock Switch Replacement/Adjustment","True","110.0000","False","False","False","False","False"
"35535","","","40202","False","False","False","0.0000","0.0000","False","","False","False","False","","False","","False","","","0.0000","0.0000","False","","","CAFE","MW411-CAFE","","Light Bulb Replacement","True","27.5000","False","False","False","False","False"
"35536","","","40202","False","False","False","0.0000","0.0000","False","","False","False","False","","False","","False","","","0.0000","0.0000","False","","","CAFE","MW412-CAFE","","Magnetron Tube Replacement","True","82.5000","False","False","False","False","False"
"35537","","","40202","False","False","False","0.0000","0.0000","False","","False","False","False","","False","","False","","","0.0000","0.0000","False","","","CAFE","MW413-CAFE","","Power Cord/Electrical Conduit Replacement","True","55.0000","False","False","False","False","False"
"35538","","","40202","False","False","False","0.0000","0.0000","False","","False","False","False","","False","","False","","","0.0000","0.0000","False","","","CAFE","MW414-CAFE","","Probe Jack Replacement","True","82.5000","False","False","False","False","False"
"35539","","","40202","False","False","False","0.0000","0.0000","False","","False","False","False","","False","","False","","","0.0000","0.0000","False","","","CAFE","MW415-CAFE","","Quartz Halogen Heating Bulb Replacement","True","82.5000","False","False","False","False","False"
"35540","","","40202","False","False","False","0.0000","0.0000","False","","False","False","False","","False","","False","","","0.0000","0.0000","False","","","CAFE","MW416-CAFE","","Rack Replacement - Oven","True","16.5000","False","False","False","False","False"
"35541","","","40202","False","False","False","0.0000","0.0000","False","","False","False","False","","False","","False","","","0.0000","0.0000","False","","","CAFE","MW417-CAFE","","Terminal Block Replacement - Electrical Connection","True","55.0000","False","False","False","False","False"
"35542","","","40202","False","False","False","0.0000","0.0000","False","","False","False","False","","False","","False","","","0.0000","0.0000","False","","","CAFE","MW418-CAFE","","Thermal/Line Fuse Replacement","True","27.5000","False","False","False","False","False"
"35543","","","40202","False","False","False","0.0000","0.0000","False","","False","False","False","","False","","False","","","0.0000","0.0000","False","","","CAFE","MW419-CAFE","","Torsion Spring Replacement","True","55.0000","False","False","False","False","False"
"35544","","","40202","False","False","False","0.0000","0.0000","False","","False","False","False","","False","","False","","","0.0000","0.0000","False","","","CAFE","MW420-CAFE","","Transformer Replacement","True","82.5000","False","False","False","False","False"
"35545","","","40202","False","False","False","0.0000","0.0000","False","","False","False","False","","False","","False","","","0.0000","0.0000","False","","","CAFE","MW421-CAFE","","Turntable Motor Replacement","True","55.0000","False","False","False","False","False"
"35546","","","40202","False","False","False","0.0000","0.0000","False","","False","False","False","","False","","False","","","0.0000","0.0000","False","","","CAFE","MW422-CAFE","","Ventilation Fan Motor/Blade (OTR) Replacement","True","110.0000","False","False","False","False","False"
"35547","","","40202","False","False","False","0.0000","0.0000","False","","False","False","False","","False","","False","","","0.0000","0.0000","False","","","CAFE","MW423-CAFE","","Waveguide Shield Replacement","True","27.5000","False","False","False","False","False"
"35548","","","40202","False","False","False","0.0000","0.0000","False","","False","False","False","","False","","False","","","0.0000","0.0000","False","","","CAFE","MW600-CAFE","","Additional Component Replacement","True","55.0000","False","False","False","False","False"
"35549","","","40202","False","False","False","0.0000","0.0000","False","","False","False","False","","False","","False","","","0.0000","0.0000","False","","","CAFE","MW601-CAFE","","Address Noise Complaint","True","55.0000","False","False","False","False","False"
"35550","","","40202","False","False","False","0.0000","0.0000","False","","False","False","False","","False","","False","","","0.0000","0.0000","False","","","CAFE","MW602-CAFE","","Cabinet Component Repair - Major","True","330.0000","False","False","False","False","False"
"35551","","","40202","False","False","False","0.0000","0.0000","False","","False","False","False","","False","","False","","","0.0000","0.0000","False","","","CAFE","MW603-CAFE","","Cabinet Component Repair - Minor","True","110.0000","False","False","False","False","False"
"35552","","","40202","False","False","False","0.0000","0.0000","False","","False","False","False","","False","","False","","","0.0000","0.0000","False","","","CAFE","MW604-CAFE","","Component Replacement/Repair - Major","True","330.0000","False","False","False","False","False"
"35553","","","40202","False","False","False","0.0000","0.0000","False","","False","False","False","","False","","False","","","0.0000","0.0000","False","","","CAFE","MW605-CAFE","","Component Replacement/Repair - Minor","True","110.0000","False","False","False","False","False"
"35554","","","40202","False","False","False","0.0000","0.0000","False","","False","False","False","","False","","False","","","0.0000","0.0000","False","","","CAFE","MW606-CAFE","","Cosmetic Part Replacement - Major","True","82.5000","False","False","False","False","False"
"35555","","","40202","False","False","False","0.0000","0.0000","False","","False","False","False","","False","","False","","","0.0000","0.0000","False","","","CAFE","MW607-CAFE","","Cosmetic Part Replacement - Minor","True","27.5000","False","False","False","False","False"
"35556","","","40202","False","False","False","0.0000","0.0000","False","","False","False","False","","False","","False","","","0.0000","0.0000","False","","","CAFE","MW608-CAFE","","Difficult Access Fee","True","55.0000","False","False","False","False","False"
"35557","","","40202","False","False","False","0.0000","0.0000","False","","False","False","False","","False","","False","","","0.0000","0.0000","False","","","CAFE","MW609-CAFE","","Level Unit/Adjust Unit","True","55.0000","False","False","False","False","False"
"35558","","","40202","False","False","False","0.0000","0.0000","False","","False","False","False","","False","","False","","","0.0000","0.0000","False","","","CAFE","MW610-CAFE","","Problem Could Not Be Reproduced","True","55.0000","False","False","False","False","False"
"35559","","","40202","False","False","False","0.0000","0.0000","False","","False","False","False","","False","","False","","","0.0000","0.0000","False","","","CAFE","MW611-CAFE","","Repair Burnt Wire(s) or Loose Connection(s)","True","82.5000","False","False","False","False","False"
"35560","","","40202","False","False","False","0.0000","0.0000","False","","False","False","False","","False","","False","","","0.0000","0.0000","False","","","CAFE","MW612-CAFE","","Reset Home Circuit Breaker","True","27.5000","False","False","False","False","False"
"35561","","","40202","False","False","False","0.0000","0.0000","False","","False","False","False","","False","","False","","","0.0000","0.0000","False","","","CAFE","RE400-CAFE","","Auger Motor/Cubed-Crushed Solenoid Replacement","True","82.5000","False","True","False","False","False"
"35562","","","40202","False","False","False","0.0000","0.0000","False","","False","False","False","","False","","False","","","0.0000","0.0000","False","","","CAFE","RE401-CAFE","","Clear Debris/Ice From Defrost Drain","True","85.0000","False","True","False","False","False"
"35563","","","40202","False","False","False","0.0000","0.0000","False","","False","False","False","","False","","False","","","0.0000","0.0000","False","","","CAFE","RE402-CAFE","","Cold Control (Thermostat) Replacement","True","82.5000","False","True","False","False","False"
"35564","","","40202","False","False","False","0.0000","0.0000","False","","False","False","False","","False","","False","","","0.0000","0.0000","False","","","CAFE","RE403-CAFE","","Condensate Drain Pan Replacement","True","27.5000","False","True","False","False","False"
"35565","","","40202","False","False","False","0.0000","0.0000","False","","False","False","False","","False","","False","","","0.0000","0.0000","False","","","CAFE","RE404-CAFE","","Condenser Fan Motor/Blade Replacement","True","110.0000","False","True","False","False","False"
"35566","","","40202","False","False","False","0.0000","0.0000","False","","False","False","False","","False","","False","","","0.0000","0.0000","False","","","CAFE","RE405-CAFE","","Damper/Damper Control Replacement","True","110.0000","False","True","False","False","False"
"35567","","","40202","False","False","False","0.0000","0.0000","False","","False","False","False","","False","","False","","","0.0000","0.0000","False","","","CAFE","RE406-CAFE","","Defrost Bimetal Replacement","True","110.0000","False","True","False","False","False"
"35568","","","40202","False","False","False","0.0000","0.0000","False","","False","False","False","","False","","False","","","0.0000","0.0000","False","","","CAFE","RE407-CAFE","","Defrost Evaporator Manually","True","55.0000","False","True","False","False","False"
"35569","","","40202","False","False","False","0.0000","0.0000","False","","False","False","False","","False","","False","","","0.0000","0.0000","False","","","CAFE","RE408-CAFE","","Defrost Heater/Drain Heater Replacement","True","110.0000","False","True","False","False","False"
"35570","","","40202","False","False","False","0.0000","0.0000","False","","False","False","False","","False","","False","","","0.0000","0.0000","False","","","CAFE","RE409-CAFE","","Defrost Timer/Adaptive Control Replacement","True","82.5000","False","True","False","False","False"
"35571","","","40202","False","False","False","0.0000","0.0000","False","","False","False","False","","False","","False","","","0.0000","0.0000","False","","","CAFE","RE410-CAFE","","Deice Fill Tube Manually","True","55.0000","False","True","False","False","False"
"35572","","","40202","False","False","False","0.0000","0.0000","False","","False","False","False","","False","","False","","","0.0000","0.0000","False","","","CAFE","RE411-CAFE","","Door  Replacement","True","165.0000","False","True","False","False","False"
"35573","","","40202","False","False","False","0.0000","0.0000","False","","False","False","False","","False","","False","","","0.0000","0.0000","False","","","CAFE","RE412-CAFE","","Door Adjustment/Realign","True","55.0000","False","True","False","False","False"
"35574","","","40202","False","False","False","0.0000","0.0000","False","","False","False","False","","False","","False","","","0.0000","0.0000","False","","","CAFE","RE413-CAFE","","Door Gasket Replacement (Bracketed Retainer Type) Leave door closed for 24 hours after replacement for best results. A blow dryer may be used on low to help form new gasket and remove wrinkles.","True","137.5000","False","True","False","False","False"
"35575","","","40202","False","False","False","0.0000","0.0000","False","","False","False","False","","False","","False","","","0.0000","0.0000","False","","","CAFE","RE414-CAFE","","Door Gasket Replacement (Push-in Type) Leave door closed for 24 hours after replacement for best results. A blow dryer may be used on low to help form new gasket and remove wrinkles.","True","82.5000","False","True","False","False","False"
"35576","","","40202","False","False","False","0.0000","0.0000","False","","False","False","False","","False","","False","","","0.0000","0.0000","False","","","CAFE","RE415-CAFE","","Water Valve Replacement","True","55.0000","False","True","False","False","False"
"35577","","","40202","False","False","False","0.0000","0.0000","False","","False","False","False","","False","","False","","","0.0000","0.0000","False","","","CAFE","RE416-CAFE","","Electronic Control/Module Replacement","True","110.0000","False","True","False","False","False"
"35578","","","40202","False","False","False","0.0000","0.0000","False","","False","False","False","","False","","False","","","0.0000","0.0000","False","","","CAFE","RE417-CAFE","","Evaporator Fan Motor/Blade Replacement","True","110.0000","False","True","False","False","False"
"35579","","","40202","False","False","False","0.0000","0.0000","False","","False","False","False","","False","","False","","","0.0000","0.0000","False","","","CAFE","RE418-CAFE","","Fan/Light Switch Replacement","True","55.0000","False","True","False","False","False"
"35580","","","40202","False","False","False","0.0000","0.0000","False","","False","False","False","","False","","False","","","0.0000","0.0000","False","","","CAFE","RE419-CAFE","","Ice Maker Kit/Component  Replacement","True","82.5000","False","True","False","False","False"
"35581","","","40202","False","False","False","0.0000","0.0000","False","","False","False","False","","False","","False","","","0.0000","0.0000","False","","","CAFE","RE420-CAFE","","Ice Storage Bin Replacement","True","27.5000","False","True","False","False","False"
"35582","","","40202","False","False","False","0.0000","0.0000","False","","False","False","False","","False","","False","","","0.0000","0.0000","False","","","CAFE","RE421-CAFE","","Ice/Water Dispenser Component Replacement","True","110.0000","False","True","False","False","False"
"35583","","","40202","False","False","False","0.0000","0.0000","False","","False","False","False","","False","","False","","","0.0000","0.0000","False","","","CAFE","RE422-CAFE","","Light Bulb Replacement","True","27.5000","False","True","False","False","False"
"35584","","","40202","False","False","False","0.0000","0.0000","False","","False","False","False","","False","","False","","","0.0000","0.0000","False","","","CAFE","RE423-CAFE","","Power Cord/Electrical Conduit Replacement","True","55.0000","False","True","False","False","False"
"35585","","","40202","False","False","False","0.0000","0.0000","False","","False","False","False","","False","","False","","","0.0000","0.0000","False","","","CAFE","RE424-CAFE","","Refrigerant Recovery Fee","True","55.0000","False","True","False","False","False"
"35586","","","40202","False","False","False","0.0000","0.0000","False","","False","False","False","","False","","False","","","0.0000","0.0000","False","","","CAFE","RE425-CAFE","","Relay/Start Device Replacement","True","82.5000","False","True","False","False","False"
"35587","","","40202","False","False","False","0.0000","0.0000","False","","False","False","False","","False","","False","","","0.0000","0.0000","False","","","CAFE","RE426-CAFE","","Replace Leveling Legs/Wheels - Built-in Refrigeration","True","165.0000","False","True","False","False","False"
"35588","","","40202","False","False","False","0.0000","0.0000","False","","False","False","False","","False","","False","","","0.0000","0.0000","False","","","CAFE","RE427-CAFE","","Replace Leveling Legs/Wheels - Freestanding Refrigeration","True","55.0000","False","True","False","False","False"
"35589","","","40202","False","False","False","0.0000","0.0000","False","","False","False","False","","False","","False","","","0.0000","0.0000","False","","","CAFE","RE428-CAFE","","Shelf/Storage Bin Replacement","True","27.5000","False","True","False","False","False"
"35590","","","40202","False","False","False","0.0000","0.0000","False","","False","False","False","","False","","False","","","0.0000","0.0000","False","","","CAFE","RE429-CAFE","","Thermistor/Sensor Replacement","True","82.5000","False","True","False","False","False"
"35591","","","40202","False","False","False","0.0000","0.0000","False","","False","False","False","","False","","False","","","0.0000","0.0000","False","","","CAFE","RE430-CAFE","","Transformer Replacement","True","55.0000","False","True","False","False","False"
"35592","","","40202","False","False","False","0.0000","0.0000","False","","False","False","False","","False","","False","","","0.0000","0.0000","False","","","CAFE","RE431-CAFE","","Vacuum and/or Clean Condenser Coils","True","55.0000","False","True","False","False","False"
"35593","","","40202","False","False","False","0.0000","0.0000","False","","False","False","False","","False","","False","","","0.0000","0.0000","False","","","CAFE","RE432-CAFE","","Water Filter Replacement","True","27.5000","False","True","False","False","False"
"35594","","","40202","False","False","False","0.0000","0.0000","False","","False","False","False","","False","","False","","","0.0000","0.0000","False","","","CAFE","RE433-CAFE","","Water Line Replacement","True","27.5000","False","True","False","False","False"
"35595","","","40202","False","False","False","0.0000","0.0000","False","","False","False","False","","False","","False","","","0.0000","0.0000","False","","","CAFE","RE434-CAFE","","Water Reservoir Replacement","True","55.0000","False","True","False","False","False"
"35596","","","40202","False","False","False","0.0000","0.0000","False","","False","False","False","","False","","False","","","0.0000","0.0000","False","","","CAFE","RE435-CAFE","","WLAN WIFI Card Replacement - Includes de-installation and re-installation of unit to allow access to component.","True","165.0000","False","True","False","False","False"
"35597","","","40202","False","False","False","0.0000","0.0000","False","","False","False","False","","False","","False","","","0.0000","0.0000","False","","","CAFE","RE500-CAFE","","Sealed System - COMPRESSOR, FILTER DRIER Replacement. Remove old components. Includes materials & supplies necessary to braze in new components. System evacuation & charging. Refrigerant not included.","True","660.0000","False","True","False","False","False"
"35598","","","40202","False","False","False","0.0000","0.0000","False","","False","False","False","","False","","False","","","0.0000","0.0000","False","","","CAFE","RE501-CAFE","","Sealed System ? CONDENSER COIL, FILTER DRIER Replacement. Remove old components. Includes materials & supplies necessary to braze in new components. System evacuation & charging. Refrigerant not included.","True","550.0000","False","True","False","False","False"
"35599","","","40202","False","False","False","0.0000","0.0000","False","","False","False","False","","False","","False","","","0.0000","0.0000","False","","","CAFE","RE502-CAFE","","Sealed System ? EVAPORATOR COIL, FILTER DRIER Replacement. Remove old components. Includes materials & supplies necessary to braze in new components. System evacuation & charging. Refrigerant not included.","True","550.0000","False","True","False","False","False"
"35600","","","40202","False","False","False","0.0000","0.0000","False","","False","False","False","","False","","False","","","0.0000","0.0000","False","","","CAFE","RE503-CAFE","","Sealed System ? FILTER DRIER Replacement. Remove old components. Includes materials & supplies necessary to braze in new components. System evacuation & charging. Refrigerant not included.","True","275.0000","False","True","False","False","False"
"35601","","","40202","False","False","False","0.0000","0.0000","False","","False","False","False","","False","","False","","","0.0000","0.0000","False","","","CAFE","RE504-CAFE","","Sealed System ? HEAT EXCHANGER & FILTER DRIER Replacement. Remove old components. Includes materials & supplies necessary to braze in new components. System evacuation & charging. Refrigerant not included.","True","660.0000","False","True","False","False","False"
"35602","","","40202","False","False","False","0.0000","0.0000","False","","False","False","False","","False","","False","","","0.0000","0.0000","False","","","CAFE","RE505-CAFE","","Sealed System ? REFRIGERANT LEAK REPAIR. Replace filter drier if needed. Includes materials & supplies necessary to repair. System evacuation & charging. Refrigerant not included.","True","220.0000","False","True","False","False","False"
"35603","","","40202","False","False","False","0.0000","0.0000","False","","False","False","False","","False","","False","","","0.0000","0.0000","False","","","CAFE","RE506-CAFE","","Sealed System 1-Replace COMPRESSOR, EVAPORATOR, & FILTER DRIER. Remove old components. Includes materials & supplies needed to braze in new components. System evacuation & charging. Refrigerant not included.","True","605.0000","False","True","False","False","False"
"35604","","","40202","False","False","False","0.0000","0.0000","False","","False","False","False","","False","","False","","","0.0000","0.0000","False","","","CAFE","RE507-CAFE","","Sealed System 2 ? COMPRESSOR, EVAPORATOR, CONDENSER, HEAT EXCHANGER, FILTER DRIER. Includes Remove old components. Includes materials & supplies needed to braze in new components. System evacuation & charging. Refrigerant not included.","True","715.0000","False","True","False","False","False"
"35605","","","40202","False","False","False","0.0000","0.0000","False","","False","False","False","","False","","False","","","0.0000","0.0000","False","","","CAFE","RE600-CAFE","","Additional Component Replacement","True","55.0000","False","True","False","False","False"
"35606","","","40202","False","False","False","0.0000","0.0000","False","","False","False","False","","False","","False","","","0.0000","0.0000","False","","","CAFE","RE601-CAFE","","Address Noise Complaint","True","55.0000","False","True","False","False","False"
"35607","","","40202","False","False","False","0.0000","0.0000","False","","False","False","False","","False","","False","","","0.0000","0.0000","False","","","CAFE","RE602-CAFE","","Cabinet Component Repair - Major","True","330.0000","False","True","False","False","False"
"35608","","","40202","False","False","False","0.0000","0.0000","False","","False","False","False","","False","","False","","","0.0000","0.0000","False","","","CAFE","RE603-CAFE","","Cabinet Component Repair - Minor","True","110.0000","False","True","False","False","False"
"35609","","","40202","False","False","False","0.0000","0.0000","False","","False","False","False","","False","","False","","","0.0000","0.0000","False","","","CAFE","RE604-CAFE","","Component Replacement/Repair - Major","True","330.0000","False","True","False","False","False"
"35610","","","40202","False","False","False","0.0000","0.0000","False","","False","False","False","","False","","False","","","0.0000","0.0000","False","","","CAFE","RE605-CAFE","","Component Replacement/Repair - Minor","True","110.0000","False","True","False","False","False"
"35611","","","40202","False","False","False","0.0000","0.0000","False","","False","False","False","","False","","False","","","0.0000","0.0000","False","","","CAFE","RE606-CAFE","","Cosmetic Part Replacement - Major","True","82.5000","False","True","False","False","False"
"35612","","","40202","False","False","False","0.0000","0.0000","False","","False","False","False","","False","","False","","","0.0000","0.0000","False","","","CAFE","RE607-CAFE","","Cosmetic Part Replacement - Minor","True","27.5000","False","True","False","False","False"
"35613","","","40202","False","False","False","0.0000","0.0000","False","","False","False","False","","False","","False","","","0.0000","0.0000","False","","","CAFE","RE608-CAFE","","Difficult Access Fee","True","55.0000","False","True","False","False","False"
"35614","","","40202","False","False","False","0.0000","0.0000","False","","False","False","False","","False","","False","","","0.0000","0.0000","False","","","CAFE","RE609-CAFE","","Level-Adjust Built-in Unit","True","110.0000","False","True","False","False","False"
"35615","","","40202","False","False","False","0.0000","0.0000","False","","False","False","False","","False","","False","","","0.0000","0.0000","False","","","CAFE","RE610-CAFE","","Level-Adjust Freestanding Unit","True","55.0000","False","True","False","False","False"
"35616","","","40202","False","False","False","0.0000","0.0000","False","","False","False","False","","False","","False","","","0.0000","0.0000","False","","","CAFE","RE611-CAFE","","Problem Could Not Be Reproduced","True","55.0000","False","True","False","False","False"
"35617","","","40202","False","False","False","0.0000","0.0000","False","","False","False","False","","False","","False","","","0.0000","0.0000","False","","","CAFE","RE612-CAFE","","Repair Burnt Wire(s) or Loose Connection(s)","True","82.5000","False","True","False","False","False"
"35618","","","40202","False","False","False","0.0000","0.0000","False","","False","False","False","","False","","False","","","0.0000","0.0000","False","","","CAFE","RE613-CAFE","","Reset Home Circuit Breaker","True","27.5000","False","True","False","False","False"
"35619","","","40202","False","False","False","0.0000","0.0000","False","","False","False","False","","False","","False","","","0.0000","0.0000","False","","","CAFE","VH400-CAFE","","Blower Motor Replacement (Pro Hood)","True","137.5000","False","False","False","False","False"
"35620","","","40202","False","False","False","0.0000","0.0000","False","","False","False","False","","False","","False","","","0.0000","0.0000","False","","","CAFE","VH401-CAFE","","Blower Motor Replacement (Standard Hood)","True","55.0000","False","False","False","False","False"
"35621","","","40202","False","False","False","0.0000","0.0000","False","","False","False","False","","False","","False","","","0.0000","0.0000","False","","","CAFE","VH402-CAFE","","Correct Electrical Wiring at Hood Connection","True","82.5000","False","False","False","False","False"
"35622","","","40202","False","False","False","0.0000","0.0000","False","","False","False","False","","False","","False","","","0.0000","0.0000","False","","","CAFE","VH403-CAFE","","Correct Electrical Wiring at Remote/Inline Blower Connection","True","110.0000","False","False","False","False","False"
"35623","","","40202","False","False","False","0.0000","0.0000","False","","False","False","False","","False","","False","","","0.0000","0.0000","False","","","CAFE","VH404-CAFE","","Duct Connection Repair/Seal","True","55.0000","False","False","False","False","False"
"35624","","","40202","False","False","False","0.0000","0.0000","False","","False","False","False","","False","","False","","","0.0000","0.0000","False","","","CAFE","VH405-CAFE","","Electronic Control Replacement","True","82.5000","False","False","False","False","False"
"35625","","","40202","False","False","False","0.0000","0.0000","False","","False","False","False","","False","","False","","","0.0000","0.0000","False","","","CAFE","VH406-CAFE","","Filter Cleaning - Baffle/Mesh (Pro Hood)","True","55.0000","False","False","False","False","False"
"35626","","","40202","False","False","False","0.0000","0.0000","False","","False","False","False","","False","","False","","","0.0000","0.0000","False","","","CAFE","VH407-CAFE","","Filter Cleaning - Baffle/Mesh (Standard Hood)","True","38.5000","False","False","False","False","False"
"35627","","","40202","False","False","False","0.0000","0.0000","False","","False","False","False","","False","","False","","","0.0000","0.0000","False","","","CAFE","VH408-CAFE","","Filter Replacement - Baffle/Mesh","True","38.5000","False","False","False","False","False"
"35628","","","40202","False","False","False","0.0000","0.0000","False","","False","False","False","","False","","False","","","0.0000","0.0000","False","","","CAFE","VH409-CAFE","","Light Bulb Receptacle Replacement (Pro Hood)","True","55.0000","False","False","False","False","False"
"35629","","","40202","False","False","False","0.0000","0.0000","False","","False","False","False","","False","","False","","","0.0000","0.0000","False","","","CAFE","VH410-CAFE","","Light Bulb Receptacle Replacement (Standard Hood)","True","55.0000","False","False","False","False","False"
"35630","","","40202","False","False","False","0.0000","0.0000","False","","False","False","False","","False","","False","","","0.0000","0.0000","False","","","CAFE","VH411-CAFE","","Light Bulb Replacement","True","27.5000","False","False","False","False","False"
"35631","","","40202","False","False","False","0.0000","0.0000","False","","False","False","False","","False","","False","","","0.0000","0.0000","False","","","CAFE","VH412-CAFE","","Power Cord/Electrical Conduit Replacement","True","55.0000","False","False","False","False","False"
"35632","","","40202","False","False","False","0.0000","0.0000","False","","False","False","False","","False","","False","","","0.0000","0.0000","False","","","CAFE","VH413-CAFE","","Switch Replacement - Light/Fan","True","82.5000","False","False","False","False","False"
"35633","","","40202","False","False","False","0.0000","0.0000","False","","False","False","False","","False","","False","","","0.0000","0.0000","False","","","CAFE","VH600-CAFE","","Additional Component Replacement","True","55.0000","False","False","False","False","False"
"35634","","","40202","False","False","False","0.0000","0.0000","False","","False","False","False","","False","","False","","","0.0000","0.0000","False","","","CAFE","VH601-CAFE","","Address Noise Complaint","True","55.0000","False","False","False","False","False"
"35635","","","40202","False","False","False","0.0000","0.0000","False","","False","False","False","","False","","False","","","0.0000","0.0000","False","","","CAFE","VH602-CAFE","","Cabinet Component Repair - Major","True","330.0000","False","False","False","False","False"
"35636","","","40202","False","False","False","0.0000","0.0000","False","","False","False","False","","False","","False","","","0.0000","0.0000","False","","","CAFE","VH603-CAFE","","Cabinet Component Repair - Minor","True","110.0000","False","False","False","False","False"
"35637","","","40202","False","False","False","0.0000","0.0000","False","","False","False","False","","False","","False","","","0.0000","0.0000","False","","","CAFE","VH604-CAFE","","Component Replacement/Repair - Major","True","330.0000","False","False","False","False","False"
"35638","","","40202","False","False","False","0.0000","0.0000","False","","False","False","False","","False","","False","","","0.0000","0.0000","False","","","CAFE","VH605-CAFE","","Component Replacement/Repair - Minor","True","110.0000","False","False","False","False","False"
"35639","","","40202","False","False","False","0.0000","0.0000","False","","False","False","False","","False","","False","","","0.0000","0.0000","False","","","CAFE","VH606-CAFE","","Cosmetic Part Replacement - Major","True","82.5000","False","False","False","False","False"
"35640","","","40202","False","False","False","0.0000","0.0000","False","","False","False","False","","False","","False","","","0.0000","0.0000","False","","","CAFE","VH607-CAFE","","Cosmetic Part Replacement - Minor","True","27.5000","False","False","False","False","False"
"35641","","","40202","False","False","False","0.0000","0.0000","False","","False","False","False","","False","","False","","","0.0000","0.0000","False","","","CAFE","VH608-CAFE","","Difficult Access Fee","True","55.0000","False","False","False","False","False"
"35642","","","40202","False","False","False","0.0000","0.0000","False","","False","False","False","","False","","False","","","0.0000","0.0000","False","","","CAFE","VH609-CAFE","","Level Unit/Adjust Unit","True","55.0000","False","False","False","False","False"
"35643","","","40202","False","False","False","0.0000","0.0000","False","","False","False","False","","False","","False","","","0.0000","0.0000","False","","","CAFE","VH610-CAFE","","Problem Could Not Be Reproduced","True","55.0000","False","False","False","False","False"
"35644","","","40202","False","False","False","0.0000","0.0000","False","","False","False","False","","False","","False","","","0.0000","0.0000","False","","","CAFE","VH611-CAFE","","Repair Burnt Wire(s) or Loose Connection(s)","True","82.5000","False","False","False","False","False"
"35645","","","40202","False","False","False","0.0000","0.0000","False","","False","False","False","","False","","False","","","0.0000","0.0000","False","","","CAFE","VH612-CAFE","","Reset Home Circuit Breaker","True","27.5000","False","False","False","False","False"
"35646","","","40201","False","False","False","0.0000","0.0000","False","","False","False","False","","False","","False","","","0.0000","0.0000","False","","","CAFE","ZNADD-CAFE","","Additional Appliance","True","85.0000","False","True","False","False","False"
"35647","","","40202","False","False","False","0.0000","0.0000","False","","False","False","False","","False","","False","","","0.0000","0.0000","False","","","COVE","DW400-COVE","","Address Washability Concerns","True","31.2500","False","False","False","False","False"
"35648","","","40202","False","False","False","0.0000","0.0000","False","","False","False","False","","False","","False","","","0.0000","0.0000","False","","","COVE","DW401-COVE","","Address Water Leak (Tub-Door-Etc.)","True","93.7500","False","False","False","False","False"
"35649","","","40202","False","False","False","0.0000","0.0000","False","","False","False","False","","False","","False","","","0.0000","0.0000","False","","","COVE","DW402-COVE","","Debris Removal & Cleaning From Drain/Sink Connection","True","62.5000","False","False","False","False","False"
"35650","","","40202","False","False","False","0.0000","0.0000","False","","False","False","False","","False","","False","","","0.0000","0.0000","False","","","COVE","DW403-COVE","","Debris Removal from Sump/Impeller/Drain","True","62.5000","False","False","False","False","False"
"35651","","","40202","False","False","False","0.0000","0.0000","False","","False","False","False","","False","","False","","","0.0000","0.0000","False","","","COVE","DW404-COVE","","Detergent Cup Assembly Replacement","True","93.7500","False","False","False","False","False"
"35652","","","40202","False","False","False","0.0000","0.0000","False","","False","False","False","","False","","False","","","0.0000","0.0000","False","","","COVE","DW405-COVE","","Door Panel/Console Replacement (Outer)","True","62.5000","False","False","False","False","False"
"35653","","","40202","False","False","False","0.0000","0.0000","False","","False","False","False","","False","","False","","","0.0000","0.0000","False","","","COVE","DW406-COVE","","Door Replacement (Inner)","True","93.7500","False","False","False","False","False"
"35654","","","40202","False","False","False","0.0000","0.0000","False","","False","False","False","","False","","False","","","0.0000","0.0000","False","","","COVE","DW407-COVE","","Door Seal Replacement","True","62.5000","False","False","False","False","False"
"35655","","","40202","False","False","False","0.0000","0.0000","False","","False","False","False","","False","","False","","","0.0000","0.0000","False","","","COVE","DW408-COVE","","Door Spring Tension/Balance Adjustment (Front Accessible)","True","31.2500","False","False","False","False","False"
"35656","","","40202","False","False","False","0.0000","0.0000","False","","False","False","False","","False","","False","","","0.0000","0.0000","False","","","COVE","DW409-COVE","","Door Spring Tension/Balance Adjustment (Unit Removed For Access)","True","62.5000","False","False","False","False","False"
"35657","","","40202","False","False","False","0.0000","0.0000","False","","False","False","False","","False","","False","","","0.0000","0.0000","False","","","COVE","DW410-COVE","","Door Spring/Balance Kit Replacement","True","125.0000","False","False","False","False","False"
"35658","","","40202","False","False","False","0.0000","0.0000","False","","False","False","False","","False","","False","","","0.0000","0.0000","False","","","COVE","DW411-COVE","","Door Switch Replacement","True","93.7500","False","False","False","False","False"
"35659","","","40202","False","False","False","0.0000","0.0000","False","","False","False","False","","False","","False","","","0.0000","0.0000","False","","","COVE","DW412-COVE","","Drain Hose Replacement","True","125.0000","False","False","False","False","False"
"35660","","","40202","False","False","False","0.0000","0.0000","False","","False","False","False","","False","","False","","","0.0000","0.0000","False","","","COVE","DW413-COVE","","Drain Pump Replacement","True","187.5000","False","False","False","False","False"
"35661","","","40202","False","False","False","0.0000","0.0000","False","","False","False","False","","False","","False","","","0.0000","0.0000","False","","","COVE","DW414-COVE","","Drying Fan Motor/Blade Replacement","True","125.0000","False","False","False","False","False"
"35662","","","40202","False","False","False","0.0000","0.0000","False","","False","False","False","","False","","False","","","0.0000","0.0000","False","","","COVE","DW415-COVE","","Electrical Disconnect was Turned Off (Light Switch)","True","18.7500","False","False","False","False","False"
"35663","","","40202","False","False","False","0.0000","0.0000","False","","False","False","False","","False","","False","","","0.0000","0.0000","False","","","COVE","DW416-COVE","","Electronic Control/Timer/Pad Replacement","True","125.0000","False","False","False","False","False"
"35664","","","40202","False","False","False","0.0000","0.0000","False","","False","False","False","","False","","False","","","0.0000","0.0000","False","","","COVE","DW417-COVE","","Float Switch Replacement","True","93.7500","False","False","False","False","False"
"35665","","","40202","False","False","False","0.0000","0.0000","False","","False","False","False","","False","","False","","","0.0000","0.0000","False","","","COVE","DW418-COVE","","Flow Meter Replacement","True","125.0000","False","False","False","False","False"
"35666","","","40202","False","False","False","0.0000","0.0000","False","","False","False","False","","False","","False","","","0.0000","0.0000","False","","","COVE","DW419-COVE","","Heating Element Replacement","True","125.0000","False","False","False","False","False"
"35667","","","40202","False","False","False","0.0000","0.0000","False","","False","False","False","","False","","False","","","0.0000","0.0000","False","","","COVE","DW420-COVE","","Interference Suppressor Replacement","True","62.5000","False","False","False","False","False"
"35668","","","40202","False","False","False","0.0000","0.0000","False","","False","False","False","","False","","False","","","0.0000","0.0000","False","","","COVE","DW421-COVE","","Light Bulb Replacement (Front Access)","True","31.2500","False","False","False","False","False"
"35669","","","40202","False","False","False","0.0000","0.0000","False","","False","False","False","","False","","False","","","0.0000","0.0000","False","","","COVE","DW422-COVE","","Light Bulb Replacement (Rear Access - Unit De-installation, Re-install)","True","125.0000","False","False","False","False","False"
"35670","","","40202","False","False","False","0.0000","0.0000","False","","False","False","False","","False","","False","","","0.0000","0.0000","False","","","COVE","DW423-COVE","","No Water at Supply","True","31.2500","False","False","False","False","False"
"35671","","","40202","False","False","False","0.0000","0.0000","False","","False","False","False","","False","","False","","","0.0000","0.0000","False","","","COVE","DW424-COVE","","Power Cord/Electrical Conduit Replacement","True","62.5000","False","False","False","False","False"
"35672","","","40202","False","False","False","0.0000","0.0000","False","","False","False","False","","False","","False","","","0.0000","0.0000","False","","","COVE","DW425-COVE","","Pressure Switch Replacement","True","125.0000","False","False","False","False","False"
"35673","","","40202","False","False","False","0.0000","0.0000","False","","False","False","False","","False","","False","","","0.0000","0.0000","False","","","COVE","DW426-COVE","","Pump and/or Motor Assembly Replacement","True","250.0000","False","False","False","False","False"
"35674","","","40202","False","False","False","0.0000","0.0000","False","","False","False","False","","False","","False","","","0.0000","0.0000","False","","","COVE","DW427-COVE","","Rack or Rack Component Replacement","True","62.5000","False","False","False","False","False"
"35675","","","40202","False","False","False","0.0000","0.0000","False","","False","False","False","","False","","False","","","0.0000","0.0000","False","","","COVE","DW428-COVE","","Reinstallation of Unit","True","93.7500","False","False","False","False","False"
"35676","","","40202","False","False","False","0.0000","0.0000","False","","False","False","False","","False","","False","","","0.0000","0.0000","False","","","COVE","DW429-COVE","","Salt Reservoir Replacement","True","250.0000","False","False","False","False","False"
"35677","","","40202","False","False","False","0.0000","0.0000","False","","False","False","False","","False","","False","","","0.0000","0.0000","False","","","COVE","DW430-COVE","","Tub/Tank Replacement","True","375.0000","False","False","False","False","False"
"35678","","","40202","False","False","False","0.0000","0.0000","False","","False","False","False","","False","","False","","","0.0000","0.0000","False","","","COVE","DW431-COVE","","Turbidity Sensor Replacement","True","125.0000","False","False","False","False","False"
"35679","","","40202","False","False","False","0.0000","0.0000","False","","False","False","False","","False","","False","","","0.0000","0.0000","False","","","COVE","DW432-COVE","","Wash Arm/Water Feed Tube Clean/Replace","True","62.5000","False","False","False","False","False"
"35680","","","40202","False","False","False","0.0000","0.0000","False","","False","False","False","","False","","False","","","0.0000","0.0000","False","","","COVE","DW433-COVE","","Water Intake Assembly Replacement","True","250.0000","False","False","False","False","False"
"35681","","","40202","False","False","False","0.0000","0.0000","False","","False","False","False","","False","","False","","","0.0000","0.0000","False","","","COVE","DW434-COVE","","Water Supply Line Replacement","True","62.5000","False","False","False","False","False"
"35682","","","40202","False","False","False","0.0000","0.0000","False","","False","False","False","","False","","False","","","0.0000","0.0000","False","","","COVE","DW435-COVE","","Water Valve Replacement","True","93.7500","False","False","False","False","False"
"35683","","","40202","False","False","False","0.0000","0.0000","False","","False","False","False","","False","","False","","","0.0000","0.0000","False","","","COVE","DW436-COVE","","WLAN WIFI Card Replacement","True","125.0000","False","False","False","False","False"
"35684","","","40202","False","False","False","0.0000","0.0000","False","","False","False","False","","False","","False","","","0.0000","0.0000","False","","","COVE","DW600-COVE","","Additional Component Replacement","True","62.5000","False","False","False","False","False"
"35685","","","40202","False","False","False","0.0000","0.0000","False","","False","False","False","","False","","False","","","0.0000","0.0000","False","","","COVE","DW601-COVE","","Address Noise Complaint","True","62.5000","False","False","False","False","False"
"35686","","","40202","False","False","False","0.0000","0.0000","False","","False","False","False","","False","","False","","","0.0000","0.0000","False","","","COVE","DW602-COVE","","Cabinet Component Repair - Major","True","375.0000","False","False","False","False","False"
"35687","","","40202","False","False","False","0.0000","0.0000","False","","False","False","False","","False","","False","","","0.0000","0.0000","False","","","COVE","DW603-COVE","","Cabinet Component Repair - Minor","True","125.0000","False","False","False","False","False"
"35688","","","40202","False","False","False","0.0000","0.0000","False","","False","False","False","","False","","False","","","0.0000","0.0000","False","","","COVE","DW604-COVE","","Component Replacement/Repair - Major","True","375.0000","False","False","False","False","False"
"35689","","","40202","False","False","False","0.0000","0.0000","False","","False","False","False","","False","","False","","","0.0000","0.0000","False","","","COVE","DW605-COVE","","Component Replacement/Repair - Minor","True","125.0000","False","False","False","False","False"
"35690","","","40202","False","False","False","0.0000","0.0000","False","","False","False","False","","False","","False","","","0.0000","0.0000","False","","","COVE","DW606-COVE","","Cosmetic Part Replacement - Major","True","93.7500","False","False","False","False","False"
"35691","","","40202","False","False","False","0.0000","0.0000","False","","False","False","False","","False","","False","","","0.0000","0.0000","False","","","COVE","DW607-COVE","","Cosmetic Part Replacement - Minor","True","31.2500","False","False","False","False","False"
"35692","","","40202","False","False","False","0.0000","0.0000","False","","False","False","False","","False","","False","","","0.0000","0.0000","False","","","COVE","DW608-COVE","","Difficult Access Fee","True","62.5000","False","False","False","False","False"
"35693","","","40202","False","False","False","0.0000","0.0000","False","","False","False","False","","False","","False","","","0.0000","0.0000","False","","","COVE","DW609-COVE","","Level Unit/Adjust Unit","True","62.5000","False","False","False","False","False"
"35694","","","40202","False","False","False","0.0000","0.0000","False","","False","False","False","","False","","False","","","0.0000","0.0000","False","","","COVE","DW610-COVE","","Problem Could Not Be Reproduced","True","62.5000","False","False","False","False","False"
"35695","","","40202","False","False","False","0.0000","0.0000","False","","False","False","False","","False","","False","","","0.0000","0.0000","False","","","COVE","DW611-COVE","","Repair Burnt Wire(s) or Loose Connection(s)","True","93.7500","False","False","False","False","False"
"35696","","","40202","False","False","False","0.0000","0.0000","False","","False","False","False","","False","","False","","","0.0000","0.0000","False","","","COVE","DW612-COVE","","Reset Home Circuit Breaker","True","31.2500","False","False","False","False","False"
"35697","","","40202","False","False","False","0.0000","0.0000","False","","False","False","False","","False","","False","","","0.0000","0.0000","False","","","COVE","L1-COVE","","Additional One Tech/Installer Labor","True","62.5000","False","False","False","False","False"
"35698","","","40202","False","False","False","0.0000","0.0000","False","","False","False","False","","False","","False","","","0.0000","0.0000","False","","","COVE","L2-COVE","","Additional Two Tech/Installer Labor","True","93.7500","False","False","False","False","False"
"35699","","","40202","False","False","False","0.0000","0.0000","False","","False","False","False","","False","","False","","","0.0000","0.0000","False","","","COVE","L3-COVE","","Additional Three Tech/Installer Labor","True","125.0000","False","False","False","False","False"
"35700","","","40202","False","False","False","0.0000","0.0000","False","","False","False","False","","False","","False","","","0.0000","0.0000","False","","","COVE","MS1-COVE","","Miscellaneous Labor","True","31.2500","False","False","False","False","False"
"35701","","","40201","False","False","False","0.0000","0.0000","False","","False","False","False","","False","","False","","","0.0000","0.0000","False","","","COVE","ZNADD-COVE","","Additional Appliance","True","85.0000","False","True","False","False","False"
"35702","","","40202","False","False","False","0.0000","0.0000","False","","False","False","False","","False","","False","","","0.0000","0.0000","False","","","FP","CE400-FP","","Bake Element Replacement - Hidden (Double Oven) - Typically Two Technicians","True","312.5000","False","True","False","False","False"
"35703","","","40202","False","False","False","0.0000","0.0000","False","","False","False","False","","False","","False","","","0.0000","0.0000","False","","","FP","CE401-FP","","Bake Element Replacement - Hidden (Single Oven)","True","250.0000","False","True","False","False","False"
"35704","","","40202","False","False","False","0.0000","0.0000","False","","False","False","False","","False","","False","","","0.0000","0.0000","False","","","FP","CE402-FP","","Bake Element Replacement (Exposed)","True","125.0000","False","True","False","False","False"
"35705","","","40202","False","False","False","0.0000","0.0000","False","","False","False","False","","False","","False","","","0.0000","0.0000","False","","","FP","CE403-FP","","Broil Element Replacement (Concealed)","True","187.5000","False","True","False","False","False"
"35706","","","40202","False","False","False","0.0000","0.0000","False","","False","False","False","","False","","False","","","0.0000","0.0000","False","","","FP","CE404-FP","","Broil Element Replacement (Exposed)","True","125.0000","False","True","False","False","False"
"35707","","","40202","False","False","False","0.0000","0.0000","False","","False","False","False","","False","","False","","","0.0000","0.0000","False","","","FP","CE405-FP","","Calibrate Oven Temperature Calibration","True","93.7500","False","True","False","False","False"
"35708","","","40202","False","False","False","0.0000","0.0000","False","","False","False","False","","False","","False","","","0.0000","0.0000","False","","","FP","CE406-FP","","Ceran Glass Cooktop Replacement","True","187.5000","False","True","False","False","False"
"35709","","","40202","False","False","False","0.0000","0.0000","False","","False","False","False","","False","","False","","","0.0000","0.0000","False","","","FP","CE407-FP","","Coil Element Burner Receptacle Replacement","True","62.5000","False","True","False","False","False"
"35710","","","40202","False","False","False","0.0000","0.0000","False","","False","False","False","","False","","False","","","0.0000","0.0000","False","","","FP","CE408-FP","","Convect Element Replacement - Double Oven (Requires Oven Removal) - Two Technicians","True","312.5000","False","True","False","False","False"
"35711","","","40202","False","False","False","0.0000","0.0000","False","","False","False","False","","False","","False","","","0.0000","0.0000","False","","","FP","CE409-FP","","Convect Element Replacement - Single Oven (Requires Oven Removal)","True","250.0000","False","True","False","False","False"
"35712","","","40202","False","False","False","0.0000","0.0000","False","","False","False","False","","False","","False","","","0.0000","0.0000","False","","","FP","CE410-FP","","Convect Element Replacement (Front Service)","True","125.0000","False","True","False","False","False"
"35713","","","40202","False","False","False","0.0000","0.0000","False","","False","False","False","","False","","False","","","0.0000","0.0000","False","","","FP","CE411-FP","","Convection Fan Motor/Blade Replacement","True","187.5000","False","True","False","False","False"
"35714","","","40202","False","False","False","0.0000","0.0000","False","","False","False","False","","False","","False","","","0.0000","0.0000","False","","","FP","CE412-FP","","Cooling Fan Motor/Blade Replacement","True","187.5000","False","True","False","False","False"
"35715","","","40202","False","False","False","0.0000","0.0000","False","","False","False","False","","False","","False","","","0.0000","0.0000","False","","","FP","CE413-FP","","Door Component Replacement - Oven Glass-Liner-Handle-etc","True","93.7500","False","True","False","False","False"
"35716","","","40202","False","False","False","0.0000","0.0000","False","","False","False","False","","False","","False","","","0.0000","0.0000","False","","","FP","CE414-FP","","Door Hinge Assembly Replacement","True","125.0000","False","True","False","False","False"
"35717","","","40202","False","False","False","0.0000","0.0000","False","","False","False","False","","False","","False","","","0.0000","0.0000","False","","","FP","CE415-FP","","Door Hinge Receiver Replacement (Double Wall Oven) - Typically Two Technicians","True","250.0000","False","True","False","False","False"
"35718","","","40202","False","False","False","0.0000","0.0000","False","","False","False","False","","False","","False","","","0.0000","0.0000","False","","","FP","CE416-FP","","Door Hinge Receiver Replacement (Pro Range)","True","250.0000","False","True","False","False","False"
"35719","","","40202","False","False","False","0.0000","0.0000","False","","False","False","False","","False","","False","","","0.0000","0.0000","False","","","FP","CE417-FP","","Door Hinge Receiver Replacement (Single Wall Oven)","True","156.2500","False","True","False","False","False"
"35720","","","40202","False","False","False","0.0000","0.0000","False","","False","False","False","","False","","False","","","0.0000","0.0000","False","","","FP","CE418-FP","","Door Hinge Receiver Replacement (Standard Freestanding Range)","True","125.0000","False","True","False","False","False"
"35721","","","40202","False","False","False","0.0000","0.0000","False","","False","False","False","","False","","False","","","0.0000","0.0000","False","","","FP","CE419-FP","","Door Lock/Latch Assembly Replacement","True","125.0000","False","True","False","False","False"
"35722","","","40202","False","False","False","0.0000","0.0000","False","","False","False","False","","False","","False","","","0.0000","0.0000","False","","","FP","CE420-FP","","Door/Window Cleaning Double Oven","True","125.0000","False","True","False","False","False"
"35723","","","40202","False","False","False","0.0000","0.0000","False","","False","False","False","","False","","False","","","0.0000","0.0000","False","","","FP","CE421-FP","","Door/Window Cleaning Single Oven","True","93.7500","False","True","False","False","False"
"35724","","","40202","False","False","False","0.0000","0.0000","False","","False","False","False","","False","","False","","","0.0000","0.0000","False","","","FP","CE422-FP","","Drip Bowl Replacement - Coil Element","True","25.0000","False","True","False","False","False"
"35725","","","40202","False","False","False","0.0000","0.0000","False","","False","False","False","","False","","False","","","0.0000","0.0000","False","","","FP","CE423-FP","","Electronic Control/Module Replacement","True","125.0000","False","True","False","False","False"
"35726","","","40202","False","False","False","0.0000","0.0000","False","","False","False","False","","False","","False","","","0.0000","0.0000","False","","","FP","CE424-FP","","Griddle/Grill Component Replacement","True","62.5000","False","True","False","False","False"
"35727","","","40202","False","False","False","0.0000","0.0000","False","","False","False","False","","False","","False","","","0.0000","0.0000","False","","","FP","CE425-FP","","Grill/Griddle Thermostat Replacement","True","125.0000","False","True","False","False","False"
"35728","","","40202","False","False","False","0.0000","0.0000","False","","False","False","False","","False","","False","","","0.0000","0.0000","False","","","FP","CE426-FP","","Hi-Limit Thermal Cutout Replacement (Front Service)","True","93.7500","False","True","False","False","False"
"35729","","","40202","False","False","False","0.0000","0.0000","False","","False","False","False","","False","","False","","","0.0000","0.0000","False","","","FP","CE427-FP","","Hi-Limit Thermal Cutout Replacement (Rear Service)","True","125.0000","False","True","False","False","False"
"35730","","","40202","False","False","False","0.0000","0.0000","False","","False","False","False","","False","","False","","","0.0000","0.0000","False","","","FP","CE428-FP","","Leveling Legs/Wheel Replacement (Pro Range)","True","125.0000","False","True","False","False","False"
"35731","","","40202","False","False","False","0.0000","0.0000","False","","False","False","False","","False","","False","","","0.0000","0.0000","False","","","FP","CE429-FP","","Leveling Legs/Wheel Replacement (Standard Range)","True","62.5000","False","True","False","False","False"
"35732","","","40202","False","False","False","0.0000","0.0000","False","","False","False","False","","False","","False","","","0.0000","0.0000","False","","","FP","CE430-FP","","Light Bulb Replacement (Front Service)","True","25.0000","False","True","False","False","False"
"35733","","","40202","False","False","False","0.0000","0.0000","False","","False","False","False","","False","","False","","","0.0000","0.0000","False","","","FP","CE431-FP","","Light Bulb Replacement (Rear Service)","True","62.5000","False","True","False","False","False"
"35734","","","40202","False","False","False","0.0000","0.0000","False","","False","False","False","","False","","False","","","0.0000","0.0000","False","","","FP","CE432-FP","","Oven Temp Sensor (Thermistor) Replacement","True","93.7500","False","True","False","False","False"
"35735","","","40202","False","False","False","0.0000","0.0000","False","","False","False","False","","False","","False","","","0.0000","0.0000","False","","","FP","CE433-FP","","Oven Thermostat Replacement","True","250.0000","False","True","False","False","False"
"35736","","","40202","False","False","False","0.0000","0.0000","False","","False","False","False","","False","","False","","","0.0000","0.0000","False","","","FP","CE434-FP","","Power Cord/Electrical Conduit Replacement","True","62.5000","False","True","False","False","False"
"35737","","","40202","False","False","False","0.0000","0.0000","False","","False","False","False","","False","","False","","","0.0000","0.0000","False","","","FP","CE435-FP","","Probe Jack Replacement","True","125.0000","False","True","False","False","False"
"35738","","","40202","False","False","False","0.0000","0.0000","False","","False","False","False","","False","","False","","","0.0000","0.0000","False","","","FP","CE436-FP","","Rack Replacement - Oven","True","18.7500","False","True","False","False","False"
"35739","","","40202","False","False","False","0.0000","0.0000","False","","False","False","False","","False","","False","","","0.0000","0.0000","False","","","FP","CE437-FP","","Surface Element Replacement - Ceran Glass Top","True","187.5000","False","True","False","False","False"
"35740","","","40202","False","False","False","0.0000","0.0000","False","","False","False","False","","False","","False","","","0.0000","0.0000","False","","","FP","CE438-FP","","Surface Element Replacement - Coil Top","True","43.7500","False","True","False","False","False"
"35741","","","40202","False","False","False","0.0000","0.0000","False","","False","False","False","","False","","False","","","0.0000","0.0000","False","","","FP","CE439-FP","","Switch Replacement - Burner/Selector","True","125.0000","False","True","False","False","False"
"35742","","","40202","False","False","False","0.0000","0.0000","False","","False","False","False","","False","","False","","","0.0000","0.0000","False","","","FP","CE440-FP","","Terminal Block Replacement - Electrical Connection","True","62.5000","False","True","False","False","False"
"35743","","","40202","False","False","False","0.0000","0.0000","False","","False","False","False","","False","","False","","","0.0000","0.0000","False","","","FP","CE441-FP","","Transformer Replacement","True","93.7500","False","True","False","False","False"
"35744","","","40202","False","False","False","0.0000","0.0000","False","","False","False","False","","False","","False","","","0.0000","0.0000","False","","","FP","CE600-FP","","Additional Component Replacement","True","62.5000","False","True","False","False","False"
"35745","","","40202","False","False","False","0.0000","0.0000","False","","False","False","False","","False","","False","","","0.0000","0.0000","False","","","FP","CE601-FP","","Address Noise Complaint","True","62.5000","False","True","False","False","False"
"35746","","","40202","False","False","False","0.0000","0.0000","False","","False","False","False","","False","","False","","","0.0000","0.0000","False","","","FP","CE602-FP","","Cabinet Component Repair - Major","True","375.0000","False","True","False","False","False"
"35747","","","40202","False","False","False","0.0000","0.0000","False","","False","False","False","","False","","False","","","0.0000","0.0000","False","","","FP","CE603-FP","","Cabinet Component Repair - Minor","True","125.0000","False","True","False","False","False"
"35748","","","40202","False","False","False","0.0000","0.0000","False","","False","False","False","","False","","False","","","0.0000","0.0000","False","","","FP","CE604-FP","","Component Replacement/Repair - Major","True","375.0000","False","True","False","False","False"
"35749","","","40202","False","False","False","0.0000","0.0000","False","","False","False","False","","False","","False","","","0.0000","0.0000","False","","","FP","CE605-FP","","Component Replacement/Repair - Minor","True","125.0000","False","True","False","False","False"
"35750","","","40202","False","False","False","0.0000","0.0000","False","","False","False","False","","False","","False","","","0.0000","0.0000","False","","","FP","CE606-FP","","Cosmetic Part Replacement - Major","True","93.7500","False","True","False","False","False"
"35751","","","40202","False","False","False","0.0000","0.0000","False","","False","False","False","","False","","False","","","0.0000","0.0000","False","","","FP","CE607-FP","","Cosmetic Part Replacement - Minor","True","31.2500","False","True","False","False","False"
"35752","","","40202","False","False","False","0.0000","0.0000","False","","False","False","False","","False","","False","","","0.0000","0.0000","False","","","FP","CE608-FP","","Difficult Access Fee","True","62.5000","False","True","False","False","False"
"35753","","","40202","False","False","False","0.0000","0.0000","False","","False","False","False","","False","","False","","","0.0000","0.0000","False","","","FP","CE609-FP","","Level Unit/Adjust Unit","True","62.5000","False","True","False","False","False"
"35754","","","40202","False","False","False","0.0000","0.0000","False","","False","False","False","","False","","False","","","0.0000","0.0000","False","","","FP","CE610-FP","","Problem Could Not Be Reproduced","True","62.5000","False","True","False","False","False"
"35755","","","40202","False","False","False","0.0000","0.0000","False","","False","False","False","","False","","False","","","0.0000","0.0000","False","","","FP","CE611-FP","","Repair Burnt Wire(s) or Loose Connection(s)","True","93.7500","False","True","False","False","False"
"35756","","","40202","False","False","False","0.0000","0.0000","False","","False","False","False","","False","","False","","","0.0000","0.0000","False","","","FP","CE612-FP","","Reset Home Circuit Breaker","True","31.2500","False","True","False","False","False"
"35757","","","40202","False","False","False","0.0000","0.0000","False","","False","False","False","","False","","False","","","0.0000","0.0000","False","","","FP","CG400-FP","","Bake Burner Assembly Replacement (Pro Oven/Range)","True","125.0000","False","True","False","False","False"
"35758","","","40202","False","False","False","0.0000","0.0000","False","","False","False","False","","False","","False","","","0.0000","0.0000","False","","","FP","CG401-FP","","Bake Burner Assembly Replacement (Standard Oven/Range)","True","93.7500","False","True","False","False","False"
"35759","","","40202","False","False","False","0.0000","0.0000","False","","False","False","False","","False","","False","","","0.0000","0.0000","False","","","FP","CG402-FP","","Broil Burner Assembly Replacement (Pro Oven/Range)","True","125.0000","False","True","False","False","False"
"35760","","","40202","False","False","False","0.0000","0.0000","False","","False","False","False","","False","","False","","","0.0000","0.0000","False","","","FP","CG403-FP","","Broil Burner Assembly Replacement (Standard Oven/Range)","True","93.7500","False","True","False","False","False"
"35761","","","40202","False","False","False","0.0000","0.0000","False","","False","False","False","","False","","False","","","0.0000","0.0000","False","","","FP","CG404-FP","","Burner Grate(s)/Cap(s) Replacement","True","18.7500","False","True","False","False","False"
"35762","","","40202","False","False","False","0.0000","0.0000","False","","False","False","False","","False","","False","","","0.0000","0.0000","False","","","FP","CG405-FP","","Burner Ignition Component Replacement","True","93.7500","False","True","False","False","False"
"35763","","","40202","False","False","False","0.0000","0.0000","False","","False","False","False","","False","","False","","","0.0000","0.0000","False","","","FP","CG406-FP","","Burner Valve Replacement - Surface Burner","True","187.5000","False","True","False","False","False"
"35764","","","40202","False","False","False","0.0000","0.0000","False","","False","False","False","","False","","False","","","0.0000","0.0000","False","","","FP","CG407-FP","","Convection Fan Motor/Blade Replacement (Pro Oven/Range)","True","187.5000","False","True","False","False","False"
"35765","","","40202","False","False","False","0.0000","0.0000","False","","False","False","False","","False","","False","","","0.0000","0.0000","False","","","FP","CG408-FP","","Convection Fan Motor/Blade Replacement (Standard Oven/Range)","True","125.0000","False","True","False","False","False"
"35766","","","40202","False","False","False","0.0000","0.0000","False","","False","False","False","","False","","False","","","0.0000","0.0000","False","","","FP","CG409-FP","","Cooktop Burner Assembly Replacement","True","93.7500","False","True","False","False","False"
"35767","","","40202","False","False","False","0.0000","0.0000","False","","False","False","False","","False","","False","","","0.0000","0.0000","False","","","FP","CG410-FP","","Cooling Fan Motor/Blade Replacement (Pro Oven/Range)","True","187.5000","False","True","False","False","False"
"35768","","","40202","False","False","False","0.0000","0.0000","False","","False","False","False","","False","","False","","","0.0000","0.0000","False","","","FP","CG411-FP","","Cooling Fan Motor/Blade Replacement (Standard Oven/Range)","True","93.7500","False","True","False","False","False"
"35769","","","40202","False","False","False","0.0000","0.0000","False","","False","False","False","","False","","False","","","0.0000","0.0000","False","","","FP","CG412-FP","","Door Component Replacement - Oven Glass-Liner-Handle-etc","True","93.7500","False","True","False","False","False"
"35770","","","40202","False","False","False","0.0000","0.0000","False","","False","False","False","","False","","False","","","0.0000","0.0000","False","","","FP","CG413-FP","","Door Hinge Assembly Replacement","True","125.0000","False","True","False","False","False"
"35771","","","40202","False","False","False","0.0000","0.0000","False","","False","False","False","","False","","False","","","0.0000","0.0000","False","","","FP","CG414-FP","","Door Hinge Receiver Replacement (Double Wall Oven)","True","218.7500","False","True","False","False","False"
"35772","","","40202","False","False","False","0.0000","0.0000","False","","False","False","False","","False","","False","","","0.0000","0.0000","False","","","FP","CG415-FP","","Door Hinge Receiver Replacement (Pro Range)","True","218.7500","False","True","False","False","False"
"35773","","","40202","False","False","False","0.0000","0.0000","False","","False","False","False","","False","","False","","","0.0000","0.0000","False","","","FP","CG416-FP","","Door Hinge Receiver Replacement (Single Wall Oven)","True","125.0000","False","True","False","False","False"
"35774","","","40202","False","False","False","0.0000","0.0000","False","","False","False","False","","False","","False","","","0.0000","0.0000","False","","","FP","CG417-FP","","Door Hinge Receiver Replacement (Standard Range)","True","125.0000","False","True","False","False","False"
"35775","","","40202","False","False","False","0.0000","0.0000","False","","False","False","False","","False","","False","","","0.0000","0.0000","False","","","FP","CG418-FP","","Door Lock/Latch Assembly Replacement","True","125.0000","False","True","False","False","False"
"35776","","","40202","False","False","False","0.0000","0.0000","False","","False","False","False","","False","","False","","","0.0000","0.0000","False","","","FP","CG419-FP","","Door/Window Cleaning (Double Oven)","True","125.0000","False","True","False","False","False"
"35777","","","40202","False","False","False","0.0000","0.0000","False","","False","False","False","","False","","False","","","0.0000","0.0000","False","","","FP","CG420-FP","","Door/Window Cleaning (Single Oven)","True","93.7500","False","True","False","False","False"
"35778","","","40202","False","False","False","0.0000","0.0000","False","","False","False","False","","False","","False","","","0.0000","0.0000","False","","","FP","CG421-FP","","Electronic Control/Module Replacement","True","125.0000","False","True","False","False","False"
"35779","","","40202","False","False","False","0.0000","0.0000","False","","False","False","False","","False","","False","","","0.0000","0.0000","False","","","FP","CG422-FP","","Gas Supply Flex Line Replacement","True","62.5000","False","True","False","False","False"
"35780","","","40202","False","False","False","0.0000","0.0000","False","","False","False","False","","False","","False","","","0.0000","0.0000","False","","","FP","CG423-FP","","Griddle/Grill Component Replacement","True","62.5000","False","True","False","False","False"
"35781","","","40202","False","False","False","0.0000","0.0000","False","","False","False","False","","False","","False","","","0.0000","0.0000","False","","","FP","CG424-FP","","Griddle/Grill Thermostat Replacement","True","156.2500","False","True","False","False","False"
"35782","","","40202","False","False","False","0.0000","0.0000","False","","False","False","False","","False","","False","","","0.0000","0.0000","False","","","FP","CG425-FP","","Hi-Limit Thermal Cutout Replacement - Front Service","True","93.7500","False","True","False","False","False"
"35783","","","40202","False","False","False","0.0000","0.0000","False","","False","False","False","","False","","False","","","0.0000","0.0000","False","","","FP","CG426-FP","","Hi-Limit Thermal Cutout Replacement - Rear Service","True","125.0000","False","True","False","False","False"
"35784","","","40202","False","False","False","0.0000","0.0000","False","","False","False","False","","False","","False","","","0.0000","0.0000","False","","","FP","CG427-FP","","Leveling Legs/Wheel Replacement - Pro Range","True","125.0000","False","True","False","False","False"
"35785","","","40202","False","False","False","0.0000","0.0000","False","","False","False","False","","False","","False","","","0.0000","0.0000","False","","","FP","CG428-FP","","Leveling Legs/Wheel Replacement - Standard Range","True","62.5000","False","True","False","False","False"
"35786","","","40202","False","False","False","0.0000","0.0000","False","","False","False","False","","False","","False","","","0.0000","0.0000","False","","","FP","CG429-FP","","Light Bulb Replacement (Front Service)","True","25.0000","False","True","False","False","False"
"35787","","","40202","False","False","False","0.0000","0.0000","False","","False","False","False","","False","","False","","","0.0000","0.0000","False","","","FP","CG430-FP","","Light Bulb Replacement (Rear Service)","True","62.5000","False","True","False","False","False"
"35788","","","40202","False","False","False","0.0000","0.0000","False","","False","False","False","","False","","False","","","0.0000","0.0000","False","","","FP","CG431-FP","","Locate and Repair Gas Leak Locate and Repair (Difficult Access)","True","125.0000","False","True","False","False","False"
"35789","","","40202","False","False","False","0.0000","0.0000","False","","False","False","False","","False","","False","","","0.0000","0.0000","False","","","FP","CG432-FP","","Locate and Repair Gas Leak Locate and Repair (Readily Accessible)","True","62.5000","False","True","False","False","False"
"35790","","","40202","False","False","False","0.0000","0.0000","False","","False","False","False","","False","","False","","","0.0000","0.0000","False","","","FP","CG433-FP","","Orifice(s) Replacement (Cooktop)","True","62.5000","False","True","False","False","False"
"35791","","","40202","False","False","False","0.0000","0.0000","False","","False","False","False","","False","","False","","","0.0000","0.0000","False","","","FP","CG434-FP","","Orifice(s) Replacement (Oven)","True","93.7500","False","True","False","False","False"
"35792","","","40202","False","False","False","0.0000","0.0000","False","","False","False","False","","False","","False","","","0.0000","0.0000","False","","","FP","CG435-FP","","Oven Ignitor (HSI) Replacement","True","93.7500","False","True","False","False","False"
"35793","","","40202","False","False","False","0.0000","0.0000","False","","False","False","False","","False","","False","","","0.0000","0.0000","False","","","FP","CG436-FP","","Oven Temp Sensor (Thermistor) Replacement","True","93.7500","False","True","False","False","False"
"35794","","","40202","False","False","False","0.0000","0.0000","False","","False","False","False","","False","","False","","","0.0000","0.0000","False","","","FP","CG437-FP","","Oven Temperature Calibration","True","93.7500","False","True","False","False","False"
"35795","","","40202","False","False","False","0.0000","0.0000","False","","False","False","False","","False","","False","","","0.0000","0.0000","False","","","FP","CG438-FP","","Oven Thermostat Replacement","True","250.0000","False","True","False","False","False"
"35796","","","40202","False","False","False","0.0000","0.0000","False","","False","False","False","","False","","False","","","0.0000","0.0000","False","","","FP","CG439-FP","","Power Cord/Electrical Conduit Replacement","True","62.5000","False","True","False","False","False"
"35797","","","40202","False","False","False","0.0000","0.0000","False","","False","False","False","","False","","False","","","0.0000","0.0000","False","","","FP","CG440-FP","","Probe Jack Replacement","True","93.7500","False","True","False","False","False"
"35798","","","40202","False","False","False","0.0000","0.0000","False","","False","False","False","","False","","False","","","0.0000","0.0000","False","","","FP","CG441-FP","","Rack Replacement - Oven","True","18.7500","False","True","False","False","False"
"35799","","","40202","False","False","False","0.0000","0.0000","False","","False","False","False","","False","","False","","","0.0000","0.0000","False","","","FP","CG442-FP","","Regulator Replacement (Standard Access)","True","93.7500","False","True","False","False","False"
"35800","","","40202","False","False","False","0.0000","0.0000","False","","False","False","False","","False","","False","","","0.0000","0.0000","False","","","FP","CG443-FP","","Regulator Replacement Pro Range (Difficult Access)","True","187.5000","False","True","False","False","False"
"35801","","","40202","False","False","False","0.0000","0.0000","False","","False","False","False","","False","","False","","","0.0000","0.0000","False","","","FP","CG444-FP","","Safety Valve Replacement","True","125.0000","False","True","False","False","False"
"35802","","","40202","False","False","False","0.0000","0.0000","False","","False","False","False","","False","","False","","","0.0000","0.0000","False","","","FP","CG445-FP","","Simmer Setting Adjustment - Gas Burner","True","37.5000","False","True","False","False","False"
"35803","","","40202","False","False","False","0.0000","0.0000","False","","False","False","False","","False","","False","","","0.0000","0.0000","False","","","FP","CG446-FP","","Solenoid Replacement","True","93.7500","False","True","False","False","False"
"35804","","","40202","False","False","False","0.0000","0.0000","False","","False","False","False","","False","","False","","","0.0000","0.0000","False","","","FP","CG447-FP","","Switch Assembly Replacement","True","93.7500","False","True","False","False","False"
"35805","","","40202","False","False","False","0.0000","0.0000","False","","False","False","False","","False","","False","","","0.0000","0.0000","False","","","FP","CG448-FP","","Terminal Block Replacement - Electrical Connection","True","62.5000","False","True","False","False","False"
"35806","","","40202","False","False","False","0.0000","0.0000","False","","False","False","False","","False","","False","","","0.0000","0.0000","False","","","FP","CG449-FP","","Thermocouple Replacement","True","93.7500","False","True","False","False","False"
"35807","","","40202","False","False","False","0.0000","0.0000","False","","False","False","False","","False","","False","","","0.0000","0.0000","False","","","FP","CG450-FP","","Transformer Replacement","True","125.0000","False","True","False","False","False"
"35808","","","40202","False","False","False","0.0000","0.0000","False","","False","False","False","","False","","False","","","0.0000","0.0000","False","","","FP","CG600-FP","","Additional Component Replacement","True","62.5000","False","True","False","False","False"
"35809","","","40202","False","False","False","0.0000","0.0000","False","","False","False","False","","False","","False","","","0.0000","0.0000","False","","","FP","CG601-FP","","Address Noise Complaint","True","62.5000","False","True","False","False","False"
"35810","","","40202","False","False","False","0.0000","0.0000","False","","False","False","False","","False","","False","","","0.0000","0.0000","False","","","FP","CG602-FP","","Cabinet Component Repair - Major","True","375.0000","False","True","False","False","False"
"35811","","","40202","False","False","False","0.0000","0.0000","False","","False","False","False","","False","","False","","","0.0000","0.0000","False","","","FP","CG603-FP","","Cabinet Component Repair - Minor","True","125.0000","False","True","False","False","False"
"35812","","","40202","False","False","False","0.0000","0.0000","False","","False","False","False","","False","","False","","","0.0000","0.0000","False","","","FP","CG604-FP","","Component Replacement/Repair - Major","True","375.0000","False","True","False","False","False"
"35813","","","40202","False","False","False","0.0000","0.0000","False","","False","False","False","","False","","False","","","0.0000","0.0000","False","","","FP","CG605-FP","","Component Replacement/Repair - Minor","True","125.0000","False","True","False","False","False"
"35814","","","40202","False","False","False","0.0000","0.0000","False","","False","False","False","","False","","False","","","0.0000","0.0000","False","","","FP","CG606-FP","","Cosmetic Part Replacement - Major","True","93.7500","False","True","False","False","False"
"35815","","","40202","False","False","False","0.0000","0.0000","False","","False","False","False","","False","","False","","","0.0000","0.0000","False","","","FP","CG607-FP","","Cosmetic Part Replacement - Minor","True","31.2500","False","True","False","False","False"
"35816","","","40202","False","False","False","0.0000","0.0000","False","","False","False","False","","False","","False","","","0.0000","0.0000","False","","","FP","CG608-FP","","Difficult Access Fee","True","62.5000","False","True","False","False","False"
"35817","","","40202","False","False","False","0.0000","0.0000","False","","False","False","False","","False","","False","","","0.0000","0.0000","False","","","FP","CG609-FP","","Level Unit/Adjust Unit","True","62.5000","False","True","False","False","False"
"35818","","","40202","False","False","False","0.0000","0.0000","False","","False","False","False","","False","","False","","","0.0000","0.0000","False","","","FP","CG610-FP","","Problem Could Not Be Reproduced","True","62.5000","False","True","False","False","False"
"35819","","","40202","False","False","False","0.0000","0.0000","False","","False","False","False","","False","","False","","","0.0000","0.0000","False","","","FP","CG611-FP","","Repair Burnt Wire(s) or Loose Connection(s)","True","93.7500","False","True","False","False","False"
"35820","","","40202","False","False","False","0.0000","0.0000","False","","False","False","False","","False","","False","","","0.0000","0.0000","False","","","FP","CG612-FP","","Reset Home Circuit Breaker","True","31.2500","False","True","False","False","False"
"35821","","","40202","False","False","False","0.0000","0.0000","False","","False","False","False","","False","","False","","","0.0000","0.0000","False","","","FP","DR401-FP","","Belt Replacement","True","93.7500","False","True","False","False","False"
"35822","","","40202","False","False","False","0.0000","0.0000","False","","False","False","False","","False","","False","","","0.0000","0.0000","False","","","FP","DR402-FP","","Blower Wheel Replacement","True","125.0000","False","True","False","False","False"
"35823","","","40202","False","False","False","0.0000","0.0000","False","","False","False","False","","False","","False","","","0.0000","0.0000","False","","","FP","DR403-FP","","Burner Tube Assembly","True","93.7500","False","True","False","False","False"
"35824","","","40202","False","False","False","0.0000","0.0000","False","","False","False","False","","False","","False","","","0.0000","0.0000","False","","","FP","DR404-FP","","Clear Lint/Debris From Venting","True","62.5000","False","True","False","False","False"
"35825","","","40202","False","False","False","0.0000","0.0000","False","","False","False","False","","False","","False","","","0.0000","0.0000","False","","","FP","DR405-FP","","Door Switch Replacement","True","93.7500","False","True","False","False","False"
"35826","","","40202","False","False","False","0.0000","0.0000","False","","False","False","False","","False","","False","","","0.0000","0.0000","False","","","FP","DR406-FP","","Drum Replacement","True","156.2500","False","True","False","False","False"
"35827","","","40202","False","False","False","0.0000","0.0000","False","","False","False","False","","False","","False","","","0.0000","0.0000","False","","","FP","DR407-FP","","Electronic Control/Timer/Pad Replacement","True","93.7500","False","True","False","False","False"
"35828","","","40202","False","False","False","0.0000","0.0000","False","","False","False","False","","False","","False","","","0.0000","0.0000","False","","","FP","DR408-FP","","Gas Valve Assembly Replacement","True","125.0000","False","True","False","False","False"
"35829","","","40202","False","False","False","0.0000","0.0000","False","","False","False","False","","False","","False","","","0.0000","0.0000","False","","","FP","DR409-FP","","Heating Element Replacement","True","93.7500","False","True","False","False","False"
"35830","","","40202","False","False","False","0.0000","0.0000","False","","False","False","False","","False","","False","","","0.0000","0.0000","False","","","FP","DR410-FP","","Hi-Limit/Thermal Fuse Replacement","True","62.5000","False","True","False","False","False"
"35831","","","40202","False","False","False","0.0000","0.0000","False","","False","False","False","","False","","False","","","0.0000","0.0000","False","","","FP","DR411-FP","","Igniter (HSI) Replacement","True","62.5000","False","True","False","False","False"
"35832","","","40202","False","False","False","0.0000","0.0000","False","","False","False","False","","False","","False","","","0.0000","0.0000","False","","","FP","DR412-FP","","Interference Suppressor Replacement","True","62.5000","False","True","False","False","False"
"35833","","","40202","False","False","False","0.0000","0.0000","False","","False","False","False","","False","","False","","","0.0000","0.0000","False","","","FP","DR413-FP","","Level Unit/Adjust Unit","True","31.2500","False","True","False","False","False"
"35834","","","40202","False","False","False","0.0000","0.0000","False","","False","False","False","","False","","False","","","0.0000","0.0000","False","","","FP","DR414-FP","","Light Bulb Replacement","True","31.2500","False","True","False","False","False"
"35835","","","40202","False","False","False","0.0000","0.0000","False","","False","False","False","","False","","False","","","0.0000","0.0000","False","","","FP","DR415-FP","","LP or Natural Gas Conversion","True","93.7500","False","True","False","False","False"
"35836","","","40202","False","False","False","0.0000","0.0000","False","","False","False","False","","False","","False","","","0.0000","0.0000","False","","","FP","DR416-FP","","Motor Replacement - Drum/Drive","True","156.2500","False","True","False","False","False"
"35837","","","40202","False","False","False","0.0000","0.0000","False","","False","False","False","","False","","False","","","0.0000","0.0000","False","","","FP","DR417-FP","","Power Cord/Electrical Conduit Replacement","True","62.5000","False","True","False","False","False"
"35838","","","40202","False","False","False","0.0000","0.0000","False","","False","False","False","","False","","False","","","0.0000","0.0000","False","","","FP","DR418-FP","","Terminal Block Replacement - Electrical Connection","True","93.7500","False","True","False","False","False"
"35839","","","40202","False","False","False","0.0000","0.0000","False","","False","False","False","","False","","False","","","0.0000","0.0000","False","","","FP","DR419-FP","","Thermostat Replacement","True","62.5000","False","True","False","False","False"
"35840","","","40202","False","False","False","0.0000","0.0000","False","","False","False","False","","False","","False","","","0.0000","0.0000","False","","","FP","DR420-FP","","Tub Roller/Idler Pulley/Belt Kit Replacement","True","125.0000","False","True","False","False","False"
"35841","","","40202","False","False","False","0.0000","0.0000","False","","False","False","False","","False","","False","","","0.0000","0.0000","False","","","FP","DR421-FP","","Vent Hose & Clamp(s) Replacement","True","62.5000","False","True","False","False","False"
"35842","","","40202","False","False","False","0.0000","0.0000","False","","False","False","False","","False","","False","","","0.0000","0.0000","False","","","FP","DR600-FP","","Additional Component Replacement","True","62.5000","False","True","False","False","False"
"35843","","","40202","False","False","False","0.0000","0.0000","False","","False","False","False","","False","","False","","","0.0000","0.0000","False","","","FP","DR601-FP","","Address Noise Complaint","True","62.5000","False","True","False","False","False"
"35844","","","40202","False","False","False","0.0000","0.0000","False","","False","False","False","","False","","False","","","0.0000","0.0000","False","","","FP","DR602-FP","","Cabinet Component Repair - Major","True","375.0000","False","True","False","False","False"
"35845","","","40202","False","False","False","0.0000","0.0000","False","","False","False","False","","False","","False","","","0.0000","0.0000","False","","","FP","DR603-FP","","Cabinet Component Repair - Minor","True","125.0000","False","True","False","False","False"
"35846","","","40202","False","False","False","0.0000","0.0000","False","","False","False","False","","False","","False","","","0.0000","0.0000","False","","","FP","DR604-FP","","Component Replacement/Repair - Major","True","375.0000","False","True","False","False","False"
"35847","","","40202","False","False","False","0.0000","0.0000","False","","False","False","False","","False","","False","","","0.0000","0.0000","False","","","FP","DR605-FP","","Component Replacement/Repair - Minor","True","125.0000","False","True","False","False","False"
"35848","","","40202","False","False","False","0.0000","0.0000","False","","False","False","False","","False","","False","","","0.0000","0.0000","False","","","FP","DR606-FP","","Cosmetic Part Replacement - Major","True","93.7500","False","True","False","False","False"
"35849","","","40202","False","False","False","0.0000","0.0000","False","","False","False","False","","False","","False","","","0.0000","0.0000","False","","","FP","DR607-FP","","Cosmetic Part Replacement - Minor","True","31.2500","False","True","False","False","False"
"35850","","","40202","False","False","False","0.0000","0.0000","False","","False","False","False","","False","","False","","","0.0000","0.0000","False","","","FP","DR608-FP","","Difficult Access Fee","True","62.5000","False","True","False","False","False"
"35851","","","40202","False","False","False","0.0000","0.0000","False","","False","False","False","","False","","False","","","0.0000","0.0000","False","","","FP","DR609-FP","","Level Unit/Adjust Unit","True","62.5000","False","True","False","False","False"
"35852","","","40202","False","False","False","0.0000","0.0000","False","","False","False","False","","False","","False","","","0.0000","0.0000","False","","","FP","DR610-FP","","Problem Could Not Be Reproduced","True","62.5000","False","True","False","False","False"
"35853","","","40202","False","False","False","0.0000","0.0000","False","","False","False","False","","False","","False","","","0.0000","0.0000","False","","","FP","DR611-FP","","Repair Burnt Wire(s) or Loose Connection(s)","True","93.7500","False","True","False","False","False"
"35854","","","40202","False","False","False","0.0000","0.0000","False","","False","False","False","","False","","False","","","0.0000","0.0000","False","","","FP","DR612-FP","","Reset Home Circuit Breaker","True","31.2500","False","True","False","False","False"
"35855","","","40202","False","False","False","0.0000","0.0000","False","","False","False","False","","False","","False","","","0.0000","0.0000","False","","","FP","DW400-FP","","Address Washability Concerns","True","31.2500","False","False","False","False","False"
"35856","","","40202","False","False","False","0.0000","0.0000","False","","False","False","False","","False","","False","","","0.0000","0.0000","False","","","FP","DW401-FP","","Address Water Leak (Tub-Door-Etc.)","True","93.7500","False","False","False","False","False"
"35857","","","40202","False","False","False","0.0000","0.0000","False","","False","False","False","","False","","False","","","0.0000","0.0000","False","","","FP","DW402-FP","","Debris Removal & Cleaning From Drain/Sink Connection","True","62.5000","False","False","False","False","False"
"35858","","","40202","False","False","False","0.0000","0.0000","False","","False","False","False","","False","","False","","","0.0000","0.0000","False","","","FP","DW403-FP","","Debris Removal from Sump/Impeller/Drain","True","62.5000","False","False","False","False","False"
"35859","","","40202","False","False","False","0.0000","0.0000","False","","False","False","False","","False","","False","","","0.0000","0.0000","False","","","FP","DW404-FP","","Detergent Cup Assembly Replacement","True","93.7500","False","False","False","False","False"
"35860","","","40202","False","False","False","0.0000","0.0000","False","","False","False","False","","False","","False","","","0.0000","0.0000","False","","","FP","DW405-FP","","Door Panel/Console Replacement (Outer)","True","62.5000","False","False","False","False","False"
"35861","","","40202","False","False","False","0.0000","0.0000","False","","False","False","False","","False","","False","","","0.0000","0.0000","False","","","FP","DW406-FP","","Door Replacement (Inner)","True","93.7500","False","False","False","False","False"
"35862","","","40202","False","False","False","0.0000","0.0000","False","","False","False","False","","False","","False","","","0.0000","0.0000","False","","","FP","DW407-FP","","Door Seal Replacement","True","62.5000","False","False","False","False","False"
"35863","","","40202","False","False","False","0.0000","0.0000","False","","False","False","False","","False","","False","","","0.0000","0.0000","False","","","FP","DW408-FP","","Door Spring Tension/Balance Adjustment (Front Accessible)","True","31.2500","False","False","False","False","False"
"35864","","","40202","False","False","False","0.0000","0.0000","False","","False","False","False","","False","","False","","","0.0000","0.0000","False","","","FP","DW409-FP","","Door Spring Tension/Balance Adjustment (Unit Removed For Access)","True","62.5000","False","False","False","False","False"
"35865","","","40202","False","False","False","0.0000","0.0000","False","","False","False","False","","False","","False","","","0.0000","0.0000","False","","","FP","DW410-FP","","Door Spring/Balance Kit Replacement","True","125.0000","False","False","False","False","False"
"35866","","","40202","False","False","False","0.0000","0.0000","False","","False","False","False","","False","","False","","","0.0000","0.0000","False","","","FP","DW411-FP","","Door Switch Replacement","True","93.7500","False","False","False","False","False"
"35867","","","40202","False","False","False","0.0000","0.0000","False","","False","False","False","","False","","False","","","0.0000","0.0000","False","","","FP","DW412-FP","","Drain Hose Replacement","True","93.7500","False","False","False","False","False"
"35868","","","40202","False","False","False","0.0000","0.0000","False","","False","False","False","","False","","False","","","0.0000","0.0000","False","","","FP","DW413-FP","","Drain Pump Replacement","True","187.5000","False","False","False","False","False"
"35869","","","40202","False","False","False","0.0000","0.0000","False","","False","False","False","","False","","False","","","0.0000","0.0000","False","","","FP","DW414-FP","","Drying Fan Motor/Blade Replacement","True","125.0000","False","False","False","False","False"
"35870","","","40202","False","False","False","0.0000","0.0000","False","","False","False","False","","False","","False","","","0.0000","0.0000","False","","","FP","DW415-FP","","Electrical Disconnect was Turned Off (Light Switch)","True","18.7500","False","False","False","False","False"
"35871","","","40202","False","False","False","0.0000","0.0000","False","","False","False","False","","False","","False","","","0.0000","0.0000","False","","","FP","DW416-FP","","Electronic Control/Timer/Pad Replacement","True","125.0000","False","False","False","False","False"
"35872","","","40202","False","False","False","0.0000","0.0000","False","","False","False","False","","False","","False","","","0.0000","0.0000","False","","","FP","DW417-FP","","Float Switch Replacement","True","93.7500","False","False","False","False","False"
"35873","","","40202","False","False","False","0.0000","0.0000","False","","False","False","False","","False","","False","","","0.0000","0.0000","False","","","FP","DW418-FP","","Flow Meter Replacement","True","125.0000","False","False","False","False","False"
"35874","","","40202","False","False","False","0.0000","0.0000","False","","False","False","False","","False","","False","","","0.0000","0.0000","False","","","FP","DW419-FP","","Heating Element Replacement","True","125.0000","False","False","False","False","False"
"35875","","","40202","False","False","False","0.0000","0.0000","False","","False","False","False","","False","","False","","","0.0000","0.0000","False","","","FP","DW420-FP","","Interference Suppressor Replacement","True","62.5000","False","False","False","False","False"
"35876","","","40202","False","False","False","0.0000","0.0000","False","","False","False","False","","False","","False","","","0.0000","0.0000","False","","","FP","DW421-FP","","Light Bulb Replacement (Front Access)","True","31.2500","False","False","False","False","False"
"35877","","","40202","False","False","False","0.0000","0.0000","False","","False","False","False","","False","","False","","","0.0000","0.0000","False","","","FP","DW422-FP","","Light Bulb Replacement (Rear Access - Unit De-installation, Re-install)","True","125.0000","False","False","False","False","False"
"35878","","","40202","False","False","False","0.0000","0.0000","False","","False","False","False","","False","","False","","","0.0000","0.0000","False","","","FP","DW423-FP","","No Water at Supply","True","31.2500","False","False","False","False","False"
"35879","","","40202","False","False","False","0.0000","0.0000","False","","False","False","False","","False","","False","","","0.0000","0.0000","False","","","FP","DW424-FP","","Power Cord/Electrical Conduit Replacement","True","62.5000","False","False","False","False","False"
"35880","","","40202","False","False","False","0.0000","0.0000","False","","False","False","False","","False","","False","","","0.0000","0.0000","False","","","FP","DW425-FP","","Pressure Switch Replacement","True","125.0000","False","False","False","False","False"
"35881","","","40202","False","False","False","0.0000","0.0000","False","","False","False","False","","False","","False","","","0.0000","0.0000","False","","","FP","DW426-FP","","Pump and/or Motor Assembly Replacement","True","250.0000","False","False","False","False","False"
"35882","","","40202","False","False","False","0.0000","0.0000","False","","False","False","False","","False","","False","","","0.0000","0.0000","False","","","FP","DW427-FP","","Rack or Rack Component Replacement","True","62.5000","False","False","False","False","False"
"35883","","","40202","False","False","False","0.0000","0.0000","False","","False","False","False","","False","","False","","","0.0000","0.0000","False","","","FP","DW428-FP","","Reinstallation of Unit","True","93.7500","False","False","False","False","False"
"35884","","","40202","False","False","False","0.0000","0.0000","False","","False","False","False","","False","","False","","","0.0000","0.0000","False","","","FP","DW429-FP","","Salt Reservoir Replacement","True","250.0000","False","False","False","False","False"
"35885","","","40202","False","False","False","0.0000","0.0000","False","","False","False","False","","False","","False","","","0.0000","0.0000","False","","","FP","DW430-FP","","Tub/Tank Replacement","True","375.0000","False","False","False","False","False"
"35886","","","40202","False","False","False","0.0000","0.0000","False","","False","False","False","","False","","False","","","0.0000","0.0000","False","","","FP","DW431-FP","","Turbidity Sensor Replacement","True","125.0000","False","False","False","False","False"
"35887","","","40202","False","False","False","0.0000","0.0000","False","","False","False","False","","False","","False","","","0.0000","0.0000","False","","","FP","DW432-FP","","Wash Arm/Water Feed Tube Clean/Replace","True","62.5000","False","False","False","False","False"
"35888","","","40202","False","False","False","0.0000","0.0000","False","","False","False","False","","False","","False","","","0.0000","0.0000","False","","","FP","DW433-FP","","Water Intake Assembly Replacement","True","250.0000","False","False","False","False","False"
"35889","","","40202","False","False","False","0.0000","0.0000","False","","False","False","False","","False","","False","","","0.0000","0.0000","False","","","FP","DW434-FP","","Water Supply Line Replacement","True","62.5000","False","False","False","False","False"
"35890","","","40202","False","False","False","0.0000","0.0000","False","","False","False","False","","False","","False","","","0.0000","0.0000","False","","","FP","DW435-FP","","Water Valve Replacement","True","93.7500","False","False","False","False","False"
"35891","","","40202","False","False","False","0.0000","0.0000","False","","False","False","False","","False","","False","","","0.0000","0.0000","False","","","FP","DW436-FP","","WLAN WIFI Card Replacement","True","125.0000","False","False","False","False","False"
"35892","","","40202","False","False","False","0.0000","0.0000","False","","False","False","False","","False","","False","","","0.0000","0.0000","False","","","FP","DW600-FP","","Additional Component Replacement","True","62.5000","False","False","False","False","False"
"35893","","","40202","False","False","False","0.0000","0.0000","False","","False","False","False","","False","","False","","","0.0000","0.0000","False","","","FP","DW601-FP","","Address Noise Complaint","True","62.5000","False","False","False","False","False"
"35894","","","40202","False","False","False","0.0000","0.0000","False","","False","False","False","","False","","False","","","0.0000","0.0000","False","","","FP","DW602-FP","","Cabinet Component Repair - Major","True","375.0000","False","False","False","False","False"
"35895","","","40202","False","False","False","0.0000","0.0000","False","","False","False","False","","False","","False","","","0.0000","0.0000","False","","","FP","DW603-FP","","Cabinet Component Repair - Minor","True","125.0000","False","False","False","False","False"
"35896","","","40202","False","False","False","0.0000","0.0000","False","","False","False","False","","False","","False","","","0.0000","0.0000","False","","","FP","DW604-FP","","Component Replacement/Repair - Major","True","375.0000","False","False","False","False","False"
"35897","","","40202","False","False","False","0.0000","0.0000","False","","False","False","False","","False","","False","","","0.0000","0.0000","False","","","FP","DW605-FP","","Component Replacement/Repair - Minor","True","125.0000","False","False","False","False","False"
"35898","","","40202","False","False","False","0.0000","0.0000","False","","False","False","False","","False","","False","","","0.0000","0.0000","False","","","FP","DW606-FP","","Cosmetic Part Replacement - Major","True","93.7500","False","False","False","False","False"
"35899","","","40202","False","False","False","0.0000","0.0000","False","","False","False","False","","False","","False","","","0.0000","0.0000","False","","","FP","DW607-FP","","Cosmetic Part Replacement - Minor","True","31.2500","False","False","False","False","False"
"35900","","","40202","False","False","False","0.0000","0.0000","False","","False","False","False","","False","","False","","","0.0000","0.0000","False","","","FP","DW608-FP","","Difficult Access Fee","True","62.5000","False","False","False","False","False"
"35901","","","40202","False","False","False","0.0000","0.0000","False","","False","False","False","","False","","False","","","0.0000","0.0000","False","","","FP","DW609-FP","","Level Unit/Adjust Unit","True","62.5000","False","False","False","False","False"
"35902","","","40202","False","False","False","0.0000","0.0000","False","","False","False","False","","False","","False","","","0.0000","0.0000","False","","","FP","DW610-FP","","Problem Could Not Be Reproduced","True","62.5000","False","False","False","False","False"
"35903","","","40202","False","False","False","0.0000","0.0000","False","","False","False","False","","False","","False","","","0.0000","0.0000","False","","","FP","DW611-FP","","Repair Burnt Wire(s) or Loose Connection(s)","True","93.7500","False","False","False","False","False"
"35904","","","40202","False","False","False","0.0000","0.0000","False","","False","False","False","","False","","False","","","0.0000","0.0000","False","","","FP","DW612-FP","","Reset Home Circuit Breaker","True","31.2500","False","False","False","False","False"
"35905","","","40202","False","False","False","0.0000","0.0000","False","","False","False","False","","False","","False","","","0.0000","0.0000","False","","","FP","GR400-FP","","Battery Replacement","True","31.2500","False","True","False","False","False"
"35906","","","40202","False","False","False","0.0000","0.0000","False","","False","False","False","","False","","False","","","0.0000","0.0000","False","","","FP","GR401-FP","","Burner Assembly Replacement - Infrared","True","125.0000","False","True","False","False","False"
"35907","","","40202","False","False","False","0.0000","0.0000","False","","False","False","False","","False","","False","","","0.0000","0.0000","False","","","FP","GR402-FP","","Burner Grate(s)/Cap(s) Replacement","True","31.2500","False","True","False","False","False"
"35908","","","40202","False","False","False","0.0000","0.0000","False","","False","False","False","","False","","False","","","0.0000","0.0000","False","","","FP","GR403-FP","","Burner Ignition Component Replacement","True","93.7500","False","True","False","False","False"
"35909","","","40202","False","False","False","0.0000","0.0000","False","","False","False","False","","False","","False","","","0.0000","0.0000","False","","","FP","GR404-FP","","Burner Valve Replacement","True","125.0000","False","True","False","False","False"
"35910","","","40202","False","False","False","0.0000","0.0000","False","","False","False","False","","False","","False","","","0.0000","0.0000","False","","","FP","GR405-FP","","Burner(s) Adjustment","True","31.2500","False","True","False","False","False"
"35911","","","40202","False","False","False","0.0000","0.0000","False","","False","False","False","","False","","False","","","0.0000","0.0000","False","","","FP","GR406-FP","","Burner(s) Assembly Replacement","True","93.7500","False","True","False","False","False"
"35912","","","40202","False","False","False","0.0000","0.0000","False","","False","False","False","","False","","False","","","0.0000","0.0000","False","","","FP","GR407-FP","","Electronic Control/Module Replacement","True","125.0000","False","True","False","False","False"
"35913","","","40202","False","False","False","0.0000","0.0000","False","","False","False","False","","False","","False","","","0.0000","0.0000","False","","","FP","GR408-FP","","Gas Supply Flex Line Replacement","True","62.5000","False","True","False","False","False"
"35914","","","40202","False","False","False","0.0000","0.0000","False","","False","False","False","","False","","False","","","0.0000","0.0000","False","","","FP","GR409-FP","","Griddle/Grill Grate Component Replacement","True","31.2500","False","True","False","False","False"
"35915","","","40202","False","False","False","0.0000","0.0000","False","","False","False","False","","False","","False","","","0.0000","0.0000","False","","","FP","GR410-FP","","Ignitor (HSI) Replacement","True","93.7500","False","True","False","False","False"
"35916","","","40202","False","False","False","0.0000","0.0000","False","","False","False","False","","False","","False","","","0.0000","0.0000","False","","","FP","GR411-FP","","Lava Rock/Ceramic Heat Deflector Replacement","True","62.5000","False","True","False","False","False"
"35917","","","40202","False","False","False","0.0000","0.0000","False","","False","False","False","","False","","False","","","0.0000","0.0000","False","","","FP","GR412-FP","","Light Bulb Replacement","True","62.5000","False","True","False","False","False"
"35918","","","40202","False","False","False","0.0000","0.0000","False","","False","False","False","","False","","False","","","0.0000","0.0000","False","","","FP","GR413-FP","","Locate and Repair Gas Leak Locate and Repair (Difficult Access)","True","125.0000","False","True","False","False","False"
"35919","","","40202","False","False","False","0.0000","0.0000","False","","False","False","False","","False","","False","","","0.0000","0.0000","False","","","FP","GR414-FP","","Locate and Repair Gas Leak Locate and Repair (Readily Accessible)","True","62.5000","False","True","False","False","False"
"35920","","","40202","False","False","False","0.0000","0.0000","False","","False","False","False","","False","","False","","","0.0000","0.0000","False","","","FP","GR415-FP","","Orifice(s) Replacement","True","93.7500","False","True","False","False","False"
"35921","","","40202","False","False","False","0.0000","0.0000","False","","False","False","False","","False","","False","","","0.0000","0.0000","False","","","FP","GR416-FP","","Outdoor Grill Cleaning (In Place)","True","250.0000","False","True","False","False","False"
"35922","","","40202","False","False","False","0.0000","0.0000","False","","False","False","False","","False","","False","","","0.0000","0.0000","False","","","FP","GR417-FP","","Outdoor Grill Cleaning (Removed from Installation)","True","375.0000","False","True","False","False","False"
"35923","","","40202","False","False","False","0.0000","0.0000","False","","False","False","False","","False","","False","","","0.0000","0.0000","False","","","FP","GR418-FP","","Power Cord/Electrical Conduit Replacement","True","62.5000","False","True","False","False","False"
"35924","","","40202","False","False","False","0.0000","0.0000","False","","False","False","False","","False","","False","","","0.0000","0.0000","False","","","FP","GR419-FP","","Regulator Replacement (Difficult Access)","True","187.5000","False","True","False","False","False"
"35925","","","40202","False","False","False","0.0000","0.0000","False","","False","False","False","","False","","False","","","0.0000","0.0000","False","","","FP","GR420-FP","","Regulator Replacement (Standard Access)","True","93.7500","False","True","False","False","False"
"35926","","","40202","False","False","False","0.0000","0.0000","False","","False","False","False","","False","","False","","","0.0000","0.0000","False","","","FP","GR421-FP","","Safety Valve Replacement","True","125.0000","False","True","False","False","False"
"35927","","","40202","False","False","False","0.0000","0.0000","False","","False","False","False","","False","","False","","","0.0000","0.0000","False","","","FP","GR422-FP","","Solenoid Replacement","True","125.0000","False","True","False","False","False"
"35928","","","40202","False","False","False","0.0000","0.0000","False","","False","False","False","","False","","False","","","0.0000","0.0000","False","","","FP","GR423-FP","","Switch Assembly Replacement","True","93.7500","False","True","False","False","False"
"35929","","","40202","False","False","False","0.0000","0.0000","False","","False","False","False","","False","","False","","","0.0000","0.0000","False","","","FP","GR424-FP","","Thermocouple Replacement","True","125.0000","False","True","False","False","False"
"35930","","","40202","False","False","False","0.0000","0.0000","False","","False","False","False","","False","","False","","","0.0000","0.0000","False","","","FP","GR425-FP","","Transformer Replacement","True","125.0000","False","True","False","False","False"
"35931","","","40202","False","False","False","0.0000","0.0000","False","","False","False","False","","False","","False","","","0.0000","0.0000","False","","","FP","GR600-FP","","Additional Component Replacement","True","62.5000","False","True","False","False","False"
"35932","","","40202","False","False","False","0.0000","0.0000","False","","False","False","False","","False","","False","","","0.0000","0.0000","False","","","FP","GR601-FP","","Address Noise Complaint","True","62.5000","False","True","False","False","False"
"35933","","","40202","False","False","False","0.0000","0.0000","False","","False","False","False","","False","","False","","","0.0000","0.0000","False","","","FP","GR602-FP","","Cabinet Component Repair - Major","True","375.0000","False","True","False","False","False"
"35934","","","40202","False","False","False","0.0000","0.0000","False","","False","False","False","","False","","False","","","0.0000","0.0000","False","","","FP","GR603-FP","","Cabinet Component Repair - Minor","True","125.0000","False","True","False","False","False"
"35935","","","40202","False","False","False","0.0000","0.0000","False","","False","False","False","","False","","False","","","0.0000","0.0000","False","","","FP","GR604-FP","","Component Replacement/Repair - Major","True","375.0000","False","True","False","False","False"
"35936","","","40202","False","False","False","0.0000","0.0000","False","","False","False","False","","False","","False","","","0.0000","0.0000","False","","","FP","GR605-FP","","Component Replacement/Repair - Minor","True","125.0000","False","True","False","False","False"
"35937","","","40202","False","False","False","0.0000","0.0000","False","","False","False","False","","False","","False","","","0.0000","0.0000","False","","","FP","GR606-FP","","Cosmetic Part Replacement - Major","True","93.7500","False","True","False","False","False"
"35938","","","40202","False","False","False","0.0000","0.0000","False","","False","False","False","","False","","False","","","0.0000","0.0000","False","","","FP","GR607-FP","","Cosmetic Part Replacement - Minor","True","31.2500","False","True","False","False","False"
"35939","","","40202","False","False","False","0.0000","0.0000","False","","False","False","False","","False","","False","","","0.0000","0.0000","False","","","FP","GR608-FP","","Difficult Access Fee","True","62.5000","False","True","False","False","False"
"35940","","","40202","False","False","False","0.0000","0.0000","False","","False","False","False","","False","","False","","","0.0000","0.0000","False","","","FP","GR609-FP","","Level Unit/Adjust Unit","True","62.5000","False","True","False","False","False"
"35941","","","40202","False","False","False","0.0000","0.0000","False","","False","False","False","","False","","False","","","0.0000","0.0000","False","","","FP","GR610-FP","","Problem Could Not Be Reproduced","True","62.5000","False","True","False","False","False"
"35942","","","40202","False","False","False","0.0000","0.0000","False","","False","False","False","","False","","False","","","0.0000","0.0000","False","","","FP","GR611-FP","","Repair Burnt Wire(s) or Loose Connection(s)","True","93.7500","False","True","False","False","False"
"35943","","","40202","False","False","False","0.0000","0.0000","False","","False","False","False","","False","","False","","","0.0000","0.0000","False","","","FP","GR612-FP","","Reset Home Circuit Breaker","True","31.2500","False","True","False","False","False"
"35944","","","40202","False","False","False","0.0000","0.0000","False","","False","False","False","","False","","False","","","0.0000","0.0000","False","","","FP","L1-FP","","Additional One Tech/Installer Labor","True","62.5000","False","True","False","False","False"
"35945","","","40202","False","False","False","0.0000","0.0000","False","","False","False","False","","False","","False","","","0.0000","0.0000","False","","","FP","L2-FP","","Additional Two Tech/Installer Labor","True","93.7500","False","True","False","False","False"
"35946","","","40202","False","False","False","0.0000","0.0000","False","","False","False","False","","False","","False","","","0.0000","0.0000","False","","","FP","L3-FP","","Additional Three Tech/Installer Labor","True","125.0000","False","True","False","False","False"
"35947","","","40202","False","False","False","0.0000","0.0000","False","","False","False","False","","False","","False","","","0.0000","0.0000","False","","","FP","MS1-FP","","Miscellaneous Labor","True","31.2500","False","True","False","False","False"
"35948","","","40202","False","False","False","0.0000","0.0000","False","","False","False","False","","False","","False","","","0.0000","0.0000","False","","","FP","RE400-FP","","Auger Motor/Cubed-Crushed Solenoid Replacement","True","93.7500","False","True","False","False","False"
"35949","","","40202","False","False","False","0.0000","0.0000","False","","False","False","False","","False","","False","","","0.0000","0.0000","False","","","FP","RE401-FP","","Clear Debris/Ice From Defrost Drain","True","85.0000","False","True","False","False","False"
"35950","","","40202","False","False","False","0.0000","0.0000","False","","False","False","False","","False","","False","","","0.0000","0.0000","False","","","FP","RE402-FP","","Cold Control (Thermostat) Replacement","True","93.7500","False","True","False","False","False"
"35951","","","40202","False","False","False","0.0000","0.0000","False","","False","False","False","","False","","False","","","0.0000","0.0000","False","","","FP","RE403-FP","","Condensate Drain Pan Replacement","True","31.2500","False","True","False","False","False"
"35952","","","40202","False","False","False","0.0000","0.0000","False","","False","False","False","","False","","False","","","0.0000","0.0000","False","","","FP","RE404-FP","","Condenser Fan Motor/Blade Replacement","True","125.0000","False","True","False","False","False"
"35953","","","40202","False","False","False","0.0000","0.0000","False","","False","False","False","","False","","False","","","0.0000","0.0000","False","","","FP","RE405-FP","","Damper/Damper Control Replacement","True","125.0000","False","True","False","False","False"
"35954","","","40202","False","False","False","0.0000","0.0000","False","","False","False","False","","False","","False","","","0.0000","0.0000","False","","","FP","RE406-FP","","Defrost Bimetal Replacement","True","125.0000","False","True","False","False","False"
"35955","","","40202","False","False","False","0.0000","0.0000","False","","False","False","False","","False","","False","","","0.0000","0.0000","False","","","FP","RE407-FP","","Defrost Evaporator Manually","True","62.5000","False","True","False","False","False"
"35956","","","40202","False","False","False","0.0000","0.0000","False","","False","False","False","","False","","False","","","0.0000","0.0000","False","","","FP","RE408-FP","","Defrost Heater/Drain Heater Replacement","True","125.0000","False","True","False","False","False"
"35957","","","40202","False","False","False","0.0000","0.0000","False","","False","False","False","","False","","False","","","0.0000","0.0000","False","","","FP","RE409-FP","","Defrost Timer/Adaptive Control Replacement","True","93.7500","False","True","False","False","False"
"35958","","","40202","False","False","False","0.0000","0.0000","False","","False","False","False","","False","","False","","","0.0000","0.0000","False","","","FP","RE410-FP","","Deice Fill Tube Manually","True","62.5000","False","True","False","False","False"
"35959","","","40202","False","False","False","0.0000","0.0000","False","","False","False","False","","False","","False","","","0.0000","0.0000","False","","","FP","RE411-FP","","Door  Replacement","True","187.5000","False","True","False","False","False"
"35960","","","40202","False","False","False","0.0000","0.0000","False","","False","False","False","","False","","False","","","0.0000","0.0000","False","","","FP","RE412-FP","","Door Adjustment/Realign","True","62.5000","False","True","False","False","False"
"35961","","","40202","False","False","False","0.0000","0.0000","False","","False","False","False","","False","","False","","","0.0000","0.0000","False","","","FP","RE413-FP","","Door Gasket Replacement (Bracketed Retainer Type) Leave door closed for 24 hours after replacement for best results. A blow dryer may be used on low to help form new gasket and remove wrinkles.","True","156.2500","False","True","False","False","False"
"35962","","","40202","False","False","False","0.0000","0.0000","False","","False","False","False","","False","","False","","","0.0000","0.0000","False","","","FP","RE414-FP","","Door Gasket Replacement (Push-in Type) Leave door closed for 24 hours after replacement for best results. A blow dryer may be used on low to help form new gasket and remove wrinkles.","True","93.7500","False","True","False","False","False"
"35963","","","40202","False","False","False","0.0000","0.0000","False","","False","False","False","","False","","False","","","0.0000","0.0000","False","","","FP","RE415-FP","","Water Valve Replacement","True","62.5000","False","True","False","False","False"
"35964","","","40202","False","False","False","0.0000","0.0000","False","","False","False","False","","False","","False","","","0.0000","0.0000","False","","","FP","RE416-FP","","Electronic Control/Module Replacement","True","125.0000","False","True","False","False","False"
"35965","","","40202","False","False","False","0.0000","0.0000","False","","False","False","False","","False","","False","","","0.0000","0.0000","False","","","FP","RE417-FP","","Evaporator Fan Motor/Blade Replacement","True","125.0000","False","True","False","False","False"
"35966","","","40202","False","False","False","0.0000","0.0000","False","","False","False","False","","False","","False","","","0.0000","0.0000","False","","","FP","RE418-FP","","Fan/Light Switch Replacement","True","62.5000","False","True","False","False","False"
"35967","","","40202","False","False","False","0.0000","0.0000","False","","False","False","False","","False","","False","","","0.0000","0.0000","False","","","FP","RE419-FP","","Ice Maker Kit/Component  Replacement","True","93.7500","False","True","False","False","False"
"35968","","","40202","False","False","False","0.0000","0.0000","False","","False","False","False","","False","","False","","","0.0000","0.0000","False","","","FP","RE420-FP","","Ice Storage Bin Replacement","True","31.2500","False","True","False","False","False"
"35969","","","40202","False","False","False","0.0000","0.0000","False","","False","False","False","","False","","False","","","0.0000","0.0000","False","","","FP","RE421-FP","","Ice/Water Dispenser Component Replacement","True","125.0000","False","True","False","False","False"
"35970","","","40202","False","False","False","0.0000","0.0000","False","","False","False","False","","False","","False","","","0.0000","0.0000","False","","","FP","RE422-FP","","Light Bulb Replacement","True","31.2500","False","True","False","False","False"
"35971","","","40202","False","False","False","0.0000","0.0000","False","","False","False","False","","False","","False","","","0.0000","0.0000","False","","","FP","RE423-FP","","Power Cord/Electrical Conduit Replacement","True","62.5000","False","True","False","False","False"
"35972","","","40202","False","False","False","0.0000","0.0000","False","","False","False","False","","False","","False","","","0.0000","0.0000","False","","","FP","RE424-FP","","Refrigerant Recovery Fee","True","62.5000","False","True","False","False","False"
"35973","","","40202","False","False","False","0.0000","0.0000","False","","False","False","False","","False","","False","","","0.0000","0.0000","False","","","FP","RE425-FP","","Relay/Start Device Replacement","True","93.7500","False","True","False","False","False"
"35974","","","40202","False","False","False","0.0000","0.0000","False","","False","False","False","","False","","False","","","0.0000","0.0000","False","","","FP","RE426-FP","","Replace Leveling Legs/Wheels - Built-in Refrigeration","True","187.5000","False","True","False","False","False"
"35975","","","40202","False","False","False","0.0000","0.0000","False","","False","False","False","","False","","False","","","0.0000","0.0000","False","","","FP","RE427-FP","","Replace Leveling Legs/Wheels - Freestanding Refrigeration","True","62.5000","False","True","False","False","False"
"35976","","","40202","False","False","False","0.0000","0.0000","False","","False","False","False","","False","","False","","","0.0000","0.0000","False","","","FP","RE428-FP","","Shelf/Storage Bin Replacement","True","31.2500","False","True","False","False","False"
"35977","","","40202","False","False","False","0.0000","0.0000","False","","False","False","False","","False","","False","","","0.0000","0.0000","False","","","FP","RE429-FP","","Thermistor/Sensor Replacement","True","93.7500","False","True","False","False","False"
"35978","","","40202","False","False","False","0.0000","0.0000","False","","False","False","False","","False","","False","","","0.0000","0.0000","False","","","FP","RE430-FP","","Transformer Replacement","True","62.5000","False","True","False","False","False"
"35979","","","40202","False","False","False","0.0000","0.0000","False","","False","False","False","","False","","False","","","0.0000","0.0000","False","","","FP","RE431-FP","","Vacuum and/or Clean Condenser Coils","True","62.5000","False","True","False","False","False"
"35980","","","40202","False","False","False","0.0000","0.0000","False","","False","False","False","","False","","False","","","0.0000","0.0000","False","","","FP","RE432-FP","","Water Filter Replacement","True","31.2500","False","True","False","False","False"
"35981","","","40202","False","False","False","0.0000","0.0000","False","","False","False","False","","False","","False","","","0.0000","0.0000","False","","","FP","RE433-FP","","Water Line Replacement","True","31.2500","False","True","False","False","False"
"35982","","","40202","False","False","False","0.0000","0.0000","False","","False","False","False","","False","","False","","","0.0000","0.0000","False","","","FP","RE434-FP","","Water Reservoir Replacement","True","62.5000","False","True","False","False","False"
"35983","","","40202","False","False","False","0.0000","0.0000","False","","False","False","False","","False","","False","","","0.0000","0.0000","False","","","FP","RE435-FP","","WLAN WIFI Card Replacement - Includes de-installation and re-installation of unit to allow access to component.","True","187.5000","False","True","False","False","False"
"35984","","","40202","False","False","False","0.0000","0.0000","False","","False","False","False","","False","","False","","","0.0000","0.0000","False","","","FP","RE500-FP","","Sealed System - COMPRESSOR, FILTER DRIER Replacement. Remove old components. Includes materials & supplies necessary to braze in new components. System evacuation & charging. Refrigerant not included.","True","750.0000","False","True","False","False","False"
"35985","","","40202","False","False","False","0.0000","0.0000","False","","False","False","False","","False","","False","","","0.0000","0.0000","False","","","FP","RE501-FP","","Sealed System ? CONDENSER COIL, FILTER DRIER Replacement. Remove old components. Includes materials & supplies necessary to braze in new components. System evacuation & charging. Refrigerant not included.","True","625.0000","False","True","False","False","False"
"35986","","","40202","False","False","False","0.0000","0.0000","False","","False","False","False","","False","","False","","","0.0000","0.0000","False","","","FP","RE502-FP","","Sealed System ? EVAPORATOR COIL, FILTER DRIER Replacement. Remove old components. Includes materials & supplies necessary to braze in new components. System evacuation & charging. Refrigerant not included.","True","625.0000","False","True","False","False","False"
"35987","","","40202","False","False","False","0.0000","0.0000","False","","False","False","False","","False","","False","","","0.0000","0.0000","False","","","FP","RE503-FP","","Sealed System ? FILTER DRIER Replacement. Remove old components. Includes materials & supplies necessary to braze in new components. System evacuation & charging. Refrigerant not included.","True","312.5000","False","True","False","False","False"
"35988","","","40202","False","False","False","0.0000","0.0000","False","","False","False","False","","False","","False","","","0.0000","0.0000","False","","","FP","RE504-FP","","Sealed System ? HEAT EXCHANGER & FILTER DRIER Replacement. Remove old components. Includes materials & supplies necessary to braze in new components. System evacuation & charging. Refrigerant not included.","True","750.0000","False","True","False","False","False"
"35989","","","40202","False","False","False","0.0000","0.0000","False","","False","False","False","","False","","False","","","0.0000","0.0000","False","","","FP","RE505-FP","","Sealed System ? REFRIGERANT LEAK REPAIR. Replace filter drier if needed. Includes materials & supplies necessary to repair. System evacuation & charging. Refrigerant not included.","True","250.0000","False","True","False","False","False"
"35990","","","40202","False","False","False","0.0000","0.0000","False","","False","False","False","","False","","False","","","0.0000","0.0000","False","","","FP","RE506-FP","","Sealed System 1-Replace COMPRESSOR, EVAPORATOR, & FILTER DRIER. Remove old components. Includes materials & supplies needed to braze in new components. System evacuation & charging. Refrigerant not included.","True","687.5000","False","True","False","False","False"
"35991","","","40202","False","False","False","0.0000","0.0000","False","","False","False","False","","False","","False","","","0.0000","0.0000","False","","","FP","RE507-FP","","Sealed System 2 ? COMPRESSOR, EVAPORATOR, CONDENSER, HEAT EXCHANGER, FILTER DRIER. Includes Remove old components. Includes materials & supplies needed to braze in new components. System evacuation & charging. Refrigerant not included.","True","812.5000","False","True","False","False","False"
"35992","","","40202","False","False","False","0.0000","0.0000","False","","False","False","False","","False","","False","","","0.0000","0.0000","False","","","FP","RE600-FP","","Additional Component Replacement","True","62.5000","False","True","False","False","False"
"35993","","","40202","False","False","False","0.0000","0.0000","False","","False","False","False","","False","","False","","","0.0000","0.0000","False","","","FP","RE601-FP","","Address Noise Complaint","True","62.5000","False","True","False","False","False"
"35994","","","40202","False","False","False","0.0000","0.0000","False","","False","False","False","","False","","False","","","0.0000","0.0000","False","","","FP","RE602-FP","","Cabinet Component Repair - Major","True","375.0000","False","True","False","False","False"
"35995","","","40202","False","False","False","0.0000","0.0000","False","","False","False","False","","False","","False","","","0.0000","0.0000","False","","","FP","RE603-FP","","Cabinet Component Repair - Minor","True","125.0000","False","True","False","False","False"
"35996","","","40202","False","False","False","0.0000","0.0000","False","","False","False","False","","False","","False","","","0.0000","0.0000","False","","","FP","RE604-FP","","Component Replacement/Repair - Major","True","375.0000","False","True","False","False","False"
"35997","","","40202","False","False","False","0.0000","0.0000","False","","False","False","False","","False","","False","","","0.0000","0.0000","False","","","FP","RE605-FP","","Component Replacement/Repair - Minor","True","125.0000","False","True","False","False","False"
"35998","","","40202","False","False","False","0.0000","0.0000","False","","False","False","False","","False","","False","","","0.0000","0.0000","False","","","FP","RE606-FP","","Cosmetic Part Replacement - Major","True","93.7500","False","True","False","False","False"
"35999","","","40202","False","False","False","0.0000","0.0000","False","","False","False","False","","False","","False","","","0.0000","0.0000","False","","","FP","RE607-FP","","Cosmetic Part Replacement - Minor","True","31.2500","False","True","False","False","False"
"36000","","","40202","False","False","False","0.0000","0.0000","False","","False","False","False","","False","","False","","","0.0000","0.0000","False","","","FP","RE608-FP","","Difficult Access Fee","True","62.5000","False","True","False","False","False"
"36001","","","40202","False","False","False","0.0000","0.0000","False","","False","False","False","","False","","False","","","0.0000","0.0000","False","","","FP","RE609-FP","","Level-Adjust Built-in Unit","True","125.0000","False","True","False","False","False"
"36002","","","40202","False","False","False","0.0000","0.0000","False","","False","False","False","","False","","False","","","0.0000","0.0000","False","","","FP","RE610-FP","","Level-Adjust Freestanding Unit","True","62.5000","False","True","False","False","False"
"36003","","","40202","False","False","False","0.0000","0.0000","False","","False","False","False","","False","","False","","","0.0000","0.0000","False","","","FP","RE611-FP","","Problem Could Not Be Reproduced","True","62.5000","False","True","False","False","False"
"36004","","","40202","False","False","False","0.0000","0.0000","False","","False","False","False","","False","","False","","","0.0000","0.0000","False","","","FP","RE612-FP","","Repair Burnt Wire(s) or Loose Connection(s)","True","93.7500","False","True","False","False","False"
"36005","","","40202","False","False","False","0.0000","0.0000","False","","False","False","False","","False","","False","","","0.0000","0.0000","False","","","FP","RE613-FP","","Reset Home Circuit Breaker","True","31.2500","False","True","False","False","False"
"36006","","","40202","False","False","False","0.0000","0.0000","False","","False","False","False","","False","","False","","","0.0000","0.0000","False","","","FP","VH400-FP","","Blower Motor Replacement (Pro Hood)","True","156.2500","False","False","False","False","False"
"36007","","","40202","False","False","False","0.0000","0.0000","False","","False","False","False","","False","","False","","","0.0000","0.0000","False","","","FP","VH401-FP","","Blower Motor Replacement (Standard Hood)","True","62.5000","False","False","False","False","False"
"36008","","","40202","False","False","False","0.0000","0.0000","False","","False","False","False","","False","","False","","","0.0000","0.0000","False","","","FP","VH402-FP","","Correct Electrical Wiring at Hood Connection","True","93.7500","False","False","False","False","False"
"36009","","","40202","False","False","False","0.0000","0.0000","False","","False","False","False","","False","","False","","","0.0000","0.0000","False","","","FP","VH403-FP","","Correct Electrical Wiring at Remote/Inline Blower Connection","True","125.0000","False","False","False","False","False"
"36010","","","40202","False","False","False","0.0000","0.0000","False","","False","False","False","","False","","False","","","0.0000","0.0000","False","","","FP","VH404-FP","","Duct Connection Repair/Seal","True","62.5000","False","False","False","False","False"
"36011","","","40202","False","False","False","0.0000","0.0000","False","","False","False","False","","False","","False","","","0.0000","0.0000","False","","","FP","VH405-FP","","Electronic Control Replacement","True","93.7500","False","False","False","False","False"
"36012","","","40202","False","False","False","0.0000","0.0000","False","","False","False","False","","False","","False","","","0.0000","0.0000","False","","","FP","VH406-FP","","Filter Cleaning - Baffle/Mesh (Pro Hood)","True","62.5000","False","False","False","False","False"
"36013","","","40202","False","False","False","0.0000","0.0000","False","","False","False","False","","False","","False","","","0.0000","0.0000","False","","","FP","VH407-FP","","Filter Cleaning - Baffle/Mesh (Standard Hood)","True","43.7500","False","False","False","False","False"
"36014","","","40202","False","False","False","0.0000","0.0000","False","","False","False","False","","False","","False","","","0.0000","0.0000","False","","","FP","VH408-FP","","Filter Replacement - Baffle/Mesh","True","43.7500","False","False","False","False","False"
"36015","","","40202","False","False","False","0.0000","0.0000","False","","False","False","False","","False","","False","","","0.0000","0.0000","False","","","FP","VH409-FP","","Light Bulb Receptacle Replacement (Pro Hood)","True","62.5000","False","False","False","False","False"
"36016","","","40202","False","False","False","0.0000","0.0000","False","","False","False","False","","False","","False","","","0.0000","0.0000","False","","","FP","VH410-FP","","Light Bulb Receptacle Replacement (Standard Hood)","True","62.5000","False","False","False","False","False"
"36017","","","40202","False","False","False","0.0000","0.0000","False","","False","False","False","","False","","False","","","0.0000","0.0000","False","","","FP","VH411-FP","","Light Bulb Replacement","True","31.2500","False","False","False","False","False"
"36018","","","40202","False","False","False","0.0000","0.0000","False","","False","False","False","","False","","False","","","0.0000","0.0000","False","","","FP","VH412-FP","","Power Cord/Electrical Conduit Replacement","True","62.5000","False","False","False","False","False"
"36019","","","40202","False","False","False","0.0000","0.0000","False","","False","False","False","","False","","False","","","0.0000","0.0000","False","","","FP","VH413-FP","","Switch Replacement - Light/Fan","True","93.7500","False","False","False","False","False"
"36020","","","40202","False","False","False","0.0000","0.0000","False","","False","False","False","","False","","False","","","0.0000","0.0000","False","","","FP","VH600-FP","","Additional Component Replacement","True","62.5000","False","False","False","False","False"
"36021","","","40202","False","False","False","0.0000","0.0000","False","","False","False","False","","False","","False","","","0.0000","0.0000","False","","","FP","VH601-FP","","Address Noise Complaint","True","62.5000","False","False","False","False","False"
"36022","","","40202","False","False","False","0.0000","0.0000","False","","False","False","False","","False","","False","","","0.0000","0.0000","False","","","FP","VH602-FP","","Cabinet Component Repair - Major","True","375.0000","False","False","False","False","False"
"36023","","","40202","False","False","False","0.0000","0.0000","False","","False","False","False","","False","","False","","","0.0000","0.0000","False","","","FP","VH603-FP","","Cabinet Component Repair - Minor","True","125.0000","False","False","False","False","False"
"36024","","","40202","False","False","False","0.0000","0.0000","False","","False","False","False","","False","","False","","","0.0000","0.0000","False","","","FP","VH604-FP","","Component Replacement/Repair - Major","True","375.0000","False","False","False","False","False"
"36025","","","40202","False","False","False","0.0000","0.0000","False","","False","False","False","","False","","False","","","0.0000","0.0000","False","","","FP","VH605-FP","","Component Replacement/Repair - Minor","True","125.0000","False","False","False","False","False"
"36026","","","40202","False","False","False","0.0000","0.0000","False","","False","False","False","","False","","False","","","0.0000","0.0000","False","","","FP","VH606-FP","","Cosmetic Part Replacement - Major","True","93.7500","False","False","False","False","False"
"36027","","","40202","False","False","False","0.0000","0.0000","False","","False","False","False","","False","","False","","","0.0000","0.0000","False","","","FP","VH607-FP","","Cosmetic Part Replacement - Minor","True","31.2500","False","False","False","False","False"
"36028","","","40202","False","False","False","0.0000","0.0000","False","","False","False","False","","False","","False","","","0.0000","0.0000","False","","","FP","VH608-FP","","Difficult Access Fee","True","62.5000","False","False","False","False","False"
"36029","","","40202","False","False","False","0.0000","0.0000","False","","False","False","False","","False","","False","","","0.0000","0.0000","False","","","FP","VH609-FP","","Level Unit/Adjust Unit","True","62.5000","False","False","False","False","False"
"36030","","","40202","False","False","False","0.0000","0.0000","False","","False","False","False","","False","","False","","","0.0000","0.0000","False","","","FP","VH610-FP","","Problem Could Not Be Reproduced","True","62.5000","False","False","False","False","False"
"36031","","","40202","False","False","False","0.0000","0.0000","False","","False","False","False","","False","","False","","","0.0000","0.0000","False","","","FP","VH611-FP","","Repair Burnt Wire(s) or Loose Connection(s)","True","93.7500","False","False","False","False","False"
"36032","","","40202","False","False","False","0.0000","0.0000","False","","False","False","False","","False","","False","","","0.0000","0.0000","False","","","FP","VH612-FP","","Reset Home Circuit Breaker","True","31.2500","False","False","False","False","False"
"36033","","","40202","False","False","False","0.0000","0.0000","False","","False","False","False","","False","","False","","","0.0000","0.0000","False","","","FP","WA400-FP","","Belt(s) Replacement","True","93.7500","False","True","False","False","False"
"36034","","","40202","False","False","False","0.0000","0.0000","False","","False","False","False","","False","","False","","","0.0000","0.0000","False","","","FP","WA401-FP","","Detergent Dispenser Replacement","True","93.7500","False","True","False","False","False"
"36035","","","40202","False","False","False","0.0000","0.0000","False","","False","False","False","","False","","False","","","0.0000","0.0000","False","","","FP","WA402-FP","","Door Assembly Replacement","True","125.0000","False","True","False","False","False"
"36036","","","40202","False","False","False","0.0000","0.0000","False","","False","False","False","","False","","False","","","0.0000","0.0000","False","","","FP","WA403-FP","","Door/Lid Switch Assembly Replacement","True","62.5000","False","True","False","False","False"
"36037","","","40202","False","False","False","0.0000","0.0000","False","","False","False","False","","False","","False","","","0.0000","0.0000","False","","","FP","WA404-FP","","Drive Motor Replacement","True","156.2500","False","True","False","False","False"
"36038","","","40202","False","False","False","0.0000","0.0000","False","","False","False","False","","False","","False","","","0.0000","0.0000","False","","","FP","WA405-FP","","Electronic Control/Timer/Pad Replacement","True","125.0000","False","True","False","False","False"
"36039","","","40202","False","False","False","0.0000","0.0000","False","","False","False","False","","False","","False","","","0.0000","0.0000","False","","","FP","WA406-FP","","Gasket Replacement (Bellows or Regular)","True","187.5000","False","True","False","False","False"
"36040","","","40202","False","False","False","0.0000","0.0000","False","","False","False","False","","False","","False","","","0.0000","0.0000","False","","","FP","WA407-FP","","Heating Element Replacement","True","187.5000","False","True","False","False","False"
"36041","","","40202","False","False","False","0.0000","0.0000","False","","False","False","False","","False","","False","","","0.0000","0.0000","False","","","FP","WA408-FP","","Hose(s) or Clamp(s) Replacement","True","62.5000","False","True","False","False","False"
"36042","","","40202","False","False","False","0.0000","0.0000","False","","False","False","False","","False","","False","","","0.0000","0.0000","False","","","FP","WA409-FP","","Inner/Outer Tub/Bearing Replacement -Front Load Washer","True","375.0000","False","True","False","False","False"
"36043","","","40202","False","False","False","0.0000","0.0000","False","","False","False","False","","False","","False","","","0.0000","0.0000","False","","","FP","WA410-FP","","Inner/Outer Tub/Bearing Replacement -Top Load Washer","True","312.5000","False","True","False","False","False"
"36044","","","40202","False","False","False","0.0000","0.0000","False","","False","False","False","","False","","False","","","0.0000","0.0000","False","","","FP","WA411-FP","","Interference Suppressor Replacement","True","62.5000","False","True","False","False","False"
"36045","","","40202","False","False","False","0.0000","0.0000","False","","False","False","False","","False","","False","","","0.0000","0.0000","False","","","FP","WA412-FP","","Light Bulb  Replacement","True","62.5000","False","True","False","False","False"
"36046","","","40202","False","False","False","0.0000","0.0000","False","","False","False","False","","False","","False","","","0.0000","0.0000","False","","","FP","WA413-FP","","Motor Coupling/Link Replacement","True","62.5000","False","True","False","False","False"
"36047","","","40202","False","False","False","0.0000","0.0000","False","","False","False","False","","False","","False","","","0.0000","0.0000","False","","","FP","WA414-FP","","Power Cord/Electrical Conduit Replacement","True","62.5000","False","True","False","False","False"
"36048","","","40202","False","False","False","0.0000","0.0000","False","","False","False","False","","False","","False","","","0.0000","0.0000","False","","","FP","WA415-FP","","Pump/Pump Motor Replacement","True","125.0000","False","True","False","False","False"
"36049","","","40202","False","False","False","0.0000","0.0000","False","","False","False","False","","False","","False","","","0.0000","0.0000","False","","","FP","WA416-FP","","Remove Debris From Pin Trap","True","62.5000","False","True","False","False","False"
"36050","","","40202","False","False","False","0.0000","0.0000","False","","False","False","False","","False","","False","","","0.0000","0.0000","False","","","FP","WA417-FP","","Replace Leveling Legs/Wheels- Built-in Under Counter or Stacked","True","125.0000","False","True","False","False","False"
"36051","","","40202","False","False","False","0.0000","0.0000","False","","False","False","False","","False","","False","","","0.0000","0.0000","False","","","FP","WA418-FP","","Replace Leveling Legs/Wheels- Freestanding (non built-in and not stacked)","True","62.5000","False","True","False","False","False"
"36052","","","40202","False","False","False","0.0000","0.0000","False","","False","False","False","","False","","False","","","0.0000","0.0000","False","","","FP","WA419-FP","","Suspension Component(s) Replacement","True","156.2500","False","True","False","False","False"
"36053","","","40202","False","False","False","0.0000","0.0000","False","","False","False","False","","False","","False","","","0.0000","0.0000","False","","","FP","WA420-FP","","Transmission/Clutch Assembly Replacement","True","312.5000","False","True","False","False","False"
"36054","","","40202","False","False","False","0.0000","0.0000","False","","False","False","False","","False","","False","","","0.0000","0.0000","False","","","FP","WA421-FP","","Water Valve Replacement","True","93.7500","False","True","False","False","False"
"36055","","","40202","False","False","False","0.0000","0.0000","False","","False","False","False","","False","","False","","","0.0000","0.0000","False","","","FP","WA422-FP","","WLAN WIFI Card Replacement","True","31.2500","False","True","False","False","False"
"36056","","","40202","False","False","False","0.0000","0.0000","False","","False","False","False","","False","","False","","","0.0000","0.0000","False","","","FP","WA600-FP","","Additional Component Replacement","True","62.5000","False","True","False","False","False"
"36057","","","40202","False","False","False","0.0000","0.0000","False","","False","False","False","","False","","False","","","0.0000","0.0000","False","","","FP","WA601-FP","","Address Noise Complaint","True","62.5000","False","True","False","False","False"
"36058","","","40202","False","False","False","0.0000","0.0000","False","","False","False","False","","False","","False","","","0.0000","0.0000","False","","","FP","WA602-FP","","Cabinet Component Repair - Major","True","375.0000","False","True","False","False","False"
"36059","","","40202","False","False","False","0.0000","0.0000","False","","False","False","False","","False","","False","","","0.0000","0.0000","False","","","FP","WA603-FP","","Cabinet Component Repair - Minor","True","125.0000","False","True","False","False","False"
"36060","","","40202","False","False","False","0.0000","0.0000","False","","False","False","False","","False","","False","","","0.0000","0.0000","False","","","FP","WA604-FP","","Component Replacement/Repair - Major","True","375.0000","False","True","False","False","False"
"36061","","","40202","False","False","False","0.0000","0.0000","False","","False","False","False","","False","","False","","","0.0000","0.0000","False","","","FP","WA605-FP","","Component Replacement/Repair - Minor","True","125.0000","False","True","False","False","False"
"36062","","","40202","False","False","False","0.0000","0.0000","False","","False","False","False","","False","","False","","","0.0000","0.0000","False","","","FP","WA606-FP","","Cosmetic Part Replacement - Major","True","93.7500","False","True","False","False","False"
"36063","","","40202","False","False","False","0.0000","0.0000","False","","False","False","False","","False","","False","","","0.0000","0.0000","False","","","FP","WA607-FP","","Cosmetic Part Replacement - Minor","True","31.2500","False","True","False","False","False"
"36064","","","40202","False","False","False","0.0000","0.0000","False","","False","False","False","","False","","False","","","0.0000","0.0000","False","","","FP","WA608-FP","","Difficult Access Fee","True","62.5000","False","True","False","False","False"
"36065","","","40202","False","False","False","0.0000","0.0000","False","","False","False","False","","False","","False","","","0.0000","0.0000","False","","","FP","WA609-FP","","Level Unit/Adjust Unit","True","62.5000","False","True","False","False","False"
"36066","","","40202","False","False","False","0.0000","0.0000","False","","False","False","False","","False","","False","","","0.0000","0.0000","False","","","FP","WA610-FP","","Problem Could Not Be Reproduced","True","62.5000","False","True","False","False","False"
"36067","","","40202","False","False","False","0.0000","0.0000","False","","False","False","False","","False","","False","","","0.0000","0.0000","False","","","FP","WA611-FP","","Repair Burnt Wire(s) or Loose Connection(s)","True","93.7500","False","True","False","False","False"
"36068","","","40202","False","False","False","0.0000","0.0000","False","","False","False","False","","False","","False","","","0.0000","0.0000","False","","","FP","WA612-FP","","Reset Home Circuit Breaker","True","31.2500","False","True","False","False","False"
"36069","","","40202","False","False","False","0.0000","0.0000","False","","False","False","False","","False","","False","","","0.0000","0.0000","False","","","FP","WA613-FP","","Stacked and/or Built-in Access Fee - Additional fee in order to obtain appropriate access to service unit.","True","43.7500","False","True","False","False","False"
"36070","","","40202","False","False","False","0.0000","0.0000","False","","False","False","False","","False","","False","","","0.0000","0.0000","False","","","GAGGE","CE400-GAGGE","","Bake Element Replacement - Hidden (Double Oven) - Typically Two Technicians","True","312.5000","False","False","False","False","False"
"36071","","","40202","False","False","False","0.0000","0.0000","False","","False","False","False","","False","","False","","","0.0000","0.0000","False","","","GAGGE","CE401-GAGGE","","Bake Element Replacement - Hidden (Single Oven)","True","250.0000","False","False","False","False","False"
"36072","","","40202","False","False","False","0.0000","0.0000","False","","False","False","False","","False","","False","","","0.0000","0.0000","False","","","GAGGE","CE402-GAGGE","","Bake Element Replacement (Exposed)","True","125.0000","False","False","False","False","False"
"36073","","","40202","False","False","False","0.0000","0.0000","False","","False","False","False","","False","","False","","","0.0000","0.0000","False","","","GAGGE","CE403-GAGGE","","Broil Element Replacement (Concealed)","True","187.5000","False","False","False","False","False"
"36074","","","40202","False","False","False","0.0000","0.0000","False","","False","False","False","","False","","False","","","0.0000","0.0000","False","","","GAGGE","CE404-GAGGE","","Broil Element Replacement (Exposed)","True","125.0000","False","False","False","False","False"
"36075","","","40202","False","False","False","0.0000","0.0000","False","","False","False","False","","False","","False","","","0.0000","0.0000","False","","","GAGGE","CE405-GAGGE","","Calibrate Oven Temperature Calibration","True","93.7500","False","False","False","False","False"
"36076","","","40202","False","False","False","0.0000","0.0000","False","","False","False","False","","False","","False","","","0.0000","0.0000","False","","","GAGGE","CE406-GAGGE","","Ceran Glass Cooktop Replacement","True","187.5000","False","False","False","False","False"
"36077","","","40202","False","False","False","0.0000","0.0000","False","","False","False","False","","False","","False","","","0.0000","0.0000","False","","","GAGGE","CE407-GAGGE","","Coil Element Burner Receptacle Replacement","True","62.5000","False","False","False","False","False"
"36078","","","40202","False","False","False","0.0000","0.0000","False","","False","False","False","","False","","False","","","0.0000","0.0000","False","","","GAGGE","CE408-GAGGE","","Convect Element Replacement - Double Oven (Requires Oven Removal) - Two Technicians","True","312.5000","False","False","False","False","False"
"36079","","","40202","False","False","False","0.0000","0.0000","False","","False","False","False","","False","","False","","","0.0000","0.0000","False","","","GAGGE","CE409-GAGGE","","Convect Element Replacement - Single Oven (Requires Oven Removal)","True","250.0000","False","False","False","False","False"
"36080","","","40202","False","False","False","0.0000","0.0000","False","","False","False","False","","False","","False","","","0.0000","0.0000","False","","","GAGGE","CE410-GAGGE","","Convect Element Replacement (Front Service)","True","125.0000","False","False","False","False","False"
"36081","","","40202","False","False","False","0.0000","0.0000","False","","False","False","False","","False","","False","","","0.0000","0.0000","False","","","GAGGE","CE411-GAGGE","","Convection Fan Motor/Blade Replacement","True","187.5000","False","False","False","False","False"
"36082","","","40202","False","False","False","0.0000","0.0000","False","","False","False","False","","False","","False","","","0.0000","0.0000","False","","","GAGGE","CE412-GAGGE","","Cooling Fan Motor/Blade Replacement","True","187.5000","False","False","False","False","False"
"36083","","","40202","False","False","False","0.0000","0.0000","False","","False","False","False","","False","","False","","","0.0000","0.0000","False","","","GAGGE","CE413-GAGGE","","Door Component Replacement - Oven Glass-Liner-Handle-etc","True","93.7500","False","False","False","False","False"
"36084","","","40202","False","False","False","0.0000","0.0000","False","","False","False","False","","False","","False","","","0.0000","0.0000","False","","","GAGGE","CE414-GAGGE","","Door Hinge Assembly Replacement","True","125.0000","False","False","False","False","False"
"36085","","","40202","False","False","False","0.0000","0.0000","False","","False","False","False","","False","","False","","","0.0000","0.0000","False","","","GAGGE","CE415-GAGGE","","Door Hinge Receiver Replacement (Double Wall Oven) - Typically Two Technicians","True","250.0000","False","False","False","False","False"
"36086","","","40202","False","False","False","0.0000","0.0000","False","","False","False","False","","False","","False","","","0.0000","0.0000","False","","","GAGGE","CE416-GAGGE","","Door Hinge Receiver Replacement (Pro Range)","True","250.0000","False","False","False","False","False"
"36087","","","40202","False","False","False","0.0000","0.0000","False","","False","False","False","","False","","False","","","0.0000","0.0000","False","","","GAGGE","CE417-GAGGE","","Door Hinge Receiver Replacement (Single Wall Oven)","True","156.2500","False","False","False","False","False"
"36088","","","40202","False","False","False","0.0000","0.0000","False","","False","False","False","","False","","False","","","0.0000","0.0000","False","","","GAGGE","CE418-GAGGE","","Door Hinge Receiver Replacement (Standard Freestanding Range)","True","125.0000","False","False","False","False","False"
"36089","","","40202","False","False","False","0.0000","0.0000","False","","False","False","False","","False","","False","","","0.0000","0.0000","False","","","GAGGE","CE419-GAGGE","","Door Lock/Latch Assembly Replacement","True","125.0000","False","False","False","False","False"
"36090","","","40202","False","False","False","0.0000","0.0000","False","","False","False","False","","False","","False","","","0.0000","0.0000","False","","","GAGGE","CE420-GAGGE","","Door/Window Cleaning Double Oven","True","125.0000","False","False","False","False","False"
"36091","","","40202","False","False","False","0.0000","0.0000","False","","False","False","False","","False","","False","","","0.0000","0.0000","False","","","GAGGE","CE421-GAGGE","","Door/Window Cleaning Single Oven","True","93.7500","False","False","False","False","False"
"36092","","","40202","False","False","False","0.0000","0.0000","False","","False","False","False","","False","","False","","","0.0000","0.0000","False","","","GAGGE","CE422-GAGGE","","Drip Bowl Replacement - Coil Element","True","25.0000","False","False","False","False","False"
"36093","","","40202","False","False","False","0.0000","0.0000","False","","False","False","False","","False","","False","","","0.0000","0.0000","False","","","GAGGE","CE423-GAGGE","","Electronic Control/Module Replacement","True","125.0000","False","False","False","False","False"
"36094","","","40202","False","False","False","0.0000","0.0000","False","","False","False","False","","False","","False","","","0.0000","0.0000","False","","","GAGGE","CE424-GAGGE","","Griddle/Grill Component Replacement","True","62.5000","False","False","False","False","False"
"36095","","","40202","False","False","False","0.0000","0.0000","False","","False","False","False","","False","","False","","","0.0000","0.0000","False","","","GAGGE","CE425-GAGGE","","Grill/Griddle Thermostat Replacement","True","125.0000","False","False","False","False","False"
"36096","","","40202","False","False","False","0.0000","0.0000","False","","False","False","False","","False","","False","","","0.0000","0.0000","False","","","GAGGE","CE426-GAGGE","","Hi-Limit Thermal Cutout Replacement (Front Service)","True","93.7500","False","False","False","False","False"
"36097","","","40202","False","False","False","0.0000","0.0000","False","","False","False","False","","False","","False","","","0.0000","0.0000","False","","","GAGGE","CE427-GAGGE","","Hi-Limit Thermal Cutout Replacement (Rear Service)","True","125.0000","False","False","False","False","False"
"36098","","","40202","False","False","False","0.0000","0.0000","False","","False","False","False","","False","","False","","","0.0000","0.0000","False","","","GAGGE","CE428-GAGGE","","Leveling Legs/Wheel Replacement (Pro Range)","True","125.0000","False","False","False","False","False"
"36099","","","40202","False","False","False","0.0000","0.0000","False","","False","False","False","","False","","False","","","0.0000","0.0000","False","","","GAGGE","CE429-GAGGE","","Leveling Legs/Wheel Replacement (Standard Range)","True","62.5000","False","False","False","False","False"
"36100","","","40202","False","False","False","0.0000","0.0000","False","","False","False","False","","False","","False","","","0.0000","0.0000","False","","","GAGGE","CE430-GAGGE","","Light Bulb Replacement (Front Service)","True","25.0000","False","False","False","False","False"
"36101","","","40202","False","False","False","0.0000","0.0000","False","","False","False","False","","False","","False","","","0.0000","0.0000","False","","","GAGGE","CE431-GAGGE","","Light Bulb Replacement (Rear Service)","True","62.5000","False","False","False","False","False"
"36102","","","40202","False","False","False","0.0000","0.0000","False","","False","False","False","","False","","False","","","0.0000","0.0000","False","","","GAGGE","CE432-GAGGE","","Oven Temp Sensor (Thermistor) Replacement","True","93.7500","False","False","False","False","False"
"36103","","","40202","False","False","False","0.0000","0.0000","False","","False","False","False","","False","","False","","","0.0000","0.0000","False","","","GAGGE","CE433-GAGGE","","Oven Thermostat Replacement","True","250.0000","False","False","False","False","False"
"36104","","","40202","False","False","False","0.0000","0.0000","False","","False","False","False","","False","","False","","","0.0000","0.0000","False","","","GAGGE","CE434-GAGGE","","Power Cord/Electrical Conduit Replacement","True","62.5000","False","False","False","False","False"
"36105","","","40202","False","False","False","0.0000","0.0000","False","","False","False","False","","False","","False","","","0.0000","0.0000","False","","","GAGGE","CE435-GAGGE","","Probe Jack Replacement","True","125.0000","False","False","False","False","False"
"36106","","","40202","False","False","False","0.0000","0.0000","False","","False","False","False","","False","","False","","","0.0000","0.0000","False","","","GAGGE","CE436-GAGGE","","Rack Replacement - Oven","True","18.7500","False","False","False","False","False"
"36107","","","40202","False","False","False","0.0000","0.0000","False","","False","False","False","","False","","False","","","0.0000","0.0000","False","","","GAGGE","CE437-GAGGE","","Surface Element Replacement - Ceran Glass Top","True","187.5000","False","False","False","False","False"
"36108","","","40202","False","False","False","0.0000","0.0000","False","","False","False","False","","False","","False","","","0.0000","0.0000","False","","","GAGGE","CE438-GAGGE","","Surface Element Replacement - Coil Top","True","43.7500","False","False","False","False","False"
"36109","","","40202","False","False","False","0.0000","0.0000","False","","False","False","False","","False","","False","","","0.0000","0.0000","False","","","GAGGE","CE439-GAGGE","","Switch Replacement - Burner/Selector","True","125.0000","False","False","False","False","False"
"36110","","","40202","False","False","False","0.0000","0.0000","False","","False","False","False","","False","","False","","","0.0000","0.0000","False","","","GAGGE","CE440-GAGGE","","Terminal Block Replacement - Electrical Connection","True","62.5000","False","False","False","False","False"
"36111","","","40202","False","False","False","0.0000","0.0000","False","","False","False","False","","False","","False","","","0.0000","0.0000","False","","","GAGGE","CE441-GAGGE","","Transformer Replacement","True","93.7500","False","False","False","False","False"
"36112","","","40202","False","False","False","0.0000","0.0000","False","","False","False","False","","False","","False","","","0.0000","0.0000","False","","","GAGGE","CE600-GAGGE","","Additional Component Replacement","True","62.5000","False","False","False","False","False"
"36113","","","40202","False","False","False","0.0000","0.0000","False","","False","False","False","","False","","False","","","0.0000","0.0000","False","","","GAGGE","CE601-GAGGE","","Address Noise Complaint","True","62.5000","False","False","False","False","False"
"36114","","","40202","False","False","False","0.0000","0.0000","False","","False","False","False","","False","","False","","","0.0000","0.0000","False","","","GAGGE","CE602-GAGGE","","Cabinet Component Repair - Major","True","375.0000","False","False","False","False","False"
"36115","","","40202","False","False","False","0.0000","0.0000","False","","False","False","False","","False","","False","","","0.0000","0.0000","False","","","GAGGE","CE603-GAGGE","","Cabinet Component Repair - Minor","True","125.0000","False","False","False","False","False"
"36116","","","40202","False","False","False","0.0000","0.0000","False","","False","False","False","","False","","False","","","0.0000","0.0000","False","","","GAGGE","CE604-GAGGE","","Component Replacement/Repair - Major","True","375.0000","False","False","False","False","False"
"36117","","","40202","False","False","False","0.0000","0.0000","False","","False","False","False","","False","","False","","","0.0000","0.0000","False","","","GAGGE","CE605-GAGGE","","Component Replacement/Repair - Minor","True","125.0000","False","False","False","False","False"
