"ID","TakenStatus","TakenDate","AverageCost","StandardCost","LastCost","Color","POCode","Reference","PODateStamp","POLineTimeStamp","SpecialOrderDate","TripNo","LandedCost","AutoBackorder","ManufacturersWarranty","ReplacementCost","UserVerified","DateVerified","TimeVerified","OriginalCost","ReserveExclusive","CommissionCode","EDIFormat","BranchCode","sysCreated","sysModified","FeaturesCode","Features","ModelStock","ModelStockAtFinish","ListPriceCode","CostSelected","ListPriceChanged","DateCreated","DateModified","DateStamp","InPackage","InvoiceCode","LineTimeStamp","LocationCode","ModelCode","ModelDesc","NewUsed","QtyOrdered","QtyReserved","QtyShipped","SellingPrice","Spiff","Status","Tax1","Tax1CostList","Tax1Included","Tax1Percentage","Tax2","Tax3","Total","UserCreated","UserModified"
"586623","","","1021.0000","1021.0000","1021.0000","White","","","","","","1","0.0000","False","0","0.0000","","","","0.0000","False","","","Default","2026-09-21 08:46:57","2026-09-21 08:46:57","","","True","True","L1","","False","2026-09-21 00:00:00","1899-12-30 00:00:00","2026-09-21 00:00:00","False","R00015772","08:46:57:730","","TC5003WN","Classic Top Load Agitator Washer, 3.2 Cu. Ft. Capa","New","1","1","0","1499.0000","0.0000","Committed","False","List","False","0.0000","True","False","1499.0000","EHM",""
"586624","Delivery","2026-09-21 00:00:00","1021.0000","1021.0000","1021.0000","White","X139","","2026-05-11 00:00:00","13:46:00:764","","1","0.0000","False","0","0.0000","","","","0.0000","False","","","Default","2026-09-21 08:47:49","2026-09-21 08:47:49","","","True","True","L1","","False","2026-09-21 00:00:00","1899-12-30 00:00:00","2026-09-21 00:00:00","False","R00015772","08:47:49:760","","DC5004WE","7 Cu. Ft. Electric Dryer, Knob Controls, Pet Plus","New","1","1","0","1499.0000","0.0000","Committed","False","List","False","0.0000","True","False","1499.0000","EHM",""
"586638","","","953.0000","953.0000","953.0000","White","X141","","2026-06-15 00:00:00","14:51:06:694","","1","0.0000","False","0","0.0000","","","","0.0000","False","","","Default","2026-09-21 09:26:09","2026-09-21 09:26:09","","","False","False","L1","","False","2026-09-21 00:00:00","","2026-09-21 00:00:00","False","R00015774","09:02:55:815","","TR5006WN","Top Load Washer, 3.2 Cu. Ft. Capacity, Inverter Dr","New","1","0","1","1399.0000","0.0000","Committed","False","List","False","0.0000","True","False","1399.0000","SPR",""
"586639","","","979.1000","953.0000","982.0000","White","37094","","2025-10-30 00:00:00","16:02:21:566","","1","0.0000","False","0","0.0000","","","","0.0000","False","","","Default","2026-09-21 09:26:09","2026-09-21 09:26:09","","","True","True","L1","","False","2026-09-21 00:00:00","","2026-09-21 00:00:00","False","R00015774","09:17:16:994","","DR5004WE","7 Cu. Ft. Electric Dryer, Knob Controls, 9 Cycles,","New","1","0","1","1399.0000","0.0000","Committed","False","List","False","0.0000","True","False","1399.0000","SPR",""
"586646","","","15.5000","22.7500","15.5000","","36794","","2025-09-18 00:00:00","11:55:26:913","","1","0.0000","False","0","0.0000","","","","0.0000","False","","","Default","2026-09-21 09:55:58","2026-09-21 09:55:58","","","False","False","L2","","False","2026-09-21 00:00:00","","2026-09-21 00:00:00","False","R00015776","09:41:55:470","","W11630300","Microwave Hood Combination Bump Out Mounting Kit:","New","1","1","0","39.0000","0.0000","Committed","False","List","False","0.0000","True","False","39.0000","LTC",""
"586648","","","1898.0000","1934.0000","1898.0000","Masterpiece SS","","","","","","1","1822.0000","False","0","0.0000","","","","0.0000","False","","","Default","2026-09-21 10:15:31","2026-09-21 10:15:31","","","False","False","L1","","False","2026-09-21 00:00:00","","2026-09-21 00:00:00","False","R00015777","09:01:49:335","","SGSP365TS","36in. Pedestal Star Burner Gas Cooktop, 5 Burners,","New","1","1","0","2649.0000","0.0000","Committed","False","List","False","0.0000","True","False","2649.0000","EHM",""
"586667","","","630.0000","693.0000","630.0000","Black Steel","","","","","","1","0.0000","False","12","0.0000","","","","0.0000","False","","","Default","2026-09-21 11:39:09","2026-09-21 11:39:09","","","False","False","L1","","True","2026-09-21 00:00:00","","2026-09-21 00:00:00","False","R00015778","09:36:20:454","","WM4000HBA","27in. Smart Front Load Washer, 4.5 Cu. Ft., SenseC","New","-1","-1","0","879.0000","0.0000","Committed","False","List","False","0.0000","True","False","-879.0000","SPR",""
"586668","","","630.0000","706.0000","630.0000","Black Steel","","","","","","1","0.0000","False","12","0.0000","","","","0.0000","False","","","Default","2026-09-21 11:39:09","2026-09-21 11:39:09","","","False","False","L1","","True","2026-09-21 00:00:00","","2026-09-21 00:00:00","False","R00015778","09:36:43:113","","DLEX4000B","27in. Smart Electric Dryer, 7.4 Cu. Ft., 12 Progra","New","-1","-1","0","879.0000","0.0000","Committed","False","List","False","0.0000","True","False","-879.0000","SPR",""
"586669","","","773.3200","843.0000","797.7600","Black Steel","","","","","","1","0.0000","False","0","0.0000","","","","0.0000","False","","","Default","2026-09-21 11:39:09","2026-09-21 11:39:09","","","False","False","RETAIL","","False","2026-09-21 00:00:00","","2026-09-21 00:00:00","False","R00015778","09:38:10:921","","WM6700HBA","27in. Front Load Smart Washer, 5 Cu. Ft., TurboWas","New","1","1","0","1349.0000","0.0000","Committed","False","List","False","0.0000","True","False","1349.0000","SPR",""
"586670","","","700.0000","859.0000","700.0000","Black Steel","","","","","","1","0.0000","False","0","0.0000","","","","0.0000","False","","","Default","2026-09-21 11:39:09","2026-09-21 11:39:09","","","False","False","RETAIL","","False","2026-09-21 00:00:00","","2026-09-21 00:00:00","False","R00015778","09:40:27:671","","DLEX6700B","27in. Smart Electric Dryer, 7.4 Cu. Ft., 23 Cycles","New","1","1","0","1349.0000","0.0000","Committed","False","List","False","0.0000","True","False","1349.0000","SPR",""
"586676","","","409.0000","452.0000","0.0000","White","","","","","","1","0.0000","False","0","0.0000","","","","0.0000","False","","","Default","2026-09-21 13:30:15","2026-09-21 13:30:15","","","False","False","RETAIL","","False","2026-09-21 00:00:00","","2026-09-21 00:00:00","False","R00015779","08:49:23:625","","WT6105CW","27in. Top Load Washer, 4.1 Cu. Ft., 4 Way Agitator","New","1","1","0","569.0000","0.0000","Committed","False","List","False","0.0000","True","False","569.0000","SPR",""
"586677","","","423.0000","452.0000","423.0000","White","","","","","","1","0.0000","False","0","0.0000","","","","0.0000","False","","","Default","2026-09-21 13:30:15","2026-09-21 13:30:15","","","False","False","RETAIL","","False","2026-09-21 00:00:00","","2026-09-21 00:00:00","False","R00015779","08:49:46:558","","DLE6100W","27in. Electric Dryer, 7.3 Cu. Ft., 5 Programs, Sen","New","1","1","0","569.0000","0.0000","Committed","False","List","False","0.0000","True","False","569.0000","SPR",""
"586678","","","2429.2500","3239.0000","3239.0000","Matte White/Brushed Bronze","38609","","2026-06-04 00:00:00","15:46:03:451","","1","2638.0000","False","0","0.0000","","","","3499.0000","False","","","Default","2026-09-21 13:50:42","2026-09-21 13:50:42","","","False","False","RETAIL","","False","2026-09-21 00:00:00","","2026-09-21 00:00:00","False","R00015780","17:27:32:191","","CJE23DP4WW2","36in. Counter-Depth Freestanding 4-Door French Doo","New","1","1","0","4499.0000","0.0000","Committed","False","List","False","0.0000","True","False","4499.0000","LTC",""
"586679","","","764.2200","814.0000","764.2200","Matte White/Brushed Bronze","37953","","2026-03-06 00:00:00","09:54:41:359","","1","0.0000","False","0","0.0000","","","","1084.0000","False","","","Default","2026-09-21 13:50:42","2026-09-21 13:50:42","","","False","False","RETAIL","","False","2026-09-21 00:00:00","","2026-09-21 00:00:00","False","R00015780","17:29:20:624","","CDT858P4VW2","24in. Smart Dishwasher, 6 Wash Cycles, 16 Place Se","New","1","1","0","1149.0000","0.0000","Committed","False","List","False","0.0000","True","False","1149.0000","LTC",""
"586681","","","626.0000","961.0000","626.0000","Stainless Steel","39001","","2026-07-26 00:00:00","23:29:10:141","","1","0.0000","False","0","0.0000","","","","961.0000","False","","","Default","2026-09-21 13:57:36","2026-09-21 13:57:36","","","False","False","RETAIL","","False","2026-09-21 00:00:00","","2026-09-21 00:00:00","False","R00015781","13:24:15:246","","KDTS434SPS","24in. Dishwasher, Top Control, Bar Handle, 44 dBA,","New","1","1","0","949.0000","0.0000","Committed","False","List","False","0.0000","True","False","949.0000","CSH",""
"586687","","","1511.0600","2174.2500","1899.2400","Lotus White","","","","","","1","0.0000","False","0","0.0000","","","","0.0000","False","","","Default","2026-09-21 15:06:46","2026-09-21 15:06:46","","","False","False","L1","","False","2026-09-21 00:00:00","","2026-09-21 00:00:00","False","R00015782","13:53:50:170","","11613700","24in. Frontload Washer, HoneyComb Drum, M Touch Co","New","1","1","0","2899.0000","0.0000","Committed","False","List","False","0.0000","True","False","2899.0000","LTC",""
"586688","","","734.7000","2174.2500","734.7000","Lotus White","","","","","","1","0.0000","False","0","0.0000","","","","0.0000","False","","","Default","2026-09-21 15:06:46","2026-09-21 15:06:46","","","False","False","L1","","False","2026-09-21 00:00:00","","2026-09-21 00:00:00","False","R00015782","13:55:21:635","","11620030","24in. Ventless Heat Pump Dryer, M-Touch Controls,","New","1","1","0","2899.0000","0.0000","Committed","False","List","False","0.0000","True","False","2899.0000","LTC",""
"586689","","","52.4400","59.2500","52.4400","","","","","","","1","0.0000","False","0","0.0000","","","","0.0000","False","","","Default","2026-09-21 15:06:46","2026-09-21 15:06:46","","","False","False","","","False","2026-09-21 00:00:00","","2026-09-21 00:00:00","False","R00015782","13:55:21:839","","10983750","NEMA Adapter for W1/T1 Laundry, Converts a Single","New","1","1","0","79.0000","0.0000","Committed","False","List","False","0.0000","True","False","79.0000","LTC",""
"586690","","","464.4700","440.0400","464.4700","Lotus White","","","","","","1","0.0000","False","0","0.0000","","","","0.0000","False","","","Default","2026-09-21 15:06:46","2026-09-21 15:06:46","","","False","False","L1","","False","2026-09-21 00:00:00","","2026-09-21 00:00:00","False","R00015782","15:58:58:964","","9322300","13-7/8-inch Laundry Pedestal For WWH, TWF, TWI Ser","New","1","1","0","579.0000","0.0000","Committed","False","List","False","0.0000","True","False","579.0000","LTC",""
"586691","","","464.4700","440.0400","464.4700","Lotus White","","","","","","1","0.0000","False","0","0.0000","","","","0.0000","False","","","Default","2026-09-21 15:06:47","2026-09-21 15:06:47","","","False","False","L1","","False","2026-09-21 00:00:00","","2026-09-21 00:00:00","False","R00015782","15:59:11:232","","9322300","13-7/8-inch Laundry Pedestal For WWH, TWF, TWI Ser","New","1","1","0","579.0000","0.0000","Committed","False","List","False","0.0000","True","False","579.0000","LTC",""
"586680","Delivery","2026-09-21 00:00:00","7253.0000","7253.0000","7253.0000","Stainless Steel","","","","","1899-12-30 00:00:00","1","0.0000","False","0","0.0000","","1899-12-30 00:00:00","","9281.0000","False","","","Default","2026-09-21 13:52:09","2026-09-21 13:52:22","","","False","False","L2","","True","2026-09-21 00:00:00","2026-09-21 00:00:00","2026-09-21 00:00:00","False","S00064112","13:52:09:352","","KBSN748SPS","48in. Built-in Side x Side Refrigerator, Platinum","New","1","1","0","9879.0000","0.0000","Committed","False","List","False","0.0000","True","False","9879.0000","EHM","EHM"
"586627","Delivery","2026-09-21 00:00:00","0.0000","2507.0000","0.0000","Stainless Steel","","","","","","1","0.0000","False","0","0.0000","","","","0.0000","False","","","Default","2026-09-21 08:52:57","2026-09-21 08:52:57","","","False","False","RETAIL","","True","2026-09-21 00:00:00","1899-12-30 00:00:00","2026-09-21 00:00:00","False","S00064624","08:52:58:033","","PTS9000SZSS","30in. Smart Convection Oven, Oven Camera, Air Fry,","New","1","1","0","3419.0000","0.0000","Committed","False","List","False","0.0000","True","False","3419.0000","LTC",""
"586633","Delivery","2026-09-21 00:00:00","2452.7600","2840.0000","2453.7600","Stainless Steel","P82","","2026-02-06 00:00:00","16:57:44:523","","1","2492.0000","False","0","0.0000","","","","0.0000","False","","","Default","2026-09-21 09:15:26","2026-09-21 09:15:26","","","False","False","L1","","False","2026-09-21 00:00:00","1899-12-30 00:00:00","2026-09-21 00:00:00","False","S00065014","09:15:26:843","","B36CT80SNS","21 Cu. Ft. Counter Depth French Door Bottom Freeze","New","1","0","1","3999.0000","0.0000","Committed","False","List","False","0.0000","True","False","3999.0000","EHM",""
"586658","","","623.2700","854.0000","634.0600","Black Slate","38080","","2026-03-27 00:00:00","10:31:13:356","","1","0.0000","False","0","0.0000","","","","971.0000","False","","","Default","2026-09-21 10:47:40","2026-09-21 10:47:40","","","False","False","LOWES","","False","2026-09-21 00:00:00","","2026-09-21 00:00:00","False","S00065015","13:27:45:864","","GFW655SPVDS","28in. Front Load Washer, 5 Cu. Ft., UltraFresh Ven","New","1","1","0","949.0000","0.0000","Committed","False","List","False","0.0000","True","False","949.0000","MEP",""
"586659","","","633.2300","854.0000","634.0600","Black Slate","38543","","2026-05-27 00:00:00","21:02:34:054","","1","0.0000","False","0","0.0000","","","","971.0000","False","","","Default","2026-09-21 10:47:40","2026-09-21 10:47:40","","","False","False","RETAIL","","False","2026-09-21 00:00:00","","2026-09-21 00:00:00","False","S00065015","13:28:06:985","","GFD65ESPVDS","28in. Electric Dryer, 7.8 Cu. Ft., Sanitize Cycle,","New","1","1","0","928.0000","0.0000","Committed","False","List","False","0.0000","True","False","928.0000","MEP",""
"586662","","","1012.1600","2249.2500","1012.1600","Stainless Steel","","","","","","1","2024.3300","False","0","0.0000","","","","0.0000","False","","","Default","2026-09-21 11:20:05","2026-09-21 11:20:05","","","False","False","L1","","False","2026-09-21 00:00:00","","2026-09-21 00:00:00","False","S00065016","12:01:12:675","","CAD1-36E","36in. Series 9 Evolution Grill Cart, LP Tank Drawe","New","1","1","0","2999.0000","0.0000","Committed","False","List","False","0.0000","True","False","2999.0000","CSH",""
"586663","","","0.0000","6074.2500","0.0000","Stainless Steel","","","","","","1","5466.8300","False","0","0.0000","","","","0.0000","False","","","Default","2026-09-21 11:20:05","2026-09-21 11:20:06","","","False","False","L1","","False","2026-09-21 00:00:00","","2026-09-21 00:00:00","False","S00065016","12:01:32:822","","BE1-36RC-L","36in. Grill, 1164 Sq. In. Surface Area, 3-25K BTU","New","1","1","0","8099.0000","0.0000","Committed","False","List","False","0.0000","True","False","8099.0000","CSH",""
"586664","","","0.0000","224.2500","0.0000","","","","","","","1","201.8300","False","0","0.0000","","","","0.0000","False","","","Default","2026-09-21 11:20:06","2026-09-21 11:20:06","","","False","False","L1","","False","2026-09-21 00:00:00","","2026-09-21 00:00:00","False","S00065016","09:57:55:702","","ACC-36E","36in. Grill On-Cart Cover for Series 9 Evolution","New","1","1","0","299.0000","0.0000","Committed","False","List","False","0.0000","True","False","299.0000","CSH",""
"586665","","","134.6600","399.0000","261.0000","","","","","","","1","261.0000","False","0","0.0000","","","","0.0000","False","","","Default","2026-09-21 11:20:06","2026-09-21 11:20:06","","","False","False","L1","","False","2026-09-21 00:00:00","","2026-09-21 00:00:00","False","S00065016","10:58:47:634","","CAD1-SK","Side Shelf Kit for CAD Cart","New","2","2","0","399.0000","0.0000","Committed","False","List","False","0.0000","True","False","798.0000","CSH",""
"586673","","","2623.0000","2761.0000","2623.0000","SS Pro","","","","","","1","2264.0000","False","0","0.0000","","","","1958.5800","False","","","Default","2026-09-21 12:26:14","2026-09-21 12:26:14","","","False","False","WOLF-UMRP","","False","2026-09-21 00:00:00","","2026-09-21 00:00:00","False","S00065017","11:58:11:866","","SPO3050PM/S/P","30in. M Series Professional Convection Speed Oven,","New","1","1","0","3540.0000","0.0000","Committed","False","List","False","0.0000","True","False","3540.0000","CSH",""
"586601","","","1089.0000","1089.0000","1089.0000","Matte Black","X139","","2026-05-11 00:00:00","13:47:47:942","","1","0.0000","False","0","0.0000","","","","0.0000","False","","","Default","2026-09-19 10:52:46","2026-09-19 10:52:46","","","False","False","L1","","False","2026-09-19 00:00:00","1899-12-30 00:00:00","2026-09-19 00:00:00","False","R00015769","10:52:46:291","","TR7006BN","Top Load Washer, 3.2 Cu. Ft. Capacity, Inverter Dr","New","1","1","0","1699.0000","0.0000","Committed","False","List","False","0.0000","True","False","1699.0000","SPR",""
"586602","Delivery","2026-09-19 00:00:00","1089.9700","1089.0000","1089.0000","Matte Black","X139","","2026-05-11 00:00:00","13:48:03:112","","1","0.0000","False","0","0.0000","","","","0.0000","False","","","Default","2026-09-19 10:53:15","2026-09-19 10:53:15","","","False","False","L1","","False","2026-09-19 00:00:00","1899-12-30 00:00:00","2026-09-19 00:00:00","False","R00015769","10:53:15:464","","DR7004BE","7 Cu. Ft. Electric Dryer, Pet Plus, Electronic Con","New","1","1","0","1699.0000","0.0000","Committed","False","List","False","0.0000","True","False","1699.0000","SPR",""
"586612","","","1021.0000","1021.0000","1021.0000","White","","","","","","1","0.0000","False","0","0.0000","","","","0.0000","False","","","Default","2026-09-19 12:32:37","2026-09-19 12:32:37","","","False","False","L1","","False","2026-09-19 00:00:00","","2026-09-19 00:00:00","False","R00015770","12:27:44:695","","TR7006WN","Top Load Washer, 3.2 Cu. Ft. Capacity, Inverter Dr","New","1","1","0","1599.0000","0.0000","Committed","False","List","False","0.0000","True","False","1599.0000","SPR",""
"586613","","","1023.0700","1021.0000","1021.0000","White","X141","","2026-06-15 00:00:00","14:50:13:380","","1","0.0000","False","0","0.0000","","","","0.0000","False","","","Default","2026-09-19 12:32:37","2026-09-19 12:32:38","","","False","False","L1","","False","2026-09-19 00:00:00","","2026-09-19 00:00:00","False","R00015770","12:28:07:009","","DR7004WE","7 Cu. Ft. Electric Dryer, Pet Plus, Electronic Con","New","1","1","0","1599.0000","0.0000","Committed","False","List","False","0.0000","True","False","1599.0000","SPR",""
"586614","","","400.0000","400.0000","400.0000","Stainless Steel","38864","","2026-07-10 00:00:00","12:01:23:530","","1","0.0000","False","0","0.0000","","","","750.0000","False","","","Default","2026-09-19 12:58:32","2026-09-19 12:58:32","","","False","False","L1","","False","2026-09-19 00:00:00","1899-12-30 00:00:00","2026-09-19 00:00:00","False","R00015771","12:58:32:840","","KMCS522SPS","1.5 Cu. Ft. Countertop Convection Microwave, Air F","New","1","1","0","556.0000","0.0000","Committed","False","List","False","0.0000","True","False","556.0000","SPR",""
"586615","Delivery","2026-09-19 00:00:00","72.0000","72.0000","72.0000","Stainless Steel","38366","","2026-05-19 00:00:00","13:43:05:973","","1","0.0000","False","0","0.0000","","","","72.0000","False","","","Default","2026-09-19 12:59:17","2026-09-19 12:59:18","","","False","False","L1","","False","2026-09-19 00:00:00","1899-12-30 00:00:00","2026-09-19 00:00:00","False","R00015771","12:59:17:952","","MTK1530PZ","30in. Trim Kit for 1.5 Cu. Ft. Countertop Microwav","New","1","1","0","115.0000","0.0000","Committed","False","List","False","0.0000","True","False","115.0000","SPR",""
"586609","","","11298.0000","12468.0000","11298.0000","SS Pro","","","","","","1","10224.0000","False","0","0.0000","","","","0.0000","False","","","Default","2026-09-19 12:06:12","2026-09-19 12:06:12","","","False","False","SZ-UMRP","","False","2026-09-19 00:00:00","","2026-09-19 00:00:00","False","S00065013","11:48:40:426","","CL4850SID/S/P","48in. Built-in Side x Side Refrigerator, Internal","New","1","1","0","15985.0000","0.0000","Committed","False","List","False","0.0000","True","False","15985.0000","CSH",""
"586573","Delivery","2026-09-18 00:00:00","672.3900","621.1500","672.3900","","39254","","2026-09-02 00:00:00","09:23:21:355","","1","0.0000","False","0","0.0000","","","","0.0000","False","","","Default","2026-09-18 13:48:53","2026-09-21 09:40:15","","","False","False","L1","","True","2026-09-18 00:00:00","1899-12-30 00:00:00","2026-09-18 00:00:00","True","AC00010511","13:48:53:564","","TLINK360A2VVUH","Link System Controller/Smart Thermostat, Includes","New","1","0","1","848.6900","0.0000","Committed","False","List","False","0.0000","False","False","848.6900","CDM",""
"586574","Delivery","2026-09-18 00:00:00","672.3900","621.1500","672.3900","","39254","","2026-09-02 00:00:00","09:23:21:355","1899-12-30 00:00:00","1","0.0000","False","0","0.0000","","1899-12-30 00:00:00","","0.0000","False","","","Default","2026-09-18 13:49:05","2026-09-21 09:40:15","","","False","False","L1","","True","2026-09-18 00:00:00","2026-09-18 00:00:00","2026-09-18 00:00:00","True","AC00010511","13:49:05:989","","TLINK360A2VVUH","Link System Controller/Smart Thermostat, Includes","New","1","0","1","1193.3200","0.0000","Committed","False","List","False","0.0000","False","False","1193.3200","CDM","CDM"
"586557","","","5044.0600","4659.6500","5044.0600","","","","","","","1","0.0000","False","0","0.0000","","","","0.0000","False","","","Default","2026-09-18 13:13:35","2026-09-18 13:13:35","","","False","False","","","False","2026-09-18 00:00:00","","2026-09-18 00:00:00","True","AC00010568","13:24:10:519","","5TTV0X48A1000","4 Ton 20 TruComfort Variable Speed Air Conditioner","New","1","1","0","6223.6300","0.0000","Committed","False","List","False","0.0000","False","False","6223.6300","VWJ",""
"586558","","","2024.9600","1870.6300","2024.9600","","","","","","","1","0.0000","False","0","0.0000","","","","0.0000","False","","","Default","2026-09-18 13:13:35","2026-09-18 13:13:35","","","False","False","","","False","2026-09-18 00:00:00","","2026-09-18 00:00:00","True","AC00010568","13:24:10:520","","S8V2C080M5PCB","80K BTU Two Stage 80 Gas Furnace, Link Communicat","New","1","1","0","2498.5000","0.0000","Committed","False","List","False","0.0000","False","False","2498.5000","VWJ",""
"586559","","","1017.4700","939.9300","0.0000","","","","","","","1","0.0000","False","0","0.0000","","","","0.0000","False","","","Default","2026-09-18 13:13:35","2026-09-18 13:13:35","","","False","False","","","False","2026-09-18 00:00:00","","2026-09-18 00:00:00","True","AC00010568","13:24:10:521","","5TXCC009AS3HC","3-5 Ton Aluminum High Efficiency Coil, Multi-Posit","New","1","1","0","1255.4100","0.0000","Committed","False","List","False","0.0000","False","False","1255.4100","VWJ",""
"586560","","","672.3900","621.1500","672.3900","","","","","","","1","0.0000","False","0","0.0000","","","","0.0000","False","","","Default","2026-09-18 13:13:35","2026-09-18 13:13:35","","","False","False","","","False","2026-09-18 00:00:00","","2026-09-18 00:00:00","True","AC00010568","13:24:10:522","","TLINK360A2VVUI","Link System Controller/Smart Thermostat, Includes","New","1","1","0","829.6400","0.0000","Committed","False","List","False","0.0000","False","False","829.6400","VWJ",""
"586561","","","193.2300","186.5500","197.0200","","","","","","","1","0.0000","False","0","0.0000","","","","0.0000","False","","","Default","2026-09-18 13:13:35","2026-09-18 13:13:35","","","False","False","","","False","2026-09-18 00:00:00","","2026-09-18 00:00:00","True","AC00010568","13:24:10:523","","EQBFM210A1FR11","QuikBox Cabinet with 5in. Pleated Media Filter - 2","New","1","1","0","249.1600","0.0000","Committed","False","List","False","0.0000","False","False","249.1600","VWJ",""
"586562","","","183.0800","176.3000","183.0800","","","","","","","1","0.0000","False","0","0.0000","","","","0.0000","False","","","Default","2026-09-18 13:13:35","2026-09-18 13:13:35","","","False","False","L1","","True","2026-09-18 00:00:00","","2026-09-18 00:00:00","True","AC00010568","13:27:08:924","","ZZON2PNLA200ZA","Trane Link Zone Panel","New","1","1","0","235.4700","0.0000","Committed","False","List","False","0.0000","False","False","235.4700","VWJ",""
"586563","","","265.1900","255.2300","265.1900","","","","","","","1","0.0000","False","0","0.0000","","","","0.0000","False","","","Default","2026-09-18 13:13:35","2026-09-18 13:13:35","","","False","False","","","False","2026-09-18 00:00:00","","2026-09-18 00:00:00","True","AC00010568","13:28:36:590","","ZDAMPRDMA0016A","16in. Round Modulating Damper, 24 VAC, 3-Wire Conn","New","1","1","0","340.9000","0.0000","Committed","False","List","False","0.0000","False","False","340.9000","VWJ",""
"586564","","","56.5900","53.3000","57.7000","","","","","","","1","0.0000","False","0","0.0000","","","","0.0000","False","","","Default","2026-09-18 13:13:35","2026-09-18 13:13:35","","","False","False","","","False","2026-09-18 00:00:00","","2026-09-18 00:00:00","True","AC00010568","13:29:25:383","","ZSENS930AW00MA","Z-Wave Temperature and Humidity Remote Sensor","New","1","1","0","71.1900","0.0000","Committed","False","List","False","0.0000","False","False","71.1900","VWJ",""
"586565","","","265.1900","255.2300","265.1900","","","","","","","1","0.0000","False","0","0.0000","","","","0.0000","False","","","Default","2026-09-18 13:13:35","2026-09-18 13:13:35","","","False","False","L1","","True","2026-09-18 00:00:00","","2026-09-18 00:00:00","True","AC00010568","13:32:23:933","","ZDAMPRDMA0016A","16in. Round Modulating Damper, 24 VAC, 3-Wire Conn","New","1","1","0","340.9000","0.0000","Committed","False","List","False","0.0000","False","False","340.9000","VWJ",""
"586588","Delivery","2026-09-18 00:00:00","1700.0000","2963.0000","1700.0000","Anti-Fingerprint Stainless","38138","","2026-04-02 00:00:00","12:20:09:302","","1","0.0000","False","0","0.0000","","","","2659.0000","False","","","Default","2026-09-18 16:03:25","2026-09-18 16:03:25","","","False","False","L1","","True","2026-09-18 00:00:00","1899-12-30 00:00:00","2026-09-18 00:00:00","False","R00015708","16:03:25:830","","PGS960YPFS","30in. Slide-in Gas Double Oven Range, 2.4 Upper, 4","New","1","1","0","2399.0000","0.0000","Committed","False","List","False","0.0000","True","False","2399.0000","SPR",""
"586592","Delivery","2026-09-18 00:00:00","0.0000","2608.0000","0.0000","Stainless Steel","39380","","2026-09-18 00:00:00","17:46:43:795","","1","0.0000","False","0","0.0000","","","","0.0000","False","","","Default","2026-09-18 17:41:37","2026-09-18 17:46:43","","","False","False","L1","","True","2026-09-18 00:00:00","1899-12-30 00:00:00","2026-09-18 00:00:00","False","R00015760","17:41:37:724","","AK7742CS","42in. Tital Island Hood, 750 CFM PowerWave Blower,","New","1","1","0","3899.0000","0.0000","Committed","False","List","False","0.0000","True","False","3899.0000","AMW",""
"586505","","","1021.0000","1021.0000","1021.0000","White","X141","","2026-08-19 00:00:00","17:44:38:960","","1","0.0000","False","0","0.0000","","","","0.0000","False","","","Default","2026-09-18 08:30:29","2026-09-18 08:30:30","","","True","True","L1","","False","2026-09-18 00:00:00","","2026-09-18 00:00:00","False","R00015762","09:33:32:306","","TC5003WN","Classic Top Load Agitator Washer, 3.2 Cu. Ft. Capa","New","1","1","0","1499.0000","0.0000","Committed","False","List","False","0.0000","True","False","1499.0000","CSH",""
"586515","","","1785.6700","1964.0000","0.0000","Stainless Steel","31807","","2023-11-06 00:00:00","16:11:32:556","","1","0.0000","False","0","0.0000","","1899-12-30 00:00:00","","2175.0000","False","","","Default","2026-09-18 10:44:31","2026-09-18 10:44:31","","","False","False","RETAIL","","False","2026-09-18 00:00:00","","2026-09-18 00:00:00","False","R00015763","10:40:31:193","","KSGB900ESS","30in. 5 Burner Gas Convection Slide-In Range with","New","1","1","0","2599.0000","0.0000","Committed","False","List","False","0.0000","True","False","2599.0000","LTC",""
"586520","","","1852.3300","2663.0000","1875.0000","Stainless Steel","P213","","2026-03-19 00:00:00","10:37:29:858","","1","0.0000","False","0","0.0000","","","","2663.0000","False","","","Default","2026-09-18 11:15:17","2026-09-18 11:15:17","","","False","False","RETAIL","","False","2026-09-18 00:00:00","","2026-09-18 00:00:00","False","R00015764","11:04:48:567","","KRMF436SPS","29 Cu. Ft. French Door Refrigerator, FreshChill Fu","New","1","1","0","2799.0000","0.0000","Committed","False","List","False","0.0000","True","False","2799.0000","SPR",""
"586521","","","6298.5000","8756.0000","7241.0000","SS Pro","28922","","2022-08-13 00:00:00","13:24:30:611","","1","7180.0000","False","0","0.0000","","1899-12-30 00:00:00","","0.0000","False","","","Default","2026-09-18 11:44:24","2026-09-18 11:44:24","","","False","False","L1","","True","2026-09-18 00:00:00","","2026-09-18 00:00:00","False","R00015765","14:18:31:395","04","CL3650F/S/P/L","36in. Built-in All Freezer, Ice Maker, Classic SS,","New","1","1","0","6999.0000","0.0000","Committed","False","List","False","0.0000","True","False","6999.0000","SPR",""
"586522","","","6691.5000","8756.0000","7238.0000","SS Pro","S76","","2024-07-05 00:00:00","15:39:23:633","","1","7180.0000","False","0","0.0000","","","","0.0000","False","","","Default","2026-09-18 11:44:24","2026-09-18 11:44:24","","","False","False","L1","","True","2026-09-18 00:00:00","","2026-09-18 00:00:00","False","R00015765","14:18:52:489","04","CL3650RID/S/P/R","36in. Built-in All Refrigerator, Internal Filtered","New","1","1","0","6999.0000","0.0000","Committed","False","List","False","0.0000","True","False","6999.0000","SPR",""
"586581","Delivery","2026-09-18 00:00:00","1388.0100","1499.2500","0.0000","Panel Ready","39050","","2026-08-03 00:00:00","18:14:00:486","","1","0.0000","False","0","0.0000","","","","0.0000","False","","","Default","2026-09-18 15:17:25","2026-09-18 15:17:25","","","False","False","L1","","False","2026-09-18 00:00:00","1899-12-30 00:00:00","2026-09-18 00:00:00","False","R00015765","15:17:25:026","","12497140","24in. Panel Ready Smart Dishwasher, Water Softener","New","1","1","0","1999.0000","0.0000","Committed","False","List","False","0.0000","True","False","1999.0000","SPR",""
"586579","","","319.3800","543.0000","318.0000","White","PALOOZA S2026","","2026-03-27 00:00:00","12:38:15:819","","1","0.0000","False","0","0.0000","","","","535.0000","False","","","Default","2026-09-18 15:05:23","2026-09-18 15:05:23","","","False","False","RETAIL","","False","2026-09-18 00:00:00","","2026-09-18 00:00:00","False","R00015767","15:00:35:931","","NTW4519JW","27in. Top Load Washer, 3.8 Cu. Ft. Large Capacity,","New","1","1","0","519.0000","0.0000","Committed","False","List","False","0.0000","True","False","519.0000","SPR",""
"586580","","","319.6900","527.0000","318.0000","White","38043","","2026-03-18 00:00:00","16:34:07:275","","1","0.0000","False","0","0.0000","","","","519.0000","False","","","Default","2026-09-18 15:05:23","2026-09-18 15:05:23","","","False","False","RETAIL","","False","2026-09-18 00:00:00","","2026-09-18 00:00:00","False","R00015767","15:00:53:050","","NED4655EW","29in. Electric Dryer, 6.5 Cu. Ft. Capacity, 11 Dry","New","1","1","0","519.0000","0.0000","Committed","False","List","False","0.0000","True","False","519.0000","SPR",""
"586590","","","215.0000","383.0000","215.0000","SS/Black","39242","","2026-09-01 00:00:00","11:52:03:403","","1","0.0000","False","0","0.0000","","","","383.0000","False","","","Default","2026-09-18 16:33:41","2026-09-18 16:33:41","","","False","False","RETAIL","","True","2026-09-18 00:00:00","","2026-09-18 00:00:00","False","R00015768","15:46:51:800","","WMCS7022SZ","1.6 Cu. Ft. Microwave Oven, 1200 Watts, Sensor Coo","New","1","1","0","300.0000","0.0000","Committed","False","List","False","0.0000","True","False","300.0000","SPR",""
"586591","","","75.0000","75.0000","75.0000","Stainless Steel","39325","","2026-09-14 00:00:00","17:00:15:542","","1","0.0000","False","0","0.0000","","","","75.0000","False","","","Default","2026-09-18 16:33:41","2026-09-18 16:33:42","","","False","False","L1","","False","2026-09-18 00:00:00","","2026-09-18 00:00:00","False","R00015768","15:47:08:113","","MTK1630PZ","30in. Trim Kit for 1.6 Cu. Ft. Countertop Microwav","New","1","1","0","119.0000","0.0000","Committed","False","List","False","0.0000","True","False","119.0000","SPR",""
"586593","Delivery","2026-09-18 00:00:00","1334.3300","1287.0000","1344.2000","Stainless Steel","","","","","","1","0.0000","False","0","0.0000","","","","0.0000","False","","","Default","2026-09-18 17:43:15","2026-09-18 17:43:15","","","False","False","RETAIL","","False","2026-09-18 00:00:00","1899-12-30 00:00:00","2026-09-18 00:00:00","False","S00062713","17:43:15:632","","AK9346CS","46 3/8in. Monsoon II Hood Insert, 650 CFM","New","1","1","0","1799.0000","0.0000","Committed","False","List","False","0.0000","True","False","1799.0000","EHM",""
"586599","Delivery","2026-09-18 00:00:00","223.0000","237.0000","221.0000","","","","","","","1","0.0000","False","0","0.0000","","","","0.0000","False","","","Default","2026-09-18 18:00:47","2026-09-18 18:00:47","","","False","False","L1","","False","2026-09-18 00:00:00","1899-12-30 00:00:00","2026-09-18 00:00:00","False","S00062713","18:00:46:992","","PBD-1200B","Dual Internal 1,200 CFM Blower Kit","New","1","1","0","299.0000","0.0000","Committed","False","List","False","0.0000","True","False","299.0000","EHM",""
"586570","Delivery","2026-09-18 00:00:00","2389.7500","3695.0000","1847.5000","Matte Black/Brushed SS","S154","","2026-04-02 00:00:00","11:34:13:345","","1","0.0000","False","0","0.0000","","","","4143.0000","False","","","Default","2026-09-18 13:39:43","2026-09-18 13:39:45","","","False","False","L1","","True","2026-09-18 00:00:00","1899-12-30 00:00:00","2026-09-18 00:00:00","False","S00064471","13:39:43:804","04","CTS90FP3ND1","30in Smart French-Door Single Convection Wall Oven","New","1","1","0","1299.0000","0.0000","Committed","False","List","False","0.0000","True","False","1299.0000","AMW",""
"586600","Delivery","2026-09-18 00:00:00","960.6800","1022.0000","960.6800","Stainless Steel","39382","","2026-09-21 00:00:00","12:03:39:102","","1","0.0000","False","0","0.0000","","","","0.0000","False","","","Default","2026-09-18 22:37:58","2026-09-21 12:03:39","","","False","False","L3","","True","2026-09-18 00:00:00","1899-12-30 00:00:00","2026-09-18 00:00:00","False","S00064908","22:37:58:107","","AK9234CS","34 3/8in. Monsoon I Hood Insert, 600 CFM, 6 Speed","New","1","1","0","1149.0000","0.0000","Committed","False","List","False","0.0000","True","False","1149.0000","AMW",""
"586595","Delivery","2026-09-18 00:00:00","1124.0000","1154.0000","1124.0000","Stainless Steel","29557","","2022-11-23 00:00:00","14:41:08:773","","1","0.0000","False","0","0.0000","","1899-12-30 00:00:00","","1486.0000","False","","","Default","2026-09-18 17:52:03","2026-09-18 17:52:03","","","True","True","L1","","True","2026-09-18 00:00:00","1899-12-30 00:00:00","2026-09-18 00:00:00","False","S00064970","17:52:03:470","04","KCGS956ESS","36in. Gas Cooktop With CookShield Finish, 5 Sealed","New","1","1","0","1199.0000","0.0000","Committed","False","List","False","0.0000","True","False","1199.0000","CSH",""
"586532","Customer Pick-up","2026-09-18 00:00:00","69.9000","80.9800","69.9000","","","","","","","1","0.0000","False","0","0.0000","","","","0.0000","False","","","Default","2026-09-18 12:18:37","2026-09-18 12:18:38","","","False","False","L1","","True","2026-09-18 00:00:00","1899-12-30 00:00:00","2026-09-18 00:00:00","False","S00064999","12:18:37:874","","BAYAIR30AVENTA","Concentric Vent Kit for High Efficiency Gas Furnac","New","1","1","0","0.0000","0.0000","Committed","False","List","False","0.0000","True","False","0.0000","RR",""
"586533","Customer Pick-up","2026-09-18 00:00:00","156.9600","168.1000","156.9600","","","","","","","1","0.0000","False","0","0.0000","","","","0.0000","False","","","Default","2026-09-18 12:19:39","2026-09-18 12:19:39","","","False","False","L1","","True","2026-09-18 00:00:00","1899-12-30 00:00:00","2026-09-18 00:00:00","False","S00064999","12:19:39:793","","BAYEAAC10BK1B","10 KW Electric Heat Strip for Hyperion TAMX and GA","New","1","1","0","0.0000","0.0000","Committed","False","List","False","0.0000","True","False","0.0000","RR",""
"586534","Customer Pick-up","2026-09-18 00:00:00","195.9400","191.6800","202.4300","","","","","","","1","0.0000","False","0","0.0000","","","","0.0000","False","","","Default","2026-09-18 12:22:54","2026-09-18 12:22:54","","","False","False","L1","","True","2026-09-18 00:00:00","1899-12-30 00:00:00","2026-09-18 00:00:00","False","S00064999","12:22:54:287","","BAYHTR1517BRK","17 KW Heat Kit, Breaker Disconnect, For TEM, A4AH4","New","1","1","0","0.0000","0.0000","Committed","False","List","False","0.0000","True","False","0.0000","RR",""
"586535","Customer Pick-up","2026-09-18 00:00:00","196.5000","196.5000","196.5000","","","","","","","1","0.0000","False","0","0.0000","","","","0.0000","False","","","Default","2026-09-18 12:23:37","2026-09-18 12:23:37","","","False","False","L1","","True","2026-09-18 00:00:00","1899-12-30 00:00:00","2026-09-18 00:00:00","False","S00064999","12:23:37:659","","PB270-2","270 CFM Dual Grill Exhaust Kit - 1 FG6 Fan, Mount","New","2","2","0","0.0000","0.0000","Committed","False","List","False","0.0000","True","False","0.0000","RR",""
"586536","Customer Pick-up","2026-09-18 00:00:00","71.0100","69.2800","71.0100","","","","","","","1","0.0000","False","0","0.0000","","","","0.0000","False","","","Default","2026-09-18 12:24:24","2026-09-18 12:24:24","","","False","False","L1","","True","2026-09-18 00:00:00","1899-12-30 00:00:00","2026-09-18 00:00:00","False","S00064999","12:24:24:678","","TCONT103AN21H","XR401 Non-Programmable Thermostat (2 Heat 1 Cool),","New","1","1","0","0.0000","0.0000","Committed","False","List","False","0.0000","True","False","0.0000","RR",""
"586537","Customer Pick-up","2026-09-18 00:00:00","152.0200","150.6800","152.0200","","","","","","","1","0.0000","False","0","0.0000","","","","0.0000","False","","","Default","2026-09-18 12:25:10","2026-09-18 12:25:11","","","False","False","L1","","True","2026-09-18 00:00:00","1899-12-30 00:00:00","2026-09-18 00:00:00","False","S00064999","12:25:10:929","","ZDAMPRDMA0010A","10in. Round Modulating Damper, 24 VAC, 3-Wire Conn","New","1","1","0","0.0000","0.0000","Committed","False","List","False","0.0000","True","False","0.0000","RR",""
"586538","Customer Pick-up","2026-09-18 00:00:00","220.8100","218.3300","220.8100","","","","","","","1","0.0000","False","0","0.0000","","","","0.0000","False","","","Default","2026-09-18 12:25:56","2026-09-18 12:25:56","","","False","False","L1","","True","2026-09-18 00:00:00","1899-12-30 00:00:00","2026-09-18 00:00:00","False","S00064999","12:25:56:602","","ZDAMPRDMA0014A","14in. Round Modulating Damper, 24 VAC, 3-Wire Conn","New","1","1","0","0.0000","0.0000","Committed","False","List","False","0.0000","True","False","0.0000","RR",""
"586539","Customer Pick-up","2026-09-18 00:00:00","158.5000","169.0000","169.0000","","","","","","","1","144.0000","False","0","0.0000","","","","0.0000","False","","","Default","2026-09-18 12:27:18","2026-09-18 12:27:18","","","False","False","L1","","True","2026-09-18 00:00:00","1899-12-30 00:00:00","2026-09-18 00:00:00","False","S00064999","12:27:18:305","","MD6TU","6in. Universal Make-Up Air Damper, Includes Pressu","New","2","2","0","0.0000","0.0000","Committed","False","List","False","0.0000","True","False","0.0000","RR",""
"586541","Customer Pick-up","2026-09-18 00:00:00","60.2300","61.2000","61.2000","","","","","","","1","0.0000","False","0","0.0000","","","","60.0000","False","","","Default","2026-09-18 12:38:38","2026-09-18 12:38:38","","","False","False","L1","","True","2026-09-18 00:00:00","1899-12-30 00:00:00","2026-09-18 00:00:00","False","S00064999","12:38:38:255","","W11517113","Refrigeration: Ice Maker Kit","New","1","1","0","0.0000","0.0000","Committed","False","List","False","0.0000","True","False","0.0000","RR",""
"586504","","","4320.0000","9360.0000","4320.0000","SS/Glass","P231","","2026-09-21 00:00:00","12:52:39:369","","1","0.0000","False","0","0.0000","","","","0.0000","False","","","Default","2026-09-18 08:09:28","2026-09-21 12:52:39","","","False","False","L1","","False","2026-09-18 00:00:00","1899-12-30 00:00:00","2026-09-18 00:00:00","False","S00065008","08:09:28:962","","GS460720","30in. Combi-Steam Oven, NON-plumbed, Right Hinged","New","1","1","0","12999.0000","0.0000","Committed","False","List","False","0.0000","True","False","12999.0000","27",""
"586542","Customer Pick-up","2026-09-18 00:00:00","90.0000","180.0000","90.0000","","P231","","2026-09-21 00:00:00","12:52:44:987","","1","0.0000","False","0","0.0000","","","","0.0000","False","","","Default","2026-09-18 12:40:32","2026-09-21 12:52:45","","","False","False","L1","","False","2026-09-18 00:00:00","1899-12-30 00:00:00","2026-09-18 00:00:00","False","S00065008","12:40:32:764","","GN010330","Combi-Steam Oven Gastronorm Adapter","New","1","1","0","249.0000","0.0000","Committed","False","List","False","0.0000","True","False","249.0000","27",""
"586544","Customer Pick-up","2026-09-18 00:00:00","0.0000","432.0000","0.0000","","P231","","2026-09-21 00:00:00","12:52:51:215","","1","0.0000","False","0","0.0000","","","","0.0000","False","","","Default","2026-09-18 12:42:24","2026-09-21 12:52:51","","","False","False","L1","","False","2026-09-18 00:00:00","1899-12-30 00:00:00","2026-09-18 00:00:00","False","S00065008","12:42:24:631","","GN340231","Cast-Aluminum Roaster For GO/GS Ovens","New","1","1","0","599.0000","0.0000","Committed","False","List","False","0.0000","True","False","599.0000","27",""
"586547","Customer Pick-up","2026-09-18 00:00:00","0.0000","108.0000","0.0000","","P231","","2026-09-21 00:00:00","12:52:56:611","","1","0.0000","False","0","0.0000","","","","0.0000","False","","","Default","2026-09-18 12:50:16","2026-09-21 12:52:56","","","False","False","L1","","False","2026-09-18 00:00:00","1899-12-30 00:00:00","2026-09-18 00:00:00","False","S00065008","12:50:16:969","","BA010050","Core Temperature Probe for GO/GS/GM Ovens","New","1","1","0","149.0000","0.0000","Committed","False","List","False","0.0000","True","False","149.0000","27",""
"586549","Customer Pick-up","2026-09-18 00:00:00","108.0000","108.0000","0.0000","Stainless Steel","P231","","2026-09-21 00:00:00","12:53:03:183","","1","0.0000","False","0","0.0000","","","","0.0000","False","","","Default","2026-09-18 12:52:35","2026-09-21 12:53:03","","","False","False","L1","","False","2026-09-18 00:00:00","1899-12-30 00:00:00","2026-09-18 00:00:00","False","S00065008","12:52:35:751","","GN124130","Perforated Cooking Insert, Half Tray Size, S/S","New","1","1","0","149.0000","0.0000","Committed","False","List","False","0.0000","True","False","149.0000","27",""
"586529","","","1252.7000","1129.0000","1252.7000","","","","","","","1","0.0000","False","0","0.0000","","","","0.0000","False","","","Default","2026-09-18 12:13:31","2026-09-21 09:41:34","","","False","False","L1","","True","2026-09-18 00:00:00","1899-12-30 00:00:00","2026-09-18 00:00:00","False","S00065009","12:13:30:794","","MUZ-HM24NA-U2","24K BTU Split Ductless Outdoor Unit - 410A","New","1","0","1","0.0000","0.0000","Committed","False","List","False","0.0000","True","False","0.0000","27",""
"586531","Customer Pick-up","2026-09-18 00:00:00","610.2600","550.0000","610.2600","","","","","","","1","0.0000","False","0","0.0000","","","","0.0000","False","","","Default","2026-09-18 12:14:48","2026-09-21 09:41:34","","","False","False","L1","","True","2026-09-18 00:00:00","1899-12-30 00:00:00","2026-09-18 00:00:00","False","S00065009","12:14:48:262","","MSZ-HM24NA-U1","24K BTU Split Ductless Indoor Unit - 410A","New","1","0","1","0.0000","0.0000","Committed","False","List","False","0.0000","True","False","0.0000","27",""
"586589","","","0.0000","1597.0000","0.0000","Stainless Steel","39381","","2026-09-18 00:00:00","17:51:56:374","","1","1464.0000","False","0","0.0000","","","","0.0000","False","","","Default","2026-09-18 16:15:13","2026-09-18 17:51:56","","","False","False","L2","","False","2026-09-18 00:00:00","","2026-09-18 00:00:00","False","S00065012","15:11:51:957","","NGMP659UC","36in. Benchmark Series Gas Cooktop, 5 Sealed Gas B","New","1","1","0","2137.0000","0.0000","Committed","False","List","False","0.0000","True","False","2137.0000","RDW",""
"586458","","","1021.0000","1021.0000","1021.0000","White","X141","","2026-08-19 00:00:00","17:44:38:960","","1","0.0000","False","0","0.0000","","","","0.0000","False","","","Default","2026-09-17 10:30:01","2026-09-17 10:30:01","","","True","True","L1","","False","2026-09-17 00:00:00","","2026-09-17 00:00:00","False","R00015752","12:44:06:283","","TC5003WN","Classic Top Load Agitator Washer, 3.2 Cu. Ft. Capa","New","1","1","0","1499.0000","0.0000","Committed","False","List","False","0.0000","True","False","1499.0000","LTC",""
"586459","","","1021.0000","1021.0000","1021.0000","White","X139","","2026-05-11 00:00:00","13:46:00:764","","1","0.0000","False","0","0.0000","","","","0.0000","False","","","Default","2026-09-17 10:30:01","2026-09-17 10:30:01","","","True","True","L1","","False","2026-09-17 00:00:00","","2026-09-17 00:00:00","False","R00015752","12:44:32:402","","DC5004WE","7 Cu. Ft. Electric Dryer, Knob Controls, Pet Plus","New","1","1","0","1499.0000","0.0000","Committed","False","List","False","0.0000","True","False","1499.0000","LTC",""
"586460","","","547.0000","608.0000","547.0000","Stainless Steel","38551","","2026-05-28 00:00:00","15:57:46:513","","1","0.0000","False","0","0.0000","","","","608.0000","False","","","Default","2026-09-17 11:58:33","2026-09-17 11:58:33","","","False","False","RETAIL","","False","2026-09-17 00:00:00","","2026-09-17 00:00:00","False","R00015753","12:21:31:242","","KMCS122SSS","1.6 Cu.Ft. Microwave Oven, 1200 Watt, Sensor Funct","New","1","1","0","729.0000","0.0000","Committed","False","List","False","0.0000","True","False","729.0000","SPR",""
"586461","","","75.0000","75.0000","75.0000","Stainless Steel","39377","","2026-09-18 00:00:00","11:53:51:92","","1","0.0000","False","0","0.0000","","","","75.0000","False","","","Default","2026-09-17 11:58:34","2026-09-18 11:53:52","","","False","False","L1","","False","2026-09-17 00:00:00","","2026-09-17 00:00:00","False","R00015753","12:22:01:610","","MTK1627RS","27in. Trim and Vent Kit for 1.6 Cu. Ft. Countertop","New","1","1","0","119.0000","0.0000","Committed","False","List","False","0.0000","True","False","119.0000","SPR",""
"586464","","","630.0000","693.0000","630.0000","Black Steel","39084","","2026-08-07 00:00:00","09:50:00:646","","1","0.0000","False","12","0.0000","","","","0.0000","False","","","Default","2026-09-17 12:45:55","2026-09-17 12:45:55","","","False","False","RETAIL","","False","2026-09-17 00:00:00","","2026-09-17 00:00:00","False","R00015754","12:19:50:082","","WM4000HBA","27in. Smart Front Load Washer, 4.5 Cu. Ft., SenseC","New","1","1","0","979.0000","0.0000","Committed","False","List","False","0.0000","True","False","979.0000","CSH",""
"586467","","","612.3100","822.0000","620.3400","White on White","39220","","2026-08-31 00:00:00","13:54:59:733","","1","0.0000","False","0","0.0000","","","","899.0000","False","","","Default","2026-09-17 13:08:32","2026-09-17 13:08:33","","","False","False","RETAIL","","False","2026-09-17 00:00:00","","2026-09-17 00:00:00","False","R00015755","13:03:33:980","","GFW655SSVWW","28in. Front Load Washer, 5 Cu. Ft., UltraFresh Ven","New","1","0","1","899.0000","0.0000","Committed","False","List","False","0.0000","True","False","899.0000","CSH",""
"586484","","","185.0000","205.0000","185.0000","Black Steel","33675","","2024-07-24 00:00:00","14:08:18:571","","1","0.0000","False","0","0.0000","","","","0.0000","False","","","Default","2026-09-17 14:05:35","2026-09-17 14:05:35","","","False","False","RETAIL","","False","2026-09-17 00:00:00","1899-12-30 00:00:00","2026-09-17 00:00:00","False","R00015756","14:05:35:140","","WDP5B","29in. Laundry Pedestal, 13.6in. Tall,  Extra Stora","New","2","2","0","299.0000","0.0000","Committed","False","List","False","0.0000","True","False","598.0000","SPR",""
"586485","","","626.0000","961.0000","626.0000","Stainless Steel","39001","","2026-07-26 00:00:00","23:29:10:141","","1","0.0000","False","0","0.0000","","","","961.0000","False","","","Default","2026-09-17 14:06:31","2026-09-17 14:06:31","","","False","False","RETAIL","","True","2026-09-17 00:00:00","1899-12-30 00:00:00","2026-09-17 00:00:00","False","R00015757","14:06:31:090","","KDTS434SPS","24in. Dishwasher, Top Control, Bar Handle, 44 dBA,","New","1","0","1","899.0000","0.0000","Committed","False","List","False","0.0000","True","False","899.0000","CSH",""
"586444","","","2159.0000","2159.0000","2159.0000","Stainless Steel","39378","","2026-09-18 00:00:00","11:58:33:270","","1","0.0000","False","0","0.0000","","","","1835.0000","False","","","Default","2026-09-17 08:24:52","2026-09-18 11:58:34","","","False","False","L1","","False","2026-09-17 00:00:00","","2026-09-17 00:00:00","False","S00065005","15:27:41:513","","JGD3430GS","30in. Gas Downdraft Cooktop With 310 CFM 3 Speed V","New","1","1","0","2999.0000","0.0000","Committed","False","List","False","0.0000","True","False","2999.0000","CSH",""
"586445","","","4275.0000","4967.0000","4275.0000","Rise SS","39378","","2026-09-18 00:00:00","11:58:44:246","","1","0.0000","False","0","0.0000","","","","0.0000","False","","","Default","2026-09-17 08:24:52","2026-09-18 11:58:45","","","False","False","L1","","False","2026-09-17 00:00:00","","2026-09-17 00:00:00","False","S00065005","15:28:17:904","","JOECC530RL","30in. Combination Smart Convection Oven/Microwave,","New","1","1","0","6899.0000","0.0000","Committed","False","List","False","0.0000","True","False","6899.0000","CSH",""
"586446","","","2080.6500","3370.0000","2080.6500","Anti-Fingerprint Stainless","","","","","","1","0.0000","False","0","0.0000","","","","3079.0000","False","","","Default","2026-09-17 08:24:52","2026-09-17 08:24:52","","","False","False","L1","","False","2026-09-17 00:00:00","","2026-09-17 00:00:00","False","S00065005","15:29:01:721","","PJE23BYWFS","23.2 Cu. Ft. Counter Depth Smart French Door Refri","New","1","1","0","2899.0000","0.0000","Committed","False","List","False","0.0000","True","False","2899.0000","CSH",""
"586447","","","933.1200","1111.0000","933.1200","Stainless Steel","P83","","2026-02-06 00:00:00","17:03:59:951","","1","999.0000","False","0","0.0000","","","","0.0000","False","","","Default","2026-09-17 08:24:52","2026-09-17 08:24:52","","","False","False","RETAIL","","False","2026-09-17 00:00:00","","2026-09-17 00:00:00","False","S00065005","15:29:40:682","","SHX78CM5N","24in. 800 Series Dishwasher, Bar Handle, 42 dBA, F","New","1","1","0","1399.0000","0.0000","Committed","False","List","False","0.0000","True","False","1399.0000","CSH",""
"586448","","","160.0000","160.0000","160.0000","Royal Sapphire","39387","","2026-09-18 00:00:00","23:26:02:328","","1","0.0000","False","0","0.0000","","","","183.0000","False","","","Default","2026-09-17 08:24:52","2026-09-18 23:26:03","","","False","False","L1","","False","2026-09-17 00:00:00","","2026-09-17 00:00:00","False","S00065005","12:56:34:710","","GFR0728PNRS","7in. RightHeight Laundry Riser, Compatible with PF","New","1","1","0","240.0000","0.0000","Committed","False","List","False","0.0000","True","False","240.0000","CSH",""
"586449","","","160.0000","160.0000","160.0000","Royal Sapphire","39387","","2026-09-18 00:00:00","23:26:02:329","","1","0.0000","False","0","0.0000","","","","183.0000","False","","","Default","2026-09-17 08:24:53","2026-09-18 23:26:04","","","False","False","L1","","False","2026-09-17 00:00:00","","2026-09-17 00:00:00","False","S00065005","12:56:42:293","","GFR0728PNRS","7in. RightHeight Laundry Riser, Compatible with PF","New","1","1","0","240.0000","0.0000","Committed","False","List","False","0.0000","True","False","240.0000","CSH",""
"586468","Delivery","2026-09-17 00:00:00","672.1100","715.0000","672.1100","Stainless Steel","","","","","","1","0.0000","False","0","0.0000","","","","0.0000","False","","","Default","2026-09-17 13:16:00","","","","False","False","L1","","False","2026-09-17 00:00:00","2026-09-17 00:00:00","2026-09-17 00:00:00","False","S00064706-4","13:14:14:483","","AK8234AS","Tornado II Hood Insert, 34in x 15in, 600-CFM, Dual","New","-1","-1","0","999.0000","0.0000","Committed","False","List","False","0.0000","True","False","-999.0000","SPR","SPR"
"586469","Delivery","2026-09-17 00:00:00","672.1100","715.0000","672.1100","Stainless Steel","39111","","2026-08-11 00:00:00","18:12:40:522","","1","0.0000","False","0","0.0000","","","","0.0000","False","","","Default","2026-09-17 13:16:00","","","","False","False","L1","","False","2026-09-17 00:00:00","2026-09-17 00:00:00","2026-09-17 00:00:00","False","S00064706-4","13:14:25:330","","AK8234AS","Tornado II Hood Insert, 34in x 15in, 600-CFM, Dual","New","1","0","1","999.0000","0.0000","Committed","False","List","False","0.0000","True","False","999.0000","SPR","SPR"
"586497","","","2549.2400","2549.2500","2549.2400","CleanTouch Stainless","","","","","","1","0.0000","False","0","0.0000","","","","0.0000","False","","","Default","2026-09-17 16:29:23","2026-09-17 16:29:23","","","False","False","L1","","False","2026-09-17 00:00:00","","2026-09-17 00:00:00","False","S00065007","16:08:46:780","","11804510","24in. Speed Oven, WiFi Connect, Automatic Programs","New","1","1","0","3399.0000","0.0000","Committed","False","List","False","0.0000","True","False","3399.0000","CSH",""
"586359","Delivery","2026-09-16 00:00:00","5187.0000","8505.0000","5187.0000","Panel Ready","","","","","","1","7290.0000","False","0","0.0000","","","","8850.0000","False","","","Default","2026-09-16 08:30:31","2026-09-16 08:30:31","","","False","False","L2","","False","2026-09-16 00:00:00","1899-12-30 00:00:00","2026-09-16 00:00:00","False","R00015437","08:30:31:456","","ZIP364IPVII","36in. Integrated Panel Ready 4-Door French Door Re","New","1","1","0","9720.0000","0.0000","Committed","False","List","False","0.0000","True","False","9720.0000","SPR",""
"586360","Delivery","2026-09-16 00:00:00","150.0000","187.0000","0.0000","Stainless Steel","","","","","1899-12-30 00:00:00","1","0.0000","False","0","0.0000","","1899-12-30 00:00:00","","150.0000","False","","","Default","2026-09-16 08:31:02","2026-09-16 08:31:11","","","False","False","L2","","False","2026-09-16 00:00:00","2026-09-16 00:00:00","2026-09-16 00:00:00","False","R00015437","08:31:02:392","","ZKW36V","36in. Standard Built-In Trim Kit for Integrated Bo","New","1","1","0","250.0000","0.0000","Committed","False","List","False","0.0000","True","False","250.0000","SPR","SPR"
"586361","Delivery","2026-09-16 00:00:00","1198.7500","1750.0000","1400.0000","Panel Ready","","","","","","1","1500.0000","False","0","0.0000","","","","0.0000","False","","","Default","2026-09-16 08:35:56","2026-09-16 08:35:56","","","False","False","L2","","False","2026-09-16 00:00:00","1899-12-30 00:00:00","2026-09-16 00:00:00","False","R00015437","08:35:56:084","","ZDT900SIYII","24in. Panel Ready Smart Dishwasher, 16 Place Setti","New","1","1","0","2000.0000","0.0000","Committed","False","List","False","0.0000","True","False","2000.0000","SPR",""
"586404","Delivery","2026-09-16 00:00:00","513.0000","513.0000","0.0000","Stainless Steel","","","","","","1","452.0000","False","0","0.0000","","","","0.0000","False","","","Default","2026-09-16 14:17:06","2026-09-21 10:31:29","","","False","False","L1","","True","2026-09-16 00:00:00","1899-12-30 00:00:00","2026-09-16 00:00:00","False","R00015632","14:17:06:929","","HMV5053U","30in. Over-the-Range Microwave Venthood, 1.6 Cu. F","New","1","1","0","699.0000","0.0000","Committed","False","List","False","0.0000","True","False","699.0000","JKO",""
"586405","Delivery","2026-09-16 00:00:00","463.0000","553.0000","463.0000","Stainless Steel","","","","","1899-12-30 00:00:00","1","0.0000","False","0","0.0000","","1899-12-30 00:00:00","","611.0000","False","","","Default","2026-09-16 14:18:13","2026-09-21 10:31:29","","","False","False","RETAIL","","False","2026-09-16 00:00:00","2026-09-16 00:00:00","2026-09-16 00:00:00","False","R00015632","14:18:13:383","","PVM9225SRSS","2.2 Cu. Ft. Over-the-Range Sensor Microwave Oven,","New","1","1","0","598.0000","0.0000","Committed","False","List","False","0.0000","True","False","598.0000","JKO","JKO"
"586415","Delivery","2026-09-16 00:00:00","435.0000","448.0000","435.0000","Stainless Steel","","","","","","1","0.0000","False","0","0.0000","","","","581.0000","False","","","Default","2026-09-16 15:47:38","2026-09-21 10:31:29","","","False","False","RETAIL","","False","2026-09-16 00:00:00","1899-12-30 00:00:00","2026-09-16 00:00:00","False","R00015632","15:47:38:060","","WMMF5930PZ","30in. Over-the-Range Microwave Venthood, 1.1 Cu.Ft","New","1","1","0","549.0000","0.0000","Committed","False","List","False","0.0000","True","False","549.0000","JKO",""
"586370","","1899-12-30 00:00:00","2888.0000","4463.0000","2888.0000","Rise SS","","","","","1899-12-30 00:00:00","1","0.0000","False","0","0.0000","","1899-12-30 00:00:00","","3851.0000","False","","","Default","2026-09-16 10:23:29","2026-09-16 10:23:48","","","False","False","L1","","True","2026-09-16 00:00:00","2026-09-16 00:00:00","2026-09-16 00:00:00","False","R00015743","10:23:29:431","","JJW2830LL","RISE 30in. Smart Double Convection Oven, 5 Cu. Ft.","New","-1","-1","0","5699.0000","0.0000","Committed","False","List","False","0.0000","True","False","-5699.0000","JKO","JKO"
"586371","Delivery","2026-09-16 00:00:00","4463.0000","5039.0000","4463.0000","Rise SS","E164","","2026-09-16 00:00:00","10:25:09:381","","1","0.0000","False","0","0.0000","","","","0.0000","False","","","Default","2026-09-16 10:24:30","2026-09-16 10:25:09","","","False","False","L1","","True","2026-09-16 00:00:00","1899-12-30 00:00:00","2026-09-16 00:00:00","False","R00015743","10:24:30:376","","JOEDC530RL","30in. Double Convection Smart Multi-Mode Convectio","New","1","0","1","5699.0000","0.0000","Committed","False","List","False","0.0000","True","False","5699.0000","JKO",""
"586379","","","1217.0000","1258.0000","1217.0000","White","37530","","2026-01-05 00:00:00","18:38:32:918","","1","0.0000","False","12","0.0000","","","","0.0000","False","","","Default","2026-09-16 10:58:24","2026-09-16 10:58:24","","","True","True","RETAIL","","False","2026-09-16 00:00:00","","2026-09-16 00:00:00","False","R00015744","10:54:16:105","","WKE100HWA","27in. Smart Electric WashTower, 4.5 Cu. Ft. Washer","New","1","1","0","1799.0000","0.0000","Committed","False","List","False","0.0000","True","False","1799.0000","CSH",""
"586394","","","1021.0000","1021.0000","1021.0000","White","X141","","2026-08-19 00:00:00","17:44:38:960","","1","0.0000","False","0","0.0000","","","","0.0000","False","","","Default","2026-09-16 12:42:11","2026-09-16 12:42:11","","","True","True","L1","","False","2026-09-16 00:00:00","","2026-09-16 00:00:00","False","R00015746","12:12:06:984","","TC5003WN","Classic Top Load Agitator Washer, 3.2 Cu. Ft. Capa","New","1","0","1","1499.0000","0.0000","Committed","False","List","False","0.0000","True","False","1499.0000","LTC",""
"586395","","","1021.0000","1021.0000","1021.0000","White","X141","","2026-06-15 00:00:00","14:49:03:904","","1","0.0000","False","0","0.0000","","","","0.0000","False","","","Default","2026-09-16 12:42:11","2026-09-16 12:42:11","","","True","True","L1","","False","2026-09-16 00:00:00","","2026-09-16 00:00:00","False","R00015746","12:12:36:135","","DC5004WE","7 Cu. Ft. Electric Dryer, Knob Controls, Pet Plus","New","1","0","1","1499.0000","0.0000","Committed","False","List","False","0.0000","True","False","1499.0000","LTC",""
"586413","","","1021.0000","1021.0000","1021.0000","White","X141","","2026-08-19 00:00:00","17:44:38:960","","1","0.0000","False","0","0.0000","","","","0.0000","False","","","Default","2026-09-16 15:39:23","2026-09-17 17:08:59","","","True","True","L1","","False","2026-09-16 00:00:00","","2026-09-16 00:00:00","False","R00015748","09:48:26:704","","TC5003WN","Classic Top Load Agitator Washer, 3.2 Cu. Ft. Capa","New","1","0","1","1499.0000","0.0000","Committed","False","List","False","0.0000","True","False","1499.0000","LTC",""
"586414","","","1021.0000","1021.0000","1021.0000","White","X141","","2026-06-15 00:00:00","14:49:03:904","","1","0.0000","False","0","0.0000","","","","0.0000","False","","","Default","2026-09-16 15:39:23","2026-09-16 15:39:23","","","True","True","L1","","False","2026-09-16 00:00:00","","2026-09-16 00:00:00","False","R00015748","15:32:15:658","","DC5004WE","7 Cu. Ft. Electric Dryer, Knob Controls, Pet Plus","New","1","0","1","1499.0000","0.0000","Committed","False","List","False","0.0000","True","False","1499.0000","LTC",""
"586419","","","1154.4800","1311.7500","1154.4800","Stainless Steel","37738","","2026-01-31 00:00:00","12:32:38:556","","1","0.0000","False","0","0.0000","","","","0.0000","False","","","Default","2026-09-16 15:53:41","2026-09-16 15:53:41","","","False","False","L1","","False","2026-09-16 00:00:00","","2026-09-16 00:00:00","False","R00015749","15:52:13:616","","11966820","24in. Dishwasher, 5 Wash Cycles, 44 dBA, Quick Was","New","1","0","1","1749.0000","0.0000","Committed","False","List","False","0.0000","True","False","1749.0000","LTC",""
"586362","","","11599.0000","12769.0000","11599.0000","SS Pro","","","","","","1","10470.0000","False","0","0.0000","","","","0.0000","False","","","Default","2026-09-16 08:40:29","2026-09-16 08:40:30","","","False","False","SZ-UMRP","","False","2026-09-16 00:00:00","","2026-09-16 00:00:00","False","S00064998","08:46:33:083","","CL4850UFD/S/P","48in. Built-in French Door Refrigerator, Bottom Fr","New","1","1","0","16370.0000","0.0000","Committed","False","List","False","0.0000","True","False","16370.0000","CSH",""
"586363","Customer Pick-up","1899-12-30 00:00:00","60.2300","61.2000","61.2000","","","","","","1899-12-30 00:00:00","1","0.0000","False","0","0.0000","","1899-12-30 00:00:00","","60.0000","False","","","Default","2026-09-16 09:26:51","2026-09-16 09:32:57","","","False","False","RETAIL","","True","2026-09-16 00:00:00","2026-09-16 00:00:00","2026-09-16 00:00:00","False","S00064999","09:26:51:864","","W11517113","Refrigeration: Ice Maker Kit","New","8","8","0","0.0000","0.0000","Committed","False","List","False","0.0000","True","False","0.0000","RR","RR"
"586364","Customer Pick-up","2026-09-16 00:00:00","299.2400","332.4900","299.2400","Olive Green","","","","","","1","0.0000","False","0","0.0000","","","","0.0000","False","","","Default","2026-09-16 09:27:24","2026-09-16 09:27:24","","","False","False","L1","","True","2026-09-16 00:00:00","1899-12-30 00:00:00","2026-09-16 00:00:00","False","S00064999","09:27:24:075","","GRPOLUS1632","Roccbox Oven Gas Burning Olive","New","1","1","0","0.0000","0.0000","Committed","False","List","False","0.0000","True","False","0.0000","RR",""
"586365","Customer Pick-up","2026-09-16 00:00:00","60.0000","61.2000","60.0000","","","","","","","1","0.0000","False","0","0.0000","","","","60.0000","False","","","Default","2026-09-16 09:37:58","2026-09-16 09:37:58","","","False","False","L1","","True","2026-09-16 00:00:00","1899-12-30 00:00:00","2026-09-16 00:00:00","False","S00064999","09:37:58:700","","W11510803","Refrigeration: Ice Maker Kit","New","2","2","0","0.0000","0.0000","Committed","False","List","False","0.0000","True","False","0.0000","RR",""
"586366","Customer Pick-up","2026-09-16 00:00:00","0.0100","0.0100","0.0100","Stainless Steel","","","","","","1","0.0000","False","0","0.0000","","","","0.0000","False","","","Default","2026-09-16 09:38:27","2026-09-16 09:38:27","","","False","False","L1","","True","2026-09-16 00:00:00","1899-12-30 00:00:00","2026-09-16 00:00:00","False","S00064999","09:38:27:130","","SCC40GTK3.25","Cabinet Trim Kit For SAC40GLPCD","New","1","1","0","0.0000","0.0000","Committed","False","List","False","0.0000","True","False","0.0000","RR",""
"586367","Customer Pick-up","2026-09-16 00:00:00","0.0100","0.0100","0.0100","Stainless Steel","","","","","","1","0.0100","False","0","0.0000","","","","0.0000","False","","","Default","2026-09-16 09:40:51","2026-09-16 09:40:51","","","False","False","L1","","True","2026-09-16 00:00:00","1899-12-30 00:00:00","2026-09-16 00:00:00","False","S00064999","09:40:51:704","","SCCHGCTK3","Cabinet Trim Kit","New","1","1","0","0.0000","0.0000","Committed","False","List","False","0.0000","True","False","0.0000","RR",""
"586398","Customer Pick-up","2026-09-16 00:00:00","441.0000","719.0000","441.0000","Black","","","","","","1","0.0000","False","0","0.0000","","","","719.0000","False","","","Default","2026-09-16 12:50:37","2026-09-16 12:50:37","","","False","False","L1","","True","2026-09-16 00:00:00","1899-12-30 00:00:00","2026-09-16 00:00:00","False","S00064999","12:50:37:143","","WRT318FZDB","30in. Top Freezer Refrigerator, 18.2 Cu. Ft. Capac","New","1","1","0","0.0000","0.0000","Committed","False","List","False","0.0000","True","False","0.0000","RR",""
"586423","","","770.0000","809.0000","770.0000","Graphite Steel","","","","","","1","0.0000","False","0","0.0000","","","","0.0000","False","","","Default","2026-09-16 16:42:26","2026-09-16 16:42:26","","","False","False","RETAIL","","False","2026-09-16 00:00:00","","2026-09-16 00:00:00","False","S00065003","16:30:11:031","","WM5800HVA","27in. Mega Capacity Smart Front Load Washer, Turbo","New","1","1","0","1049.0000","0.0000","Committed","False","List","False","0.0000","True","False","1049.0000","CSH",""
"586424","","","852.0000","881.0000","852.0000","Graphite Steel","","","","","","1","0.0000","False","0","0.0000","","","","0.0000","False","","","Default","2026-09-16 16:42:26","2026-09-16 16:42:26","","","False","False","RETAIL","","False","2026-09-16 00:00:00","","2026-09-16 00:00:00","False","S00065003","16:30:59:752","","DLGX5801V","27in. Ultra Large Capacity Smart Front Load Gas Dr","New","1","1","0","1149.0000","0.0000","Committed","False","List","False","0.0000","True","False","1149.0000","CSH",""
"586425","","","409.0000","452.0000","0.0000","White","39383","","2026-09-18 00:00:00","22:55:40:865","","1","0.0000","False","0","0.0000","","","","0.0000","False","","","Default","2026-09-16 16:44:55","2026-09-16 16:44:55","","","False","False","L1","","True","2026-09-16 00:00:00","1899-12-30 00:00:00","2026-09-16 00:00:00","False","S00065004","16:44:55:115","","WT6105CW","27in. Top Load Washer, 4.1 Cu. Ft., 4 Way Agitator","New","1","1","0","450.0000","0.0000","Committed","False","List","False","0.0000","True","False","450.0000","JKO",""
"586218","","","790.0000","996.0000","790.0000","Metallic Slate","39342","","2026-09-15 00:00:00","09:46:18:98","","1","0.0000","False","0","0.0000","","","","1139.0000","False","","","Default","2026-09-15 09:16:01","2026-09-15 09:46:18","","","False","False","RETAIL","","False","2026-09-15 00:00:00","","2026-09-15 00:00:00","False","R00015734","09:12:10:461","","MED8630HC","7.4 Cu. Ft. Electric Steam Dryer, 10 Dry Cycles, 5","New","1","1","0","1099.0000","0.0000","Committed","False","List","False","0.0000","True","False","1099.0000","SPR",""
"586219","","","220.0000","220.0000","220.0000","Metallic Slate","39377","","2026-09-18 00:00:00","11:54:18:907","","1","0.0000","False","0","0.0000","","","","269.0000","False","","","Default","2026-09-15 09:16:01","2026-09-18 11:54:19","","","True","True","RETAIL","","False","2026-09-15 00:00:00","","2026-09-15 00:00:00","False","R00015734","09:15:05:065","","XHPC155YC","15.5in. Pedestal for Front Load Washer and Dryer","New","1","1","0","299.0000","0.0000","Committed","False","List","False","0.0000","True","False","299.0000","SPR",""
"586223","","","1813.0000","1813.0000","1813.0000","Panel Ready","38335","","2026-04-30 00:00:00","12:26:13:357","","1","0.0000","False","0","0.0000","","","","2134.0000","False","","","Default","2026-09-15 10:15:46","2026-09-15 10:15:46","","","False","False","L1","","False","2026-09-15 00:00:00","","2026-09-15 00:00:00","False","R00015736","12:42:32:324","","KUIX515SPA","15in. Panel Ready Undercounter Ice Machine, Revers","New","1","1","0","2519.0000","0.0000","Committed","False","List","False","0.0000","True","False","2519.0000","SPR",""
"586224","","","28.2200","33.0000","28.0500","","38751","","2026-06-26 00:00:00","11:23:08:626","","1","0.0000","False","0","0.0000","","","","32.7400","False","","","Default","2026-09-15 10:15:46","2026-09-15 10:15:46","","","False","False","","","False","2026-09-15 00:00:00","","2026-09-15 00:00:00","False","R00015736","12:42:32:602","","F2WC9I1","KitchenAid and Jenn Air Ice Machine Filter","New","1","1","0","48.0000","0.0000","Committed","False","List","False","0.0000","True","False","48.0000","SPR",""
"586246","Delivery","2026-09-15 00:00:00","307.0000","683.0000","307.0000","Stainless Steel","P79","","2026-01-16 00:00:00","13:05:57:335","","1","0.0000","False","0","0.0000","","","","683.0000","False","","","Default","2026-09-15 14:02:39","2026-09-15 14:02:39","","","False","False","L1","","False","2026-09-15 00:00:00","1899-12-30 00:00:00","2026-09-15 00:00:00","False","R00015738","14:02:39:441","","JMC1116AS","Built-in or Countertop Microwave, 1200 Watt Power","New","1","1","0","499.0000","0.0000","Committed","False","List","False","0.0000","True","False","499.0000","LTC",""
"586249","","","1108.8000","1420.0000","1108.8000","Stainless Steel","39312","","2026-09-10 00:00:00","10:18:59:679","","1","1278.0000","False","0","0.0000","","","","0.0000","False","","","Default","2026-09-15 14:34:27","2026-09-15 14:34:27","","","False","False","RETAIL","","False","2026-09-15 00:00:00","1899-12-30 00:00:00","2026-09-15 00:00:00","False","R00015740","14:34:27:880","","SHP9PCM5N","24in. Benchmark Series Dishwasher, Pocket Handle,","New","1","1","0","1799.0000","0.0000","Committed","False","List","False","0.0000","True","False","1799.0000","SPR",""
"586295","","","1792.9000","1813.0000","1813.0000","Stainless Steel","39249","","2026-09-01 00:00:00","15:23:55:706","","1","0.0000","False","0","0.0000","","","","2205.0000","False","","","Default","2026-09-15 15:21:21","2026-09-15 15:21:21","","","False","False","L1","","False","2026-09-15 00:00:00","1899-12-30 00:00:00","2026-09-15 00:00:00","False","R00015741","15:21:21:185","","KUIX515SPS","15in. Undercounter Ice Machine, Reversible Door, B","New","1","1","0","2519.0000","0.0000","Committed","False","List","False","0.0000","True","False","2519.0000","SPR",""
"586296","","1899-12-30 00:00:00","28.2200","33.0000","28.0500","","38929","","2026-07-21 00:00:00","14:59:46:464","1899-12-30 00:00:00","1","0.0000","False","0","0.0000","","1899-12-30 00:00:00","","32.7400","False","","","Default","2026-09-15 15:21:21","2026-09-15 15:22:46","","","False","False","L1","","True","2026-09-15 00:00:00","2026-09-15 00:00:00","2026-09-15 00:00:00","False","R00015741","15:21:21:619","","F2WC9I1","KitchenAid and Jenn Air Ice Machine Filter","New","2","2","0","48.0000","0.0000","Committed","False","List","False","0.0000","True","False","96.0000","SPR","SPR"
"586356","","","503.0000","450.0000","503.0000","Stainless Steel","29581","","2022-11-30 00:00:00","20:46:58:501","","1","0.0000","False","0","0.0000","","","","825.0000","False","","","Default","2026-09-15 16:54:13","2026-09-15 16:54:13","","","True","True","RETAIL","","True","2026-09-15 00:00:00","","2026-09-15 00:00:00","False","R00015742","15:20:11:827","","WCG55US0HS","30in. 4 Burner Gas Cooktop with Griddle, EZ-2-Lift","New","1","1","0","599.0000","0.0000","Committed","False","List","False","0.0000","True","False","599.0000","LTC",""
"586337","Delivery","2026-09-15 00:00:00","0.0000","325.0000","0.0000","Black Stainless","","","","","","1","0.0000","False","0","0.0000","","","","325.0000","False","","","Default","2026-09-15 15:51:29","2026-09-15 15:51:30","","","False","False","L1","","False","2026-09-15 00:00:00","1899-12-30 00:00:00","2026-09-15 00:00:00","False","S00064971","15:51:29:966","","EXTKIT10HV","Wall Hood Chimney Extension Kit for WVW51/WVW75","New","1","1","0","468.0000","0.0000","Committed","False","List","False","0.0000","True","False","468.0000","CSH",""
"586252","","","6912.5000","7761.0000","6364.0000","Panel Ready","","","","","","1","6364.0000","False","0","0.0000","","","","0.0000","False","","","Default","2026-09-15 14:42:38","2026-09-15 14:42:38","","","False","False","SZ-UMRP","","False","2026-09-15 00:00:00","","2026-09-15 00:00:00","False","S00064997","14:25:00:242","","DEC3050FI/L","30in. Integrated Freezer Column, Left Hinged, Wi-F","New","1","1","0","9950.0000","0.0000","Committed","False","List","False","0.0000","True","False","9950.0000","CSH",""
"586253","","","221.3500","234.0000","222.0000","","","","","","","1","234.0000","False","0","0.0000","","","","0.0000","False","","","Default","2026-09-15 14:42:38","2026-09-15 14:42:38","","","False","False","SZ-UMRP","","False","2026-09-15 00:00:00","","2026-09-15 00:00:00","False","S00064997","14:37:16:493","","7023628","Dual Installation Kit For Integrated Column Refrig","New","1","1","0","300.0000","0.0000","Committed","False","List","False","0.0000","True","False","300.0000","CSH",""
"586254","","","6400.0000","8533.0000","7087.0000","Panel Ready","","","","","","1","6997.0000","False","0","0.0000","","","","0.0000","False","","","Default","2026-09-15 14:42:38","2026-09-15 14:42:38","","","False","False","SZ-UMRP","","False","2026-09-15 00:00:00","","2026-09-15 00:00:00","False","S00064997","10:16:46:292","","DEC3650RID/R","36in. Integrated Refrigerator Column, Right Hinged","New","1","1","0","10940.0000","0.0000","Committed","False","List","False","0.0000","True","False","10940.0000","CSH",""
"586255","","","842.0000","842.0000","842.0000","Tubular Handle SS","","","","","","1","842.0000","False","0","0.0000","","","","0.0000","False","","","Default","2026-09-15 14:42:38","2026-09-15 14:42:38","","","False","False","SZ-UMRP","","False","2026-09-15 00:00:00","","2026-09-15 00:00:00","False","S00064997","14:40:17:086","","7025366","36in. Stainless Steel Door Panel With Tubular Hand","New","1","1","0","1080.0000","0.0000","Committed","False","List","False","0.0000","True","False","1080.0000","CSH",""
"586256","","","466.0000","745.0000","466.0000","Tubular Handle SS","","","","","","1","745.0000","False","0","0.0000","","","","0.0000","False","","","Default","2026-09-15 14:42:38","2026-09-15 14:42:38","","","False","False","SZ-UMRP","","False","2026-09-15 00:00:00","","2026-09-15 00:00:00","False","S00064997","14:41:33:156","","7023627","30in. Stainless Steel Door Panel With Tubular Hand","New","1","1","0","955.0000","0.0000","Committed","False","List","False","0.0000","True","False","955.0000","CSH",""
"586203","Delivery","2026-09-14 00:00:00","244.0000","244.0000","244.0000","","","","","","","1","209.0000","False","0","0.0000","","","","0.0000","False","","","Default","2026-09-14 16:39:36","2026-09-15 11:57:15","","","False","False","BESTMAP","","True","2026-09-14 00:00:00","1899-12-30 00:00:00","2026-09-14 00:00:00","True","AC00010565-1","16:39:36:835","","MD10TU","10in. Universal Make-Up Air Damper, Includes Press","New","1","1","0","463.5400","0.0000","Committed","False","List","False","0.0000","False","False","463.5400","CDM",""
"586094","","","2200.7200","3523.0000","0.0000","Anti-Fingerprint Stainless","39051","","2026-08-03 00:00:00","23:42:43:697","","1","0.0000","False","0","0.0000","","","","3219.0000","False","","","Default","2026-09-14 12:18:45","2026-09-14 12:18:46","","","False","False","RETAIL","","False","2026-09-14 00:00:00","1899-12-30 00:00:00","2026-09-14 00:00:00","False","R00015726","12:18:45:927","","PJD23BYWFS","23.3 Cu. Ft. Smart Counter-Depth 4-Door French-Doo","New","1","1","0","3198.0000","0.0000","Committed","False","List","False","0.0000","True","False","3198.0000","CSH",""
"586130","Delivery","2026-09-14 00:00:00","0.0000","1595.0000","0.0000","Black on Black","39387","","2026-09-18 00:00:00","23:25:20:10","","1","0.0000","False","0","0.0000","","","","0.0000","False","","","Default","2026-09-14 12:44:35","2026-09-18 23:25:20","","","False","False","RETAIL","","False","2026-09-14 00:00:00","1899-12-30 00:00:00","2026-09-14 00:00:00","False","R00015727","12:44:35:350","","GSE28NGYBB","27.9 Cu. Ft. Side x Side Refrigerator, Extra Tall","New","1","1","0","1889.0000","0.0000","Committed","False","List","False","0.0000","True","False","1889.0000","EHM",""
"586153","","","626.0000","961.0000","626.0000","Stainless Steel","39001","","2026-07-26 00:00:00","23:29:10:141","","1","0.0000","False","0","0.0000","","","","961.0000","False","","","Default","2026-09-14 14:24:47","2026-09-14 14:24:47","","","False","False","RETAIL","","False","2026-09-14 00:00:00","","2026-09-14 00:00:00","False","R00015728","13:57:51:656","","KDTS434SPS","24in. Dishwasher, Top Control, Bar Handle, 44 dBA,","New","1","1","0","899.0000","0.0000","Committed","False","List","False","0.0000","True","False","899.0000","LTC",""
"586209","","","704.0000","879.0000","704.0000","Stainless Steel","37268","","2025-11-24 00:00:00","13:59:38:332","","1","0.0000","False","0","0.0000","","","","879.0000","False","","","Default","2026-09-14 17:37:57","2026-09-14 17:37:57","","","False","False","RETAIL","","False","2026-09-14 00:00:00","","2026-09-14 00:00:00","False","R00015732","15:50:21:973","","GDT226SSLSS","24in. Dishwasher, Electronic Top Controls, 3 Level","New","1","1","0","848.0000","0.0000","Committed","False","List","False","0.0000","True","False","848.0000","SPR",""
"586083","Delivery","2026-09-14 00:00:00","9393.0000","10280.0000","9393.0000","Panel Required","","","","","","1","8430.0000","False","0","0.0000","","","","0.0000","False","","","Default","2026-09-14 11:38:42","2026-09-14 11:38:43","","","False","False","SZ-UMRP","","False","2026-09-14 00:00:00","1899-12-30 00:00:00","2026-09-14 00:00:00","False","S00064662","11:38:42:861","","CL4250SID/O","42in. Built-in Side x Side Refrigerator, Internal","New","1","1","0","13180.0000","0.0000","Committed","False","List","False","0.0000","True","False","13180.0000","CSH",""
"586084","","","82.0000","82.0000","82.0000","","","","","","","1","82.0000","False","0","0.0000","","","","0.0000","False","","","Default","2026-09-14 11:38:43","2026-09-14 11:38:43","","","False","False","","","False","2026-09-14 00:00:00","1899-12-30 00:00:00","2026-09-14 00:00:00","False","S00064662","11:38:43:545","","9044760","Custom Front Panel Mounting Kit","New","1","1","0","0.0000","0.0000","Committed","False","List","False","0.0000","True","False","0.0000","CSH",""
"586156","Delivery","2026-09-14 00:00:00","0.0000","316.0000","0.0000","","","","","","","1","0.0000","False","0","0.0000","","","","0.0000","False","","","Default","2026-09-14 14:32:50","2026-09-14 14:32:50","","","False","False","L1","","False","2026-09-14 00:00:00","1899-12-30 00:00:00","2026-09-14 00:00:00","False","S00064945","14:32:50:701","","BKFT36APC","Forte Hood Banding Kit 36in","New","1","1","0","405.1300","0.0000","Committed","False","List","False","0.0000","True","False","405.1300","RDW",""
"586157","Delivery","2026-09-14 00:00:00","584.0000","587.0000","584.0000","White","","","","","","1","0.0000","False","0","0.0000","","","","870.0000","False","","","Default","2026-09-14 14:39:45","2026-09-14 14:39:45","","","True","True","L1","","False","2026-09-14 00:00:00","1899-12-30 00:00:00","2026-09-14 00:00:00","False","S00064945","14:39:45:089","","MVW7230HW","5.2 Cu. Ft. Capacity Smart Top Load Washer, Built-","New","1","1","0","798.0000","0.0000","Committed","False","List","False","0.0000","True","False","798.0000","RDW",""
"586158","Delivery","2026-09-14 00:00:00","584.0000","604.0000","584.0000","White","","","","","","1","0.0000","False","0","0.0000","","","","870.0000","False","","","Default","2026-09-14 14:40:33","2026-09-14 14:40:33","","","True","True","L2","","True","2026-09-14 00:00:00","1899-12-30 00:00:00","2026-09-14 00:00:00","False","S00064945","14:40:33:115","","MED7230HW","7.4 Cu. Ft. Electric Dryer, Steam Cycles, Hamper D","New","1","1","0","798.0000","0.0000","Committed","False","List","False","0.0000","True","False","798.0000","RDW",""
"586160","Delivery","2026-09-14 00:00:00","0.0000","710.0000","0.0000","Black","","","","","","1","0.0000","False","0","0.0000","","","","0.0000","False","","","Default","2026-09-14 15:02:57","2026-09-14 15:02:58","","","False","False","L2","","False","2026-09-14 00:00:00","1899-12-30 00:00:00","2026-09-14 00:00:00","False","S00064971","15:02:57:899","","WRTX3314TB","14.3 Cu. Ft. Top Freezer Refrigerator, Flexi-slide","New","1","1","0","911.0000","0.0000","Committed","False","List","False","0.0000","True","False","911.0000","CSH",""
"586161","Delivery","2026-09-14 00:00:00","65.2500","65.2500","65.2500","","","","","","","1","0.0000","False","0","0.0000","","","","0.0000","False","","","Default","2026-09-14 15:03:46","2026-09-14 15:03:46","","","False","False","L1","","False","2026-09-14 00:00:00","1899-12-30 00:00:00","2026-09-14 00:00:00","False","S00064971","15:03:46:556","","W11729596","Ice Maker Kit 5 Pin Connector - Ice Bin - Inlet Va","New","1","1","0","106.0000","0.0000","Committed","False","List","False","0.0000","True","False","106.0000","CSH",""
"586091","","","472.0000","485.0000","472.0000","Monochrome Grey","39340","","2026-09-14 00:00:00","16:48:39:659","","1","0.0000","False","0","0.0000","","","","0.0000","False","","","Default","2026-09-14 12:06:27","2026-09-14 16:48:39","","","False","False","L1","","True","2026-09-14 00:00:00","1899-12-30 00:00:00","2026-09-14 00:00:00","False","S00062784-1","12:06:27:879","","WT6105CM","27in. Top Load Washer, 4.1 Cu. Ft., 4 Way Agitator","New","1","1","0","634.0000","0.0000","Committed","False","List","False","0.0000","True","False","634.0000","MEP",""
"586092","Delivery","2026-09-14 00:00:00","472.0000","485.0000","472.0000","Monochrome Grey","39340","","2026-09-14 00:00:00","16:48:51:839","","1","0.0000","False","0","0.0000","","","","0.0000","False","","","Default","2026-09-14 12:06:50","2026-09-14 16:48:51","","","False","False","L1","","True","2026-09-14 00:00:00","1899-12-30 00:00:00","2026-09-14 00:00:00","False","S00062784-1","12:06:50:371","","DLE6100M","27in. Electric Dryer, 7.3 Cu. Ft., 5 Programs, Sen","New","1","1","0","634.0000","0.0000","Committed","False","List","False","0.0000","True","False","634.0000","MEP",""
"586093","Delivery","2026-09-14 00:00:00","925.0000","1451.0000","925.0000","Stainless Steel","39280","","2026-09-08 00:00:00","12:29:03:567","","1","0.0000","False","0","0.0000","","","","1424.0000","False","","","Default","2026-09-14 12:10:27","2026-09-14 12:10:32","","","False","False","L1","","True","2026-09-14 00:00:00","1899-12-30 00:00:00","2026-09-14 00:00:00","False","S00062784-1","12:10:26:742","","WRS325SDHZ","24.6 Cu. Ft. Side x Side Refrigerator, Exterior Ic","New","1","1","0","1467.0000","0.0000","Committed","False","List","False","0.0000","True","False","1467.0000","MEP",""
"586095","","","7308.7500","8167.0000","7759.0000","Panel Ready","","","","","","1","6697.0000","False","0","0.0000","","","","0.0000","False","","","Default","2026-09-14 12:22:01","2026-09-14 12:56:11","","","False","False","","","False","2026-09-14 00:00:00","","2026-09-14 00:00:00","False","S00064990","16:38:33:500","","DEC3650R/R","36in. Integrated Refrigerator Column, Right Hinged","New","1","1","0","10470.0000","0.0000","Committed","False","List","False","0.0000","True","False","10470.0000","RDW",""
"586096","","","221.3900","234.0000","222.0000","","","","","","","1","234.0000","False","0","0.0000","","","","0.0000","False","","","Default","2026-09-14 12:22:01","2026-09-14 12:56:11","","","False","False","","","False","2026-09-14 00:00:00","","2026-09-14 00:00:00","False","S00064990","16:39:14:465","","7023628","Dual Installation Kit For Integrated Column Refrig","New","1","1","0","300.0000","0.0000","Committed","False","List","False","0.0000","True","False","300.0000","RDW",""
"586097","","","222.0000","234.0000","222.0000","","","","","","","1","234.0000","False","0","0.0000","","","","0.0000","False","","","Default","2026-09-14 12:22:01","2026-09-14 12:56:11","","","False","False","","","False","2026-09-14 00:00:00","","2026-09-14 00:00:00","False","S00064990","16:39:55:891","","7029829","Dual Installation Kit For Integrated Refrigeration","New","1","1","0","300.0000","0.0000","Committed","False","List","False","0.0000","True","False","300.0000","RDW",""
"586098","","","1915.0000","1995.0000","1995.0000","Panel Ready","","","","","","1","1995.0000","False","0","0.0000","","","","0.0000","False","","","Default","2026-09-14 12:22:01","2026-09-14 12:56:11","","","False","False","","","False","2026-09-14 00:00:00","","2026-09-14 00:00:00","False","S00064990","16:44:57:489","","DW2451","24in. Panel Ready Dishwasher, Upper Silverware Rac","New","1","1","0","2850.0000","0.0000","Committed","False","List","False","0.0000","True","False","2850.0000","RDW",""
"586099","","","1915.0000","1995.0000","1995.0000","Panel Ready","","","","","","1","1995.0000","False","0","0.0000","","","","0.0000","False","","","Default","2026-09-14 12:22:01","2026-09-14 12:56:11","","","False","False","","","False","2026-09-14 00:00:00","","2026-09-14 00:00:00","False","S00064990","16:54:34:455","","DW2451","24in. Panel Ready Dishwasher, Upper Silverware Rac","New","1","1","0","2850.0000","0.0000","Committed","False","List","False","0.0000","True","False","2850.0000","RDW",""
"586100","","","2022.0000","2500.0000","2150.0000","Panel Ready","","","","","","1","2050.0000","False","0","0.0000","","","","0.0000","False","","","Default","2026-09-14 12:22:02","2026-09-14 12:56:11","","","False","False","","","False","2026-09-14 00:00:00","","2026-09-14 00:00:00","False","S00064990","16:55:32:025","","DEU2450R/R","24in. Undercounter Refrigerator, Panel Ready, 5.4","New","1","1","0","3205.0000","0.0000","Committed","False","List","False","0.0000","True","False","3205.0000","RDW",""
"586101","","","944.0000","1369.0000","1301.0000","Stainless Steel","","","","","","1","1122.0000","False","0","0.0000","","","","1079.5200","False","","","Default","2026-09-14 12:22:02","2026-09-14 12:56:11","","","False","False","","","False","2026-09-14 00:00:00","","2026-09-14 00:00:00","False","S00064990","11:58:29:894","","PL582212","60in. Pro Hood Liner, Infinite-Speed Control, Auto","New","1","1","0","1755.0000","0.0000","Committed","False","List","False","0.0000","True","False","1755.0000","RDW",""
"586102","","","14974.0000","17839.0000","15341.0000","SS Pro","","","","","","1","14628.0000","False","0","0.0000","","","","13509.6000","False","","","Default","2026-09-14 12:22:02","2026-09-14 12:56:11","","","False","False","","","False","2026-09-14 00:00:00","","2026-09-14 00:00:00","False","S00064990","12:01:53:416","","DF60650DG/S/P","60in. Dual Fuel Pro Range, (2) 5.1 Cu. Ft. Ovens,","New","1","1","0","22870.0000","0.0000","Committed","False","List","False","0.0000","True","False","22870.0000","RDW",""
"586103","","","4269.5000","4369.0000","4170.0000","Panel Ready","","","","","","1","4170.0000","False","0","0.0000","","","","0.0000","False","","","Default","2026-09-14 12:22:02","2026-09-14 12:56:11","","","False","False","","","False","2026-09-14 00:00:00","","2026-09-14 00:00:00","False","S00064990","11:20:07:324","","SRNP110A-1SU","15in. Brilliance Under-Counter Panel Ready Nugget","New","1","1","0","5749.0000","0.0000","Committed","False","List","False","0.0000","True","False","5749.0000","RDW",""
"586104","","","852.5000","874.0000","874.0000","","","","","","","1","874.0000","False","0","0.0000","","","","788.0000","False","","","Default","2026-09-14 12:22:02","2026-09-14 12:56:11","","","False","False","WOLF-UMRP","","False","2026-09-14 00:00:00","","2026-09-14 00:00:00","False","S00064990","13:30:58:026","","814423","1200 CFM Internal Blower Assembly for Pro Hoods","New","1","1","0","1120.0000","0.0000","Committed","False","List","False","0.0000","True","False","1120.0000","RDW",""
"586105","","","0.0100","0.0000","0.0100","Black","","","","","","1","0.0100","False","0","0.0000","","","","0.0000","False","","","Default","2026-09-14 12:22:02","2026-09-14 12:56:11","","","False","False","L1","","True","2026-09-14 00:00:00","","2026-09-14 00:00:00","False","S00064990","13:32:15:923","","828441","Black Knobs for 48in. And 60in. Dual Fuel Range (N","New","1","1","0","0.0000","0.0000","Committed","False","List","False","0.0000","True","False","0.0000","RDW",""
"586106","","","105.0000","113.0000","105.0000","Brass","","","","","","1","113.0000","False","0","0.0000","","","","98.0000","False","","","Default","2026-09-14 12:22:02","2026-09-14 12:56:11","","","False","False","WOLF-UMRP","","False","2026-09-14 00:00:00","","2026-09-14 00:00:00","False","S00064990","13:32:45:456","","9056787","48in. and 60in. Brushed Brass Bezel Kit","New","1","1","0","145.0000","0.0000","Committed","False","List","False","0.0000","True","False","145.0000","RDW",""
"586107","","","6912.5000","7761.0000","6364.0000","Panel Ready","","","","","","1","6364.0000","False","0","0.0000","","","","0.0000","False","","","Default","2026-09-14 12:22:02","2026-09-14 12:56:11","","","False","False","SZ-UMRP","","False","2026-09-14 00:00:00","","2026-09-14 00:00:00","False","S00064990","13:33:53:435","","DEC3050FI/L","30in. Integrated Freezer Column, Left Hinged, Wi-F","New","1","1","0","9950.0000","0.0000","Committed","False","List","False","0.0000","True","False","9950.0000","RDW",""
"586108","","","3679.0000","6092.0000","3679.0000","Panel Ready","","","","","","1","4995.0000","False","0","0.0000","","","","0.0000","False","","","Default","2026-09-14 12:22:03","2026-09-14 12:56:11","","","False","False","SZ-UMRP","","False","2026-09-14 00:00:00","","2026-09-14 00:00:00","False","S00064990","13:46:16:716","","DEC1850W/L","18in. Integrated Wine Column, Left Hinged, Wi-Fi,","New","1","1","0","7810.0000","0.0000","Committed","False","List","False","0.0000","True","False","7810.0000","RDW",""
"586109","","","1499.0000","1606.0000","1499.0000","Black Steel","","","","","","1","0.0000","False","12","0.0000","","","","0.0000","False","","","Default","2026-09-14 12:22:03","2026-09-14 12:56:12","","","True","True","L2","","False","2026-09-14 00:00:00","","2026-09-14 00:00:00","False","S00064990","13:52:04:916","","WKEX300HBA","27in. Smart Electric WashTower, 5.0 Cu. Ft. Washer","New","1","1","0","1960.0000","0.0000","Committed","False","List","False","0.0000","True","False","1960.0000","RDW",""
"586110","","","778.2100","843.0000","797.7600","Black Steel","","","","","","1","0.0000","False","0","0.0000","","","","0.0000","False","","","Default","2026-09-14 12:22:03","2026-09-14 12:56:11","","","False","False","L2","","False","2026-09-14 00:00:00","","2026-09-14 00:00:00","False","S00064990","13:53:35:465","","WM6700HBA","27in. Front Load Smart Washer, 5 Cu. Ft., TurboWas","New","1","1","0","1155.0000","0.0000","Committed","False","List","False","0.0000","True","False","1155.0000","RDW",""
"586111","","","700.0000","859.0000","700.0000","Black Steel","","","","","","1","0.0000","False","0","0.0000","","","","0.0000","False","","","Default","2026-09-14 12:22:03","2026-09-14 12:56:11","","","False","False","L2","","False","2026-09-14 00:00:00","","2026-09-14 00:00:00","False","S00064990","13:54:07:600","","DLEX6700B","27in. Smart Electric Dryer, 7.4 Cu. Ft., 23 Cycles","New","1","1","0","1177.0000","0.0000","Committed","False","List","False","0.0000","True","False","1177.0000","RDW",""
"586112","","","166.0000","178.0000","166.0000","Black Steel","","","","","","1","0.0000","False","12","0.0000","","","","0.0000","False","","","Default","2026-09-14 12:22:03","2026-09-14 12:56:11","","","False","False","L1","","False","2026-09-14 00:00:00","","2026-09-14 00:00:00","False","S00064990","13:54:51:440","","WDP6B","27in. Laundry Pedestal, 13.6in. Tall,  Extra Stora","New","2","2","0","379.0000","0.0000","Committed","False","List","False","0.0000","True","False","758.0000","RDW",""
"586120","","","1234.0000","1329.0000","1234.0000","White","","","","","","1","0.0000","False","12","0.0000","","","","0.0000","False","","","Default","2026-09-14 12:22:04","2026-09-14 12:56:12","","","True","True","L2","","False","2026-09-14 00:00:00","","2026-09-14 00:00:00","False","S00064990","08:05:12:240","","WKEX200HWA","27in. Smart Electric WashTower, 4.5 Cu. Ft. Washer","New","1","1","0","1622.0000","0.0000","Committed","False","List","False","0.0000","True","False","1622.0000","RDW",""
"586121","","","94.0000","66.0000","94.0000","Brass","","","","","","1","66.0000","False","0","0.0000","","","","59.0000","False","","","Default","2026-09-14 12:33:28","2026-09-14 12:33:31","","","False","False","RETAIL","","True","2026-09-14 00:00:00","1899-12-30 00:00:00","2026-09-14 00:00:00","False","S00064991","12:33:28:820","","804378","Brass Bezel Kit for 36in. Dual Fuel Sealed Gas Ran","New","1","1","0","120.0000","0.0000","Committed","False","List","False","0.0000","True","False","120.0000","MAM",""
"586126","Delivery","2026-09-14 00:00:00","0.0100","0.0000","0.0100","Stainless Steel","","","","","","1","0.0100","False","0","0.0000","","","","0.0000","False","","","Default","2026-09-14 12:39:43","2026-09-14 12:39:44","","","False","False","L1","","False","2026-09-14 00:00:00","1899-12-30 00:00:00","2026-09-14 00:00:00","False","S00064991","12:39:43:131","","822195","Stainless Steel Control Knob Kit For 36in. (GR36)","New","1","1","0","0.0000","0.0000","Committed","False","List","False","0.0000","True","False","0.0000","MAM",""
"586125","","","0.0000","1975.0000","0.0000","Stainless Steel","39350","","2026-09-15 00:00:00","09:55:46:914","","1","1885.0000","False","0","0.0000","","","","0.0000","False","","","Default","2026-09-14 12:38:22","2026-09-15 09:55:46","","","False","False","SCOTMAP","","False","2026-09-14 00:00:00","","2026-09-14 00:00:00","False","S00064992","11:10:25:734","","DRCG033A-1SS","15in. Under-Counter Ice Machine with Gravity Drain","New","1","1","0","2599.0000","0.0000","Committed","False","List","False","0.0000","True","False","2599.0000","EHM",""
"586113","","","0.0000","3237.0000","0.0000","Stainless Steel","","","","","","1","0.0000","False","0","0.0000","","","","0.0000","False","","","Default","2026-09-14 12:56:10","","","","False","False","","","False","2026-09-14 00:00:00","2026-09-14 00:00:00","2026-09-14 00:00:00","True","S00064990-1","14:15:07:918","","KSO-5-S-2-SS","Basin Portion of IWS-5-S-2 in Angel Finish 316L St","New","1","1","0","4316.0000","0.0000","Committed","False","List","False","0.0000","False","False","4316.0000","RDW","RDW"
"586114","","","0.0000","1485.0000","0.0000","American Black Walnut","","","","","","1","0.0000","False","0","0.0000","","","","0.0000","False","","","Default","2026-09-14 12:56:10","","","","False","False","","","False","2026-09-14 00:00:00","2026-09-14 00:00:00","2026-09-14 00:00:00","True","S00064990-1","14:15:07:919","","CKT-17-WA","Large Culinary Kit including Eight Tools in Americ","New","1","1","0","1980.0000","0.0000","Committed","False","List","False","0.0000","False","False","1980.0000","RDW","RDW"
"586115","","","0.0000","2367.0000","0.0000","PVD Burnished Bronze","","","","","","1","0.0000","False","0","0.0000","","","","0.0000","False","","","Default","2026-09-14 12:56:10","","","","False","False","L1","","True","2026-09-14 00:00:00","2026-09-14 00:00:00","2026-09-14 00:00:00","False","S00064990-1","14:17:02:097","","IWTF-D-ZSS-HF","Ideal Tap High Flow in PVD Burnished Bronze Stainl","New","1","1","0","3156.0000","0.0000","Committed","False","List","False","0.0000","True","False","3156.0000","RDW","RDW"
"586116","","","0.0000","2367.0000","0.0000","PVD Burnished Bronze","","","","","","1","0.0000","False","0","0.0000","","","","0.0000","False","","","Default","2026-09-14 12:56:10","","","","False","False","L1","","True","2026-09-14 00:00:00","2026-09-14 00:00:00","2026-09-14 00:00:00","False","S00064990-1","14:17:09:545","","IWTF-D-ZSS-HF","Ideal Tap High Flow in PVD Burnished Bronze Stainl","New","1","1","0","3156.0000","0.0000","Committed","False","List","False","0.0000","True","False","3156.0000","RDW","RDW"
"586117","","","0.0000","1905.0000","0.0000","PVD Burnished Bronze","","","","","","1","0.0000","False","0","0.0000","","","","0.0000","False","","","Default","2026-09-14 12:56:10","","","","False","False","L1","","False","2026-09-14 00:00:00","2026-09-14 00:00:00","2026-09-14 00:00:00","False","S00064990-1","12:24:12:113","","IHT-D-ZSS","Ideal Hot and Cold Tap in PVD Burnished Bronze Sta","New","1","1","0","2540.0000","0.0000","Committed","False","List","False","0.0000","True","False","2540.0000","RDW","RDW"
"586118","","","0.0000","396.0000","0.0000","PVD Burnished Bronze","","","","","","1","0.0000","False","0","0.0000","","","","0.0000","False","","","Default","2026-09-14 12:56:10","","","","False","False","L1","","False","2026-09-14 00:00:00","2026-09-14 00:00:00","2026-09-14 00:00:00","False","S00064990-1","12:24:57:222","","IDS-1-ZSS","Ideal Deck Switch in PVD Burnished Bronze Stainles","New","1","1","0","528.0000","0.0000","Committed","False","List","False","0.0000","True","False","528.0000","RDW","RDW"
"586119","","","0.0000","168.7500","0.0000","American Black Walnut","","","","","","1","0.0000","False","0","0.0000","","","","0.0000","False","","","Default","2026-09-14 12:56:10","","","","False","False","L1","","False","2026-09-14 00:00:00","2026-09-14 00:00:00","2026-09-14 00:00:00","False","S00064990-1","12:26:01:311","","KB-03-C-WA","Countertop Recessed Magnetic Knife Block in Americ","New","1","1","0","225.0000","0.0000","Committed","False","List","False","0.0000","True","False","225.0000","RDW","RDW"
"586172","","","2376.0000","5112.0000","2376.0000","Stainless Steel","","","","","","1","0.0000","False","0","0.0000","","","","0.0000","False","","","Default","2026-09-14 15:48:52","2026-09-14 15:48:52","","","False","False","L1","","True","2026-09-14 00:00:00","","2026-09-14 00:00:00","False","S00064994","13:19:45:383","","VG491211CA","36in. Vario Natural Gas Cooktop, Front Controls, 5","New","1","1","0","3550.0000","0.0000","Committed","False","List","False","0.0000","True","False","3550.0000","SAD",""
"586173","","","2988.0000","3168.0000","3096.0000","Stainless Steel","","","","","","1","0.0000","False","0","0.0000","","","","0.0000","False","","","Default","2026-09-14 15:48:52","2026-09-14 15:48:52","","","False","False","","","False","2026-09-14 00:00:00","","2026-09-14 00:00:00","False","S00064994","13:22:04:435","","VP414611","15in. Vario Teppanyaki Grill, 2-1500 Watt Cooking","New","1","1","0","2150.0000","0.0000","Committed","False","List","False","0.0000","True","False","2150.0000","SAD",""
"586174","","","1332.0000","2952.0000","1332.0000","Black Glass/SS","","","","","","1","0.0000","False","0","0.0000","","","","0.0000","False","","","Default","2026-09-14 15:48:52","2026-09-14 15:48:52","","","False","False","","","False","2026-09-14 00:00:00","","2026-09-14 00:00:00","False","S00064994","13:22:49:507","","VI422613","15in. Vario Smart Induction Cooktop, 2 Flex Induct","New","1","1","0","2000.0000","0.0000","Committed","False","List","False","0.0000","True","False","2000.0000","SAD",""
"586175","","","4320.0000","9360.0000","4320.0000","SS/Glass","","","","","","1","0.0000","False","0","0.0000","","","","0.0000","False","","","Default","2026-09-14 15:48:52","2026-09-14 15:48:52","","","False","False","","","False","2026-09-14 00:00:00","","2026-09-14 00:00:00","False","S00064994","13:23:50:450","","GO481721","30in. Expressive Series Convection Oven, Left Hing","New","1","1","0","6000.0000","0.0000","Committed","False","List","False","0.0000","True","False","6000.0000","SAD",""
"586176","","","0.0000","2736.0000","0.0000","Panel","","","","","","1","0.0000","False","0","0.0000","","","","0.0000","False","","","Default","2026-09-14 15:48:52","2026-09-14 15:48:52","","","False","False","","","False","2026-09-14 00:00:00","","2026-09-14 00:00:00","False","S00064994","18:54:18:842","","GW083790","30in. Panel Ready Built-in Warming Drawer, 10 Plac","New","1","1","0","1750.0000","0.0000","Committed","False","List","False","0.0000","True","False","1750.0000","SAD",""
"586177","","","0.0000","12240.0000","0.0000","Panel Ready","","","","","","1","0.0000","False","0","0.0000","","","","0.0000","False","","","Default","2026-09-14 15:48:52","2026-09-14 15:48:52","","","False","False","L1","","True","2026-09-14 00:00:00","","2026-09-14 00:00:00","False","S00064994","18:57:48:286","","RVC497790","36in. Expressive Series Panel Ready Refrigeration","New","1","1","0","8500.0000","0.0000","Committed","False","List","False","0.0000","True","False","8500.0000","SAD",""
"586178","","","0.0000","12240.0000","0.0000","Panel Ready","","","","","","1","0.0000","False","0","0.0000","","","","0.0000","False","","","Default","2026-09-14 15:48:52","2026-09-14 15:48:52","","","False","False","","","False","2026-09-14 00:00:00","","2026-09-14 00:00:00","False","S00064994","18:58:37:821","","RVF497790","36in Expressive Series Panel Ready Freezer Column,","New","1","1","0","8500.0000","0.0000","Committed","False","List","False","0.0000","True","False","8500.0000","SAD",""
"586179","","","0.0000","5760.0000","0.0000","SS/Glass","","","","","","1","0.0000","False","0","0.0000","","","","0.0000","False","","","Default","2026-09-14 15:48:52","2026-09-14 15:48:53","","","False","False","","","False","2026-09-14 00:00:00","","2026-09-14 00:00:00","False","S00064994","19:00:33:145","","GC461720","24in. Built-In Smart Fully Automatic Coffee/Espres","New","1","1","0","3850.0000","0.0000","Committed","False","List","False","0.0000","True","False","3850.0000","SAD",""
"586180","","","0.0000","10080.0000","0.0000","SS/Glass","","","","","","1","0.0000","False","0","0.0000","","","","0.0000","False","","","Default","2026-09-14 15:48:53","2026-09-14 15:48:53","","","False","False","","","False","2026-09-14 00:00:00","","2026-09-14 00:00:00","False","S00064994","19:03:08:337","","GS481720","30in. Combi-Steam Oven, PLUMBED, Left Hinged Handl","New","1","1","0","6500.0000","0.0000","Committed","False","List","False","0.0000","True","False","6500.0000","SAD",""
"586181","","","122.0000","129.0000","122.0000","","","","","","","1","0.0000","False","0","0.0000","","","","0.0000","False","","","Default","2026-09-14 15:48:53","2026-09-14 15:48:53","","","False","False","","","False","2026-09-14 00:00:00","","2026-09-14 00:00:00","False","S00064994","19:48:34:965","","VA420010","Short Connection Strip For Surface Mount Install W","New","2","2","0","169.0000","0.0000","Committed","False","List","False","0.0000","True","False","338.0000","SAD",""
"586182","","","1799.0000","1871.0000","1799.0000","Panel Required","","","","","","1","0.0000","False","0","0.0000","","","","0.0000","False","","","Default","2026-09-14 15:48:53","2026-09-14 15:48:53","","","False","False","","","False","2026-09-14 00:00:00","","2026-09-14 00:00:00","False","S00064994","20:09:13:274","","JDAF5924RX","24in. Panel Ready Dishwasher, 3rd Level Rack, 14 P","New","1","1","0","1300.0000","0.0000","Committed","False","List","False","0.0000","True","False","1300.0000","SAD",""
"586183","","","1799.0000","1871.0000","1799.0000","Panel Required","","","","","","1","0.0000","False","0","0.0000","","","","0.0000","False","","","Default","2026-09-14 15:48:53","2026-09-14 15:48:53","","","False","False","L1","","True","2026-09-14 00:00:00","","2026-09-14 00:00:00","False","S00064994","23:09:48:745","","JDAF5924RX","24in. Panel Ready Dishwasher, 3rd Level Rack, 14 P","New","1","1","0","1300.0000","0.0000","Committed","False","List","False","0.0000","True","False","1300.0000","SAD",""
"586184","","","0.0000","2807.0000","0.0000","Noir SS","","","","","","1","0.0000","False","0","0.0000","","","","0.0000","False","","","Default","2026-09-14 15:48:53","2026-09-14 15:48:53","","","False","False","L1","","True","2026-09-14 00:00:00","","2026-09-14 00:00:00","False","S00064994","23:13:15:792","","JFFCCI72SM","NOIR 36in. Counter-Depth French Door Refrigerator,","New","1","1","0","1950.0000","0.0000","Committed","False","List","False","0.0000","True","False","1950.0000","SAD",""
"586185","","","0.0000","1223.0000","0.0000","Noir SS","","","","","","1","0.0000","False","0","0.0000","","","","0.0000","False","","","Default","2026-09-14 15:48:53","2026-09-14 15:48:53","","","False","False","L1","","True","2026-09-14 00:00:00","","2026-09-14 00:00:00","False","S00064994","23:16:39:915","","JOETC330SM","30in. Built-In Smart Microwave Oven, 900 Watts, 1.","New","1","1","0","850.0000","0.0000","Committed","False","List","False","0.0000","True","False","850.0000","SAD",""
"586186","","","0.0000","6839.0000","0.0000","Panel Required","","","","","","1","0.0000","False","0","0.0000","","","","0.0000","False","","","Default","2026-09-14 15:48:53","2026-09-14 15:48:53","","","False","False","L2","","True","2026-09-14 00:00:00","","2026-09-14 00:00:00","False","S00064994","23:18:55:930","","JBWFNR24RX","24in. Panel Ready Dual Zone Column Wine Cooler, Ri","New","1","1","0","4800.0000","0.0000","Committed","False","List","False","0.0000","True","False","4800.0000","SAD",""
"586187","","","5687.0000","6839.0000","5687.0000","Panel Required","","","","","","1","0.0000","False","0","0.0000","","","","0.0000","False","","","Default","2026-09-14 15:48:53","2026-09-14 15:48:53","","","False","False","L1","","True","2026-09-14 00:00:00","","2026-09-14 00:00:00","False","S00064994","23:22:33:784","","JBWFNL24RX","24in. Panel Ready Dual Zone Column Wine Cooler, Le","New","1","1","0","4800.0000","0.0000","Committed","False","List","False","0.0000","True","False","4800.0000","SAD",""
"586188","","","2087.0000","2447.0000","2087.0000","Panel Required","","","","","","1","0.0000","False","0","0.0000","","","","0.0000","False","","","Default","2026-09-14 15:48:53","2026-09-14 15:48:53","","","False","False","L1","","True","2026-09-14 00:00:00","","2026-09-14 00:00:00","False","S00064994","23:27:14:046","","JUBFL242HX","24in. Undercounter Beverage Center With Glass Door","New","1","1","0","1700.0000","0.0000","Committed","False","List","False","0.0000","True","False","1700.0000","SAD",""
"586189","","","1749.0000","2447.0000","0.0000","Panel Required","","","","","","1","0.0000","False","0","0.0000","","","","1943.0000","False","","","Default","2026-09-14 15:48:53","2026-09-14 15:48:53","","","False","False","L1","","True","2026-09-14 00:00:00","","2026-09-14 00:00:00","False","S00064994","23:28:22:186","","JUBFR242HX","24in. Undercounter Beverage Center With Glass Door","New","1","1","0","1700.0000","0.0000","Committed","False","List","False","0.0000","True","False","1700.0000","SAD",""
"586190","","","559.6500","1119.3000","559.6500","Panel Ready","","","","","","1","973.7900","False","0","0.0000","","","","0.0000","False","","","Default","2026-09-14 15:48:53","2026-09-14 15:48:53","","","False","False","L1","","True","2026-09-14 00:00:00","","2026-09-14 00:00:00","False","S00064994","23:37:21:256","","DD24STX6I1","24in. Single Panel Ready DishDrawer, 7 Place Setti","New","1","1","0","1100.0000","0.0000","Committed","False","List","False","0.0000","True","False","1100.0000","SAD",""
"586191","","","2117.1300","2879.0000","2555.0000","Panel Required","","","","","","1","0.0000","False","0","0.0000","","","","2447.0000","False","","","Default","2026-09-14 15:48:54","2026-09-14 15:48:54","","","False","False","L1","","True","2026-09-14 00:00:00","","2026-09-14 00:00:00","False","S00064994","23:39:59:622","","JUIFX15HX","15in. Undercounter Ice Machine With Pump, Articula","New","1","1","0","2000.0000","0.0000","Committed","False","List","False","0.0000","True","False","2000.0000","SAD",""
"586192","","","2087.0000","2447.0000","2087.0000","Panel Required","","","","","","1","0.0000","False","0","0.0000","","","","0.0000","False","","","Default","2026-09-14 15:48:54","2026-09-14 15:48:54","","","False","False","L1","","True","2026-09-14 00:00:00","","2026-09-14 00:00:00","False","S00064994","23:44:15:810","","JUBFL242HX","24in. Undercounter Beverage Center With Glass Door","New","1","1","0","1700.0000","0.0000","Committed","False","List","False","0.0000","True","False","1700.0000","SAD",""
"586193","","","0.0100","2007.0000","0.0100","Stainless Steel","","","","","","1","1892.0000","False","0","0.0000","","","","0.0000","False","","","Default","2026-09-14 15:48:54","2026-09-14 15:48:54","","","False","False","L1","","True","2026-09-14 00:00:00","","2026-09-14 00:00:00","False","S00064994","17:24:53:817","","VCIN60GWS","60in. Professional Custom Insert, Home Connect, Di","New","1","1","0","1374.5000","0.0000","Committed","False","List","False","0.0000","True","False","1374.5000","SAD",""
"586194","","","701.0000","766.0000","701.0000","","","","","","","1","701.0000","False","0","0.0000","","","","0.0000","False","","","Default","2026-09-14 15:48:54","2026-09-14 15:48:54","","","False","False","L1","","True","2026-09-14 00:00:00","","2026-09-14 00:00:00","False","S00064994","17:29:28:470","","VTI2FZ","1000 CFM Inline Blower, 10in. Duct Size (to be ins","New","1","1","0","629.4000","0.0000","Committed","False","List","False","0.0000","True","False","629.4000","SAD",""
"586029","","","1421.0000","1874.0000","1421.0000","Stainless Steel","39325","","2026-09-14 00:00:00","13:24:01:752","","1","0.0000","False","0","0.0000","","","","1799.0000","False","","","Default","2026-09-12 10:09:38","2026-09-14 13:24:01","","","False","False","RETAIL","","False","2026-09-12 00:00:00","1899-12-30 00:00:00","2026-09-12 00:00:00","False","R00015717","10:09:38:558","","WRFF5333PZ","33in. French Door Refrigerator, 22 Cu. Ft., LED In","New","1","1","0","1799.0000","0.0000","Committed","False","List","False","0.0000","True","False","1799.0000","CSH",""
"586053","","","236.0000","281.0000","236.0000","Stainless Steel","39346","","2026-09-15 00:00:00","09:44:14:751","","1","0.0000","False","0","0.0000","","","","369.0000","False","","","Default","2026-09-12 12:23:30","2026-09-15 09:44:14","","","False","False","RETAIL","","False","2026-09-12 00:00:00","","2026-09-12 00:00:00","False","R00015719","12:21:28:333","","JVM6175SKSS","30in. Over-The-Range Microwave, 1.7 Cu. Ft. Capaci","New","1","1","0","260.0000","0.0000","Committed","False","List","False","0.0000","True","False","260.0000","EHM",""
"586062","","","1850.0000","1850.0000","1850.0000","Stainless Steel","38774","","2026-06-30 00:00:00","12:02:03:052","","1","0.0000","False","0","0.0000","","","","2274.0000","False","","","Default","2026-09-12 13:31:44","2026-09-12 13:31:44","","","False","False","L1","","False","2026-09-12 00:00:00","","2026-09-12 00:00:00","False","R00015721","13:29:36:699","","KUID518SPS","18in. Undercounter Ice Machine, Drop Door, Built-I","New","1","0","1","2570.0000","0.0000","Committed","False","List","False","0.0000","True","False","2570.0000","EHM",""
"586064","","","1022.8200","1021.0000","1021.0000","White","X139","","2026-05-11 00:00:00","13:47:29:802","","1","0.0000","False","0","0.0000","","","","0.0000","False","","","Default","2026-09-12 14:35:15","2026-09-12 14:35:15","","","False","False","L1","","False","2026-09-12 00:00:00","1899-12-30 00:00:00","2026-09-12 00:00:00","False","R00015723","14:35:15:159","","DR7004WE","7 Cu. Ft. Electric Dryer, Pet Plus, Electronic Con","New","1","1","0","1599.0000","0.0000","Committed","False","List","False","0.0000","True","False","1599.0000","CSH",""
"586030","","","1208.8400","1286.0000","0.0000","Stainless Steel","39382","","2026-09-18 00:00:00","22:43:57:392","","1","0.0000","False","0","0.0000","","","","0.0000","False","","","Default","2026-09-12 10:51:21","2026-09-18 22:43:58","","","False","False","L1","","False","2026-09-12 00:00:00","1899-12-30 00:00:00","2026-09-12 00:00:00","False","S00064987","10:51:21:509","","PRB24C01AS-OD","24in. Outdoor Rated Single Zone Beverage Refrigera","New","1","1","0","1749.0000","0.0000","Committed","False","List","False","0.0000","True","False","1749.0000","CSH",""
"585824","","","327.1600","434.0000","332.7100","Stainless Steel","39346","","2026-09-15 00:00:00","09:44:07:612","","1","0.0000","False","0","0.0000","","","","518.0000","False","","","Default","2026-09-11 08:45:34","2026-09-15 09:44:07","","","False","False","LOWES","","False","2026-09-11 00:00:00","","2026-09-11 00:00:00","False","R00015708","16:09:04:774","","PVM9005SJSS","2.1 Cu. Ft. Over-the-Range Microwave Oven, 1050 Wa","New","1","1","0","429.0000","0.0000","Committed","False","List","False","0.0000","True","False","429.0000","EHM",""
"585826","","","1237.7400","1957.0000","1237.7400","Anti-Fingerprint Stainless","P55","","2025-03-31 00:00:00","16:20:01:555","","1","0.0000","False","0","0.0000","","","","2319.0000","False","","","Default","2026-09-11 09:06:24","2026-09-18 08:40:58","","","True","True","RETAIL","","False","2026-09-11 00:00:00","","2026-09-11 00:00:00","False","R00015709","09:05:45:638","","GFE26JYMFS","25.6 Cu. Ft. French Door Refrigerator, Filtered Ic","New","1","1","0","1899.0000","0.0000","Committed","False","List","False","0.0000","True","False","1899.0000","LTC",""
"585951","","","10950.0000","10950.0000","10950.0000","Masterpiece SS","","","","","","1","10512.0000","False","0","0.0000","","","","0.0000","False","","","Default","2026-09-11 13:34:34","2026-09-14 14:38:30","","","False","False","L1","","False","2026-09-11 00:00:00","","2026-09-11 00:00:00","False","R00015712","10:09:59:204","","T42BT110NS","42in. Masterpiece Series Built-in French Door Refr","New","1","1","0","14999.0000","0.0000","Committed","False","List","False","0.0000","True","False","14999.0000","CBS",""
"585979","","","1367.0000","1372.0000","1367.0000","Stainless/Brushed Stainless","31018","","2023-07-17 00:00:00","15:00:02:209","","1","0.0000","False","0","0.0000","","","","1793.0000","False","","","Default","2026-09-11 14:15:49","2026-09-11 14:15:49","","","False","False","L1","","True","2026-09-11 00:00:00","","2026-09-11 00:00:00","False","R00015714","13:04:56:464","","CGP70362NS1","36in. 5 Burner Gas Cooktop, 18K Power Burner, 1-12","New","1","1","0","1699.0000","0.0000","Committed","False","List","False","0.0000","True","False","1699.0000","SPR",""
"585828","","","2149.5000","2222.0000","2222.0000","Stainless Steel","39342","","2026-09-14 00:00:00","17:33:24:502","","1","0.0000","False","0","0.0000","","","","3749.0000","False","","","Default","2026-09-11 09:17:37","2026-09-14 17:33:24","","","False","False","","","False","2026-09-11 00:00:00","","2026-09-11 00:00:00","False","S00064978","11:07:54:631","","KOEC730SPS","30in. Smart Combination Lower 5 Cu. Ft. Convection","New","1","1","0","2885.0000","0.0000","Committed","False","List","False","0.0000","True","False","2885.0000","EHM",""
"585829","","1899-12-30 00:00:00","887.3000","1075.0000","902.4000","Stainless Steel","","","","","1899-12-30 00:00:00","1","967.0000","False","0","0.0000","","1899-12-30 00:00:00","","0.0000","False","","","Default","2026-09-11 09:17:38","2026-09-11 09:24:18","","","False","False","RETAIL","","False","2026-09-11 00:00:00","2026-09-11 00:00:00","2026-09-11 00:00:00","False","S00064978","14:54:26:755","","SHP78CM5N","24in. 800 Series Dishwasher, Pocket Handle, 42 dBA","New","1","1","0","1349.0000","0.0000","Committed","False","List","False","0.0000","True","False","1349.0000","EHM","EHM"
"585830","","","1325.4000","1410.0000","1325.4000","Stainless Steel","","","","","","1","0.0000","False","0","0.0000","","","","0.0000","False","","","Default","2026-09-11 09:17:38","2026-09-11 09:17:38","","","False","False","L1","","True","2026-09-11 00:00:00","","2026-09-11 00:00:00","False","S00064978","14:58:31:610","","ZSP-E48DS","48in. Sienna Pro Wall Mount Hood, 1200 CFM, 5-Spee","New","1","1","0","1999.0000","0.0000","Committed","False","List","False","0.0000","True","False","1999.0000","EHM",""
"585831","","","11085.0000","12890.0000","11085.0000","SS Pro","","","","","","1","10569.0000","False","0","0.0000","","","","9760.1400","False","","","Default","2026-09-11 09:17:38","2026-09-11 09:17:38","","","False","False","WOLF-UMRP","","False","2026-09-11 00:00:00","","2026-09-11 00:00:00","False","S00064978","15:28:52:102","","DF48850/S/P/LP","48in. Dual Fuel Pro Range, 5.1 and 2.7 Cu. Ft. Ove","New","1","1","0","16525.0000","0.0000","Committed","False","List","False","0.0000","True","False","16525.0000","EHM",""
"585832","","","11961.0000","13131.0000","11961.0000","SS Pro","","","","","","1","10768.0000","False","0","0.0000","","","","0.0000","False","","","Default","2026-09-11 09:17:38","2026-09-11 09:17:38","","","False","False","SZ-UMRP","","False","2026-09-11 00:00:00","","2026-09-11 00:00:00","False","S00064978","16:24:20:510","","CL4850UFDID/S/P","48in. Built-in French Door Refrigerator, Bottom Fr","New","1","1","0","16835.0000","0.0000","Committed","False","List","False","0.0000","True","False","16835.0000","EHM",""
"585833","","","105.0000","113.0000","105.0000","Brass","","","","","","1","113.0000","False","0","0.0000","","","","98.0000","False","","","Default","2026-09-11 09:17:38","2026-09-11 09:17:38","","","False","False","WOLF-UMRP","","False","2026-09-11 00:00:00","","2026-09-11 00:00:00","False","S00064978","16:37:58:352","","9056787","48in. and 60in. Brushed Brass Bezel Kit","New","1","1","0","145.0000","0.0000","Committed","False","List","False","0.0000","True","False","145.0000","EHM",""
"585847","","","4269.5000","4369.0000","4170.0000","Panel Ready","","","","","","1","4170.0000","False","0","0.0000","","","","0.0000","False","","","Default","2026-09-11 09:46:52","2026-09-11 09:46:52","","","False","False","L1","","False","2026-09-11 00:00:00","","2026-09-11 00:00:00","False","S00064979","08:38:44:145","","SRNP110A-1SU","15in. Brilliance Under-Counter Panel Ready Nugget","New","-1","-1","0","5749.0000","0.0000","Committed","False","List","False","0.0000","True","False","-5749.0000","EHM",""
"585849","Delivery","2026-09-11 00:00:00","4368.0000","4680.0000","3744.0000","Panel Ready","38683","","2026-06-16 00:00:00","16:48:54:924","","1","3838.0000","False","0","0.0000","","","","0.0000","False","","","Default","2026-09-11 09:48:18","2026-09-11 22:03:10","","","False","False","SZ-UMRP","","False","2026-09-11 00:00:00","1899-12-30 00:00:00","2026-09-11 00:00:00","False","S00064979","09:48:18:517","","DEU1550IP/R","15in. Panel Ready Undercounter Indoor/Outdoor Clea","New","1","1","0","6000.0000","0.0000","Committed","False","List","False","0.0000","True","False","6000.0000","EHM",""
"585860","Delivery","2026-09-11 00:00:00","1234.0000","1329.0000","1234.0000","White","39079","","2026-08-06 00:00:00","14:54:49:567","1899-12-30 00:00:00","1","0.0000","False","12","0.0000","","1899-12-30 00:00:00","","0.0000","False","","","Default","2026-09-11 10:27:29","2026-09-11 10:27:37","","","True","True","RETAIL","","False","2026-09-11 00:00:00","2026-09-11 00:00:00","2026-09-11 00:00:00","False","S00064980","10:27:29:062","","WKEX200HWA","27in. Smart Electric WashTower, 4.5 Cu. Ft. Washer","New","1","1","0","1999.0000","0.0000","Committed","False","List","False","0.0000","True","False","1999.0000","RDW","RDW"
"585867","","","541.0000","566.0000","541.0000","Stainless Steel","","","","","","1","0.0000","False","0","0.0000","","","","743.0000","False","","","Default","2026-09-11 11:19:55","2026-09-11 11:19:56","","","False","False","RETAIL","","False","2026-09-11 00:00:00","","2026-09-11 00:00:00","False","S00064981","09:08:15:724","","GRF400SVSS","30in. Electric Range, 4 Elements, Steam Clean, Sto","New","1","1","0","648.0000","0.0000","Committed","False","List","False","0.0000","True","False","648.0000","MAM",""
"585868","","","170.0000","188.0000","170.0000","Stainless Steel","","","","","","1","0.0000","False","0","0.0000","","","","315.0000","False","","","Default","2026-09-11 11:19:57","2026-09-11 11:19:58","","","False","False","RETAIL","","True","2026-09-11 00:00:00","","2026-09-11 00:00:00","False","S00064981","09:08:51:604","","JVM3160RFSS","1.6 Cu. Ft. Over-the-Range Microwave Oven, 300 CFM","New","1","1","0","225.0000","0.0000","Committed","False","List","False","0.0000","True","False","225.0000","MAM",""
"585869","","","337.0000","354.0000","337.0000","Stainless Steel","39346","","2026-09-15 00:00:00","09:44:50:303","","1","0.0000","False","0","0.0000","","","","535.0000","False","","","Default","2026-09-11 11:19:59","2026-09-15 09:44:50","","","False","False","RETAIL","","False","2026-09-11 00:00:00","","2026-09-11 00:00:00","False","S00064981","09:09:24:596","","GDT535PSRSS","24in. Fully Integrated Dishwasher, 14 Place Settin","New","1","1","0","398.0000","0.0000","Committed","False","List","False","0.0000","True","False","398.0000","MAM",""
"585870","","","1101.5200","1349.0000","1101.5200","Anti-Fingerprint Stainless","39346","","2026-09-15 00:00:00","09:44:57:618","","1","0.0000","False","0","0.0000","","","","0.0000","False","","","Default","2026-09-11 11:20:00","2026-09-15 09:44:57","","","False","False","RETAIL","","True","2026-09-11 00:00:00","","2026-09-11 00:00:00","False","S00064981","09:09:58:799","","GSS28NYYFS","27.9 Cu. Ft. Side x Side Refrigerator, Extra Tall","New","1","1","0","1359.0000","0.0000","Committed","False","List","False","0.0000","True","False","1359.0000","MAM",""
"586003","","","1611.0000","1611.0000","1611.0000","Stainless Steel","39347","","2026-09-15 00:00:00","09:50:39:272","","1","1379.0000","False","0","0.0000","","","","0.0000","False","","","Default","2026-09-11 15:24:49","2026-09-15 09:50:39","","","False","False","","","False","2026-09-11 00:00:00","","2026-09-11 00:00:00","False","S00064984","13:42:31:762","","D49M30SB","D49M Series 30in. Downdraft Ventilation, Multiple","New","1","1","0","1800.0000","0.0000","Committed","False","List","False","0.0000","True","False","1800.0000","CSH",""
"586020","","","1813.0000","1813.0000","1813.0000","Panel Ready","38335","","2026-04-30 00:00:00","12:26:13:357","","1","0.0000","False","0","0.0000","","","","2134.0000","False","","","Default","2026-09-11 17:06:13","2026-09-11 17:06:13","","","False","False","L1","","False","2026-09-11 00:00:00","","2026-09-11 00:00:00","False","S00064985","11:40:58:009","","KUIX515SPA","15in. Panel Ready Undercounter Ice Machine, Revers","New","1","1","0","2519.0000","0.0000","Committed","False","List","False","0.0000","True","False","2519.0000","EHM",""
"586021","","","28.2200","33.0000","28.0500","","38929","","2026-07-21 00:00:00","14:59:46:464","","1","0.0000","False","0","0.0000","","","","32.7400","False","","","Default","2026-09-11 17:06:13","2026-09-11 17:06:13","","","False","False","","","False","2026-09-11 00:00:00","","2026-09-11 00:00:00","False","S00064985","11:40:58:380","","F2WC9I1","KitchenAid and Jenn Air Ice Machine Filter","New","1","1","0","48.0000","0.0000","Committed","False","List","False","0.0000","True","False","48.0000","EHM",""
"585763","Delivery","2026-09-10 00:00:00","106.0000","123.0000","106.0000","","","","","","","1","106.0000","False","0","0.0000","","","","0.0000","False","","","Default","2026-09-10 10:18:12","2026-09-10 10:18:12","","","False","False","L1","","False","2026-09-10 00:00:00","1899-12-30 00:00:00","2026-09-10 00:00:00","False","R00014243","10:18:12:133","","AVDKD8","Transition 1-7/8in. x 19in to 8in. Round for D49 C","New","1","1","0","179.0000","0.0000","Committed","False","List","False","0.0000","True","False","179.0000","EHM",""
"585761","","","1679.0000","3311.0000","1679.0000","Stainless Steel","P213","","2026-03-19 00:00:00","10:29:23:384","","1","0.0000","False","0","0.0000","","","","3311.0000","False","","","Default","2026-09-10 09:49:09","2026-09-10 09:49:09","","","True","True","RETAIL","","True","2026-09-10 00:00:00","","2026-09-10 00:00:00","False","R00015704","15:01:35:085","","KOED530PSS","30in. Double Convection Oven, 5 Cu. Ft. Each Oven,","New","1","1","0","2499.0000","0.0000","Committed","False","List","False","0.0000","True","False","2499.0000","LTC",""
"585762","","","887.3000","1075.0000","902.4000","Stainless Steel","P83","","2026-02-09 00:00:00","09:50:10:817","","1","967.0000","False","0","0.0000","","","","0.0000","False","","","Default","2026-09-10 09:49:09","2026-09-10 09:49:10","","","False","False","RETAIL","","False","2026-09-10 00:00:00","","2026-09-10 00:00:00","False","R00015704","15:06:24:432","","SHP78CM5N","24in. 800 Series Dishwasher, Pocket Handle, 42 dBA","New","1","1","0","1349.0000","0.0000","Committed","False","List","False","0.0000","True","False","1349.0000","LTC",""
"585774","","","3109.0000","3599.0000","3109.0000","Black","38682","","2026-06-16 00:00:00","12:01:36:614","","1","0.0000","False","0","0.0000","","","","0.0000","False","","","Default","2026-09-10 10:58:40","2026-09-10 10:58:40","","","False","False","L1","","False","2026-09-10 00:00:00","","2026-09-10 00:00:00","False","R00015705","11:50:11:414","","JIDT730SBL","30in. Induction Downdraft Cooktop, 4 Zones, 345 CF","New","1","1","0","4999.0000","0.0000","Committed","False","List","False","0.0000","True","False","4999.0000","SPR",""
"585775","","","0.0000","4859.0000","0.0000","Stainless Steel","39346","","2026-09-15 00:00:00","09:44:23:423","","1","0.0000","False","0","0.0000","","","","0.0000","False","","","Default","2026-09-10 10:58:40","2026-09-15 09:44:23","","","False","False","L1","","False","2026-09-10 00:00:00","","2026-09-10 00:00:00","False","R00015705","11:51:34:789","","CTD90FP2ZS1","30in. Smart French Door Double Convection Oven, Ai","New","1","1","0","6749.0000","0.0000","Committed","False","List","False","0.0000","True","False","6749.0000","SPR",""
"585776","","","0.0000","419.0000","0.0000","Brushed Bronze","","","","","","1","0.0000","False","0","0.0000","","","","419.0000","False","","","Default","2026-09-10 10:58:40","2026-09-10 10:58:40","","","False","False","L1","","False","2026-09-10 00:00:00","","2026-09-10 00:00:00","False","R00015705","11:52:48:883","","CXWDFHKPMBZ","30in. Handle/Knob Kit for French Door Double Wall","New","1","1","0","582.0000","0.0000","Committed","False","List","False","0.0000","True","False","582.0000","SPR",""
"585777","","","887.3000","1075.0000","902.4000","Stainless Steel","P83","","2026-02-09 00:00:00","09:50:10:817","","1","967.0000","False","0","0.0000","","","","0.0000","False","","","Default","2026-09-10 10:58:40","2026-09-10 10:58:40","","","False","False","L1","","True","2026-09-10 00:00:00","","2026-09-10 00:00:00","False","R00015705","10:57:55:672","","SHP78CM5N","24in. 800 Series Dishwasher, Pocket Handle, 42 dBA","New","1","1","0","1299.0000","0.0000","Committed","False","List","False","0.0000","True","False","1299.0000","SPR",""
"585778","","","428.0000","599.0000","428.0000","White","39325","","2026-09-14 00:00:00","10:00:11:760","","1","0.0000","False","0","0.0000","","","","580.0000","False","","","Default","2026-09-10 11:01:53","2026-09-14 10:00:11","","","False","False","RETAIL","","False","2026-09-10 00:00:00","","2026-09-10 00:00:00","False","R00015706","10:34:45:332","","WTW4107SW","27in. Top Load Washer, 2-in-1 Removable Agitator,","New","1","1","0","549.0000","0.0000","Committed","False","List","False","0.0000","True","False","549.0000","EHM",""
"585814","","","1089.0000","1089.0000","1089.0000","Matte Black","X139","","2026-05-11 00:00:00","13:46:15:238","","1","0.0000","False","0","0.0000","","","","0.0000","False","","","Default","2026-09-10 16:35:04","2026-09-10 16:35:04","","","True","True","L1","","False","2026-09-10 00:00:00","","2026-09-10 00:00:00","False","R00015707","15:50:19:435","","TC5003BN","Classic Top Load Agitator Washer, 3.2 Cu. Ft. Capa","New","1","1","0","1599.0000","0.0000","Committed","False","List","False","0.0000","True","False","1599.0000","CSH",""
"585815","","","1089.0000","1089.0000","1089.0000","Matte Black","X139","","2026-05-11 00:00:00","13:46:23:974","","1","0.0000","False","0","0.0000","","","","0.0000","False","","","Default","2026-09-10 16:35:04","2026-09-10 16:35:04","","","False","False","L1","","False","2026-09-10 00:00:00","","2026-09-10 00:00:00","False","R00015707","15:51:06:541","","DC5004BE","7 Cu. Ft. Electric Dryer, Knob Controls, Pet Plus","New","1","1","0","1599.0000","0.0000","Committed","False","List","False","0.0000","True","False","1599.0000","CSH",""
"585739","","","0.0000","1027.0000","0.0000","Stainless Steel","","","","","","1","0.0000","False","0","0.0000","","","","1484.0000","False","","","Default","2026-09-10 08:25:43","2026-09-10 08:25:43","","","False","False","L1","","False","2026-09-10 00:00:00","","2026-09-10 00:00:00","False","S00064970","09:53:37:188","","KVWC736SSS","36in. Canopy Vent Hood, 400 CFM, 4-Speed, Perimete","New","1","1","0","1427.0000","0.0000","Committed","False","List","False","0.0000","True","False","1427.0000","CSH",""
"585741","","","1292.2500","1525.0000","1371.7500","Stainless Steel","","","","","","1","0.0000","False","0","0.0000","","","","2474.0000","False","","","Default","2026-09-10 08:25:44","2026-09-10 08:25:44","","","False","False","L2","","False","2026-09-10 00:00:00","","2026-09-10 00:00:00","False","S00064970","09:55:25:026","","KOES530SPS","30in. Convection Oven, 5 Cu. Ft., Air Fry, Tempera","New","1","1","0","2034.0000","0.0000","Committed","False","List","False","0.0000","True","False","2034.0000","CSH",""
"585755","","","0.0000","757.0000","0.0000","Black Stainless","","","","","","1","0.0000","False","0","0.0000","","","","757.0000","False","","","Default","2026-09-10 09:45:41","2026-09-10 09:45:42","","","False","False","L2","","False","2026-09-10 00:00:00","","2026-09-10 00:00:00","False","S00064971","11:51:18:407","","WVW51UC6HV","36in. Concave Glass Wall Mount Vent Hood, 400 CFM,","New","1","1","0","963.0000","0.0000","Committed","False","List","False","0.0000","True","False","963.0000","CSH",""
"585756","","","1116.9000","1519.0000","1116.9000","Black/SS Trim","","","","","","1","0.0000","False","0","0.0000","","","","1489.0000","False","","","Default","2026-09-10 09:45:42","2026-09-10 09:45:42","","","False","False","L2","","False","2026-09-10 00:00:00","","2026-09-10 00:00:00","False","S00064971","11:51:57:274","","WCI55US0JS","30in. Induction Cooktop, 4 Zones, Rapid Boil, Pan","New","1","1","0","1933.0000","0.0000","Committed","False","List","False","0.0000","True","False","1933.0000","CSH",""
"585757","","","847.0000","1507.0000","847.0000","Stainless Steel","","","","","","1","0.0000","False","0","0.0000","","","","1473.0000","False","","","Default","2026-09-10 09:45:42","2026-09-10 09:45:42","","","False","False","L2","","False","2026-09-10 00:00:00","","2026-09-10 00:00:00","False","S00064971","11:55:57:036","","WOES3030LS","30in. Wall Oven, 5 Cu. Ft. Self Cleaning, Steam Cl","New","1","1","0","1918.0000","0.0000","Committed","False","List","False","0.0000","True","False","1918.0000","CSH",""
"585758","","","0.0000","454.0000","0.0000","Black","","","","","","1","0.0000","False","0","0.0000","","","","450.0000","False","","","Default","2026-09-10 09:45:42","2026-09-10 09:45:42","","","False","False","L2","","False","2026-09-10 00:00:00","","2026-09-10 00:00:00","False","S00064971","12:52:25:762","","WDF341PAPB","24in. Dishwasher, 4 Wash Cycles, 12 Place Settings","New","1","1","0","599.0000","0.0000","Committed","False","List","False","0.0000","True","False","599.0000","CSH",""
"585759","","","0.0000","441.0000","0.0000","Black","","","","","","1","0.0000","False","0","0.0000","","","","441.0000","False","","","Default","2026-09-10 09:45:42","2026-09-10 09:45:42","","","False","False","L2","","False","2026-09-10 00:00:00","","2026-09-10 00:00:00","False","S00064971","12:53:19:310","","WMCS7024SB","2.2 Cu. Ft. Microwave Oven, 1200 Watts, Sensor Coo","New","1","1","0","582.0000","0.0000","Committed","False","List","False","0.0000","True","False","582.0000","CSH",""
"585783","","","319.6900","527.0000","318.0000","White","","","","","","1","0.0000","False","0","0.0000","","","","519.0000","False","","","Default","2026-09-10 12:56:15","2026-09-10 12:56:17","","","False","False","","","False","2026-09-10 00:00:00","","2026-09-10 00:00:00","False","S00064972","12:31:40:904","","NED4655EW","29in. Electric Dryer, 6.5 Cu. Ft. Capacity, 11 Dry","New","1","1","0","671.0000","0.0000","Committed","False","List","False","0.0000","True","False","671.0000","MEP",""
"585784","","","925.0000","1451.0000","925.0000","Stainless Steel","","","","","","1","0.0000","False","0","0.0000","","","","1424.0000","False","","","Default","2026-09-10 12:56:18","2026-09-10 12:56:19","","","False","False","","","False","2026-09-10 00:00:00","","2026-09-10 00:00:00","False","S00064972","10:56:20:566","","WRS325SDHZ","24.6 Cu. Ft. Side x Side Refrigerator, Exterior Ic","New","1","1","0","1099.0000","0.0000","Committed","False","List","False","0.0000","True","False","1099.0000","MEP",""
"585786","","","172.0000","328.0000","172.0000","Stainless Steel","","","","","","1","0.0000","False","0","0.0000","","","","327.0000","False","","","Default","2026-09-10 12:56:21","2026-09-10 12:56:22","","","False","False","","","False","2026-09-10 00:00:00","","2026-09-10 00:00:00","False","S00064972","11:00:01:543","","WMMS3130RS","30in. Over the Range Microwave Venthood, 1.7 cu. F","New","1","1","0","229.0000","0.0000","Committed","False","List","False","0.0000","True","False","229.0000","MEP",""
"585787","","","319.3800","543.0000","318.0000","White","","","","","","1","0.0000","False","0","0.0000","","","","535.0000","False","","","Default","2026-09-10 12:56:23","2026-09-10 12:56:24","","","False","False","","","False","2026-09-10 00:00:00","","2026-09-10 00:00:00","False","S00064972","17:54:28:267","","NTW4519JW","27in. Top Load Washer, 3.8 Cu. Ft. Large Capacity,","New","1","1","0","499.0000","0.0000","Committed","False","List","False","0.0000","True","False","499.0000","MEP",""
"585788","Customer Pick-up","2026-09-10 00:00:00","0.0000","914.0000","0.0000","Stainless Steel","","","","","","1","0.0000","False","0","0.0000","","","","869.0000","False","","","Default","2026-09-10 13:02:06","2026-09-10 13:02:10","","","False","False","RETAIL","","False","2026-09-10 00:00:00","1899-12-30 00:00:00","2026-09-10 00:00:00","False","S00064972","13:02:05:983","","WFGS4530SS","30in. Gas Range, 5 Cu. Ft., 8K BTU Griddle Zone, S","New","1","1","0","809.0000","0.0000","Committed","False","List","False","0.0000","True","False","809.0000","MEP",""
"585802","","","9594.4000","12468.0000","9594.4000","SS Tubular","39349","","2026-09-15 00:00:00","09:53:08:297","","1","10224.0000","False","0","0.0000","","","","0.0000","False","","","Default","2026-09-10 14:17:04","2026-09-15 09:53:08","","","False","False","SZ-UMRP","","False","2026-09-10 00:00:00","","2026-09-10 00:00:00","False","S00064974","14:14:22:117","","CL4850SID/S/T","48in. Built-in Side x Side Refrigerator, Internal","New","1","1","0","15985.0000","0.0000","Committed","False","List","False","0.0000","True","False","15985.0000","LTC",""
"585816","","","1523.5300","2399.2500","959.7000","CleanTouch Stainless","","","","","","1","0.0000","False","0","0.0000","","","","0.0000","False","","","Default","2026-09-10 16:59:31","2026-09-10 16:59:33","","","False","False","L1","","False","2026-09-10 00:00:00","","2026-09-10 00:00:00","False","S00064976","14:50:26:756","","12496910","24in. Smart Dishwasher, Water Softener, 16 Place S","New","1","1","0","3199.0000","0.0000","Committed","False","List","False","0.0000","True","False","3199.0000","MEP",""
"585818","","","221.0000","221.0000","221.0000","","39382","","2026-09-18 00:00:00","22:43:24:115","","1","0.0000","False","0","0.0000","","","","0.0000","False","","","Default","2026-09-10 17:20:28","2026-09-18 22:43:24","","","False","False","L1","","False","2026-09-10 00:00:00","","2026-09-10 00:00:00","False","S00064977","12:22:43:630","","CBI-600A","600 CFM Internal Blower with 6in. Round Duct 3.2 S","New","1","1","0","283.3300","0.0000","Committed","False","List","False","0.0000","True","False","283.3300","MEP",""
"585819","","","0.0000","1621.0000","0.0000","White","39382","","2026-09-18 00:00:00","22:43:31:595","","1","0.0000","False","0","0.0000","","","","0.0000","False","","","Default","2026-09-10 17:20:30","2026-09-18 22:43:32","","","False","False","L1","","False","2026-09-10 00:00:00","","2026-09-10 00:00:00","False","S00064977","12:23:03:672","","DLG-E36AWX","36in. Lux Glo Island Hood, CONTRACTOR INSTALL ONLY","New","1","1","0","2299.0000","0.0000","Committed","False","List","False","0.0000","True","False","2299.0000","MEP",""
"585346","","1899-12-30 00:00:00","0.0000","101.0000","0.0000","","39304","","2026-09-09 00:00:00","22:18:37:678","1899-12-30 00:00:00","1","101.0000","False","0","0.0000","","1899-12-30 00:00:00","","82.0000","False","","","Default","2026-09-09 08:18:26","2026-09-09 22:18:38","","","False","False","WOLF-UMRP","","False","2026-09-09 00:00:00","2026-09-09 00:00:00","2026-09-09 00:00:00","False","R00015689","08:18:26:241","","822168","Horizontal Discharge Kit - 48in. Pro Hood","New","1","1","0","130.0000","0.0000","Committed","False","List","False","0.0000","True","False","130.0000","SPR","SPR"
"585379","","","1023.7000","1021.0000","1021.0000","White","X139","","2026-05-11 00:00:00","13:46:00:764","","1","0.0000","False","0","0.0000","","","","0.0000","False","","","Default","2026-09-09 10:26:17","2026-09-09 10:26:17","","","True","True","L1","","False","2026-09-09 00:00:00","","2026-09-09 00:00:00","False","R00015690","10:21:59:318","","DC5004WE","7 Cu. Ft. Electric Dryer, Knob Controls, Pet Plus","New","1","1","0","1499.0000","0.0000","Committed","False","List","False","0.0000","True","False","1499.0000","SPR",""
"585546","","","2921.0000","3502.0000","3502.0000","Black/SS Trim","39351","","2026-09-15 00:00:00","10:00:10:822","","1","2872.0000","False","0","0.0000","","","","2549.0400","False","","","Default","2026-09-09 15:02:16","2026-09-15 10:00:10","","","False","False","WOLF-UMRP","","False","2026-09-09 00:00:00","","2026-09-09 00:00:00","False","R00015695","14:03:16:472","","CI36560T/S","36in. Contemporary Induction Cooktop, 5-Zones, 2 B","New","1","1","0","4490.0000","0.0000","Committed","False","List","False","0.0000","True","False","4490.0000","SPR",""
"585547","","","0.0000","1400.0000","0.0000","Stainless Steel","39351","","2026-09-15 00:00:00","10:00:27:435","","1","1148.0000","False","0","0.0000","","","","1086.5400","False","","","Default","2026-09-09 15:02:16","2026-09-15 10:00:27","","","False","False","WOLF-UMRP","","False","2026-09-09 00:00:00","","2026-09-09 00:00:00","False","R00015695","14:03:45:894","","MM15TF/S/LP","15in. Multifunction LP Gas Cooktop Module, High Ou","New","1","1","0","1795.0000","0.0000","Committed","False","List","False","0.0000","True","False","1795.0000","SPR",""
"585548","","","35.0000","35.0000","35.0000","Stainless Steel","39351","","2026-09-15 00:00:00","09:59:57:315","","1","35.0000","False","0","0.0000","","","","27.0000","False","","","Default","2026-09-09 15:02:16","2026-09-15 09:59:57","","","False","False","WOLF-UMRP","","False","2026-09-09 00:00:00","","2026-09-09 00:00:00","False","R00015695","14:03:54:852","","827131","Filler Strip for Cooktop Module","New","1","1","0","45.0000","0.0000","Committed","False","List","False","0.0000","True","False","45.0000","SPR",""
"585549","","","10035.0000","11010.0000","10035.0000","Panel Required","39353","","2026-09-15 00:00:00","10:09:33:986","","1","9028.0000","False","0","0.0000","","","","0.0000","False","","","Default","2026-09-09 15:02:16","2026-09-15 10:09:33","","","False","False","SZ-UMRP","","False","2026-09-09 00:00:00","","2026-09-09 00:00:00","False","R00015695","14:04:24:731","","CL4250UFDID/O","42in. Built-in French Door Refrigerator, Bottom Fr","New","1","1","0","14115.0000","0.0000","Committed","False","List","False","0.0000","True","False","14115.0000","SPR",""
"585550","","","82.0000","82.0000","82.0000","","39351","","2026-09-15 00:00:00","10:00:03:735","","1","82.0000","False","0","0.0000","","","","0.0000","False","","","Default","2026-09-09 15:02:16","2026-09-15 10:00:03","","","False","False","","","False","2026-09-09 00:00:00","","2026-09-09 00:00:00","False","R00015695","14:04:24:965","","9044760","Custom Front Panel Mounting Kit","New","1","1","0","0.0000","0.0000","Committed","False","List","False","0.0000","True","False","0.0000","SPR",""
"585551","","","4421.0000","5448.0000","4421.0000","SS Tubular","39351","","2026-09-15 00:00:00","10:00:16:53","","1","4468.0000","False","0","0.0000","","","","4272.8400","False","","","Default","2026-09-09 15:02:16","2026-09-15 10:00:16","","","False","False","WOLF-UMRP","","False","2026-09-09 00:00:00","","2026-09-09 00:00:00","False","R00015695","14:04:52:622","","CSOP2450TE/S/T","24in. Plumbed E-Series Transitional Convection Ste","New","1","1","0","6985.0000","0.0000","Committed","False","List","False","0.0000","True","False","6985.0000","SPR",""
"585552","","","2426.0000","2426.0000","2426.0000","SS Tubular","39351","","2026-09-15 00:00:00","10:00:33:532","","1","1989.0000","False","0","0.0000","","","","1730.0400","False","","","Default","2026-09-09 15:02:16","2026-09-15 10:00:33","","","False","False","WOLF-UMRP","","False","2026-09-09 00:00:00","","2026-09-09 00:00:00","False","R00015695","14:06:39:393","","SPO2450TE/S/T","24in. E Series Transitional Convection Speed Oven,","New","1","1","0","3110.0000","0.0000","Committed","False","List","False","0.0000","True","False","3110.0000","SPR",""
"585553","","","1505.5200","1649.2500","1587.6800","Panel Ready","37180","","2025-11-11 00:00:00","23:09:56:256","","1","0.0000","False","0","0.0000","","","","0.0000","False","","","Default","2026-09-09 15:02:16","2026-09-09 15:02:16","","","False","False","L1","","False","2026-09-09 00:00:00","","2026-09-09 00:00:00","False","R00015695","14:07:56:112","","12496990","24in. Panel Ready Smart Dishwasher, 16 Place Setti","New","2","2","0","2199.0000","0.0000","Committed","False","List","False","0.0000","True","False","4398.0000","SPR",""
"585554","","","0.0000","2736.0000","0.0000","SS/Glass","","","","","","1","0.0000","False","0","0.0000","","","","0.0000","False","","","Default","2026-09-09 15:02:16","2026-09-09 15:02:16","","","False","False","L1","","False","2026-09-09 00:00:00","","2026-09-09 00:00:00","False","R00015695","15:10:16:737","","GW453720","24in. Built-in Warming Drawer, 8 3/16in. Height, 6","New","1","1","0","3799.0000","0.0000","Committed","False","List","False","0.0000","True","False","3799.0000","SPR",""
"585555","","","6952.0000","7839.0000","6952.0000","SS Tubular","39351","","2026-09-15 00:00:00","10:00:21:491","","1","6428.0000","False","0","0.0000","","","","4990.4400","False","","","Default","2026-09-09 15:02:17","2026-09-15 10:00:21","","","False","False","WOLF-UMRP","","False","2026-09-09 00:00:00","","2026-09-09 00:00:00","False","R00015695","14:58:23:704","","DO3050TM/S/T","30in. M Series Transitional Built-In Double Oven,","New","1","1","0","10050.0000","0.0000","Committed","False","List","False","0.0000","True","False","10050.0000","SPR",""
"585623","","","3446.0000","3695.0000","3446.0000","Matte Black/Brushed SS","27970","","2022-04-05 00:00:00","13:32:31:5","","1","0.0000","False","0","0.0000","","1899-12-30 00:00:00","","4143.0000","False","","","Default","2026-09-09 15:56:20","2026-09-10 10:55:17","","","False","False","L1","","True","2026-09-09 00:00:00","","2026-09-09 00:00:00","False","R00015697","14:25:57:401","04","CTD90DP3ND1","30in. Built-in Double Wall Oven, 5 Cu. Ft. Each, B","New","1","1","0","1999.0000","0.0000","Committed","False","List","False","0.0000","True","False","1999.0000","SPR",""
"585624","","","1359.0000","1767.0000","1359.0000","Matte Black/Brushed Stainless","23768","","2021-09-10 00:00:00","10:22:08:395","","1","0.0000","False","0","0.0000","","1899-12-30 00:00:00","","1923.0000","False","","","Default","2026-09-09 15:56:20","2026-09-10 10:55:17","","","False","False","L1","","True","2026-09-09 00:00:00","","2026-09-09 00:00:00","False","R00015697","14:26:20:032","04","CTW900P3PD1","30in. Warming Drawer, Proof(80) / Low(140) / Med(1","New","1","1","0","1299.0000","0.0000","Committed","False","List","False","0.0000","True","False","1299.0000","SPR",""
"585625","","","657.8000","1113.0000","657.8000","Matte Black/Brushed Stainless","DISPLAY","","2022-08-22 00:00:00","08:54:52:198","","1","0.0000","False","0","0.0000","","1899-12-30 00:00:00","","1154.0000","False","","","Default","2026-09-09 15:56:20","2026-09-10 10:55:17","","","False","False","L1","","True","2026-09-09 00:00:00","","2026-09-09 00:00:00","False","R00015697","14:26:46:451","","CDD420P3TD1","24in. Double Drawer Dishwasher, 6 Wash Cycles, 14","New","1","1","0","699.0000","0.0000","Committed","False","List","False","0.0000","True","False","699.0000","SPR",""
"585627","","","1943.0000","1943.0000","1943.0000","Stainless Steel","27891","","2022-03-25 00:00:00","10:00:38:4","","1","0.0000","False","0","0.0000","","1899-12-30 00:00:00","","2219.0000","False","","","Default","2026-09-09 15:56:20","2026-09-10 10:55:17","","","False","False","L1","","True","2026-09-09 00:00:00","","2026-09-09 00:00:00","False","R00015697","14:28:44:517","","CHP95362MSS","Cafe 36in. Touch Control Induction Cooktop, 5 Zone","New","1","1","0","1999.0000","0.0000","Committed","False","List","False","0.0000","True","False","1999.0000","SPR",""
"585686","","","1810.0000","1810.0000","0.0000","Stainless Steel","39356","","2026-09-15 00:00:00","10:40:01:105","","1","1484.0000","False","0","0.0000","","","","1401.6600","False","","","Default","2026-09-09 16:32:18","2026-09-15 10:40:01","","","False","False","WOLF-UMRP","","False","2026-09-09 00:00:00","1899-12-30 00:00:00","2026-09-09 00:00:00","False","R00015698","16:32:18:262","","CG304P/S","30in. Pro Natural Gas Cooktop, LED Indicators, 4 D","New","1","1","0","2320.0000","0.0000","Committed","False","List","False","0.0000","True","False","2320.0000","SPR",""
"585688","Delivery","2026-09-09 00:00:00","0.0100","0.0000","0.0000","Stainless Steel","39356","","2026-09-15 00:00:00","10:39:55:355","","1","0.0100","False","0","0.0000","","","","0.0000","False","","","Default","2026-09-09 16:34:04","2026-09-15 10:39:55","","","False","False","L1","","False","2026-09-09 00:00:00","1899-12-30 00:00:00","2026-09-09 00:00:00","False","R00015698","16:34:04:069","","9056354","30in. Professional Gas Cooktop Brushed Stainless K","New","1","1","0","0.0000","0.0000","Committed","False","List","False","0.0000","True","False","0.0000","SPR",""
"585711","","","4368.0000","4680.0000","3744.0000","Panel Ready","X142","","2026-06-16 00:00:00","16:54:46:867","","1","3838.0000","False","0","0.0000","","","","0.0000","False","","","Default","2026-09-09 16:44:59","2026-09-09 16:44:59","","","False","False","SZ-UMRP","","False","2026-09-09 00:00:00","1899-12-30 00:00:00","2026-09-09 00:00:00","False","R00015699","16:44:59:167","","DEU1550IP/R","15in. Panel Ready Undercounter Indoor/Outdoor Clea","New","1","0","1","6000.0000","0.0000","Committed","False","List","False","0.0000","True","False","6000.0000","SPR",""
"585712","Delivery","2026-09-09 00:00:00","0.0000","20.0000","0.0000","","39334","","2026-09-14 00:00:00","12:54:53:320","1899-12-30 00:00:00","1","20.0000","False","0","0.0000","","1899-12-30 00:00:00","","0.0000","False","","","Default","2026-09-09 16:45:07","2026-09-09 16:45:14","","","False","False","SZ-UMRP","","False","2026-09-09 00:00:00","2026-09-09 00:00:00","2026-09-09 00:00:00","False","R00015699","16:45:07:692","","7013400","Ice Maker Cleaner For Undercounter Ice Maker","New","1","0","1","25.0000","0.0000","Committed","False","List","False","0.0000","True","False","25.0000","SPR","SPR"
"585713","Delivery","2026-09-09 00:00:00","0.0000","20.0000","0.0000","","39334","","2026-09-14 00:00:00","12:54:17:473","1899-12-30 00:00:00","1","20.0000","False","0","0.0000","","1899-12-30 00:00:00","","0.0000","False","","","Default","2026-09-09 16:45:25","2026-09-09 16:45:32","","","False","False","SZ-UMRP","","False","2026-09-09 00:00:00","2026-09-09 00:00:00","2026-09-09 00:00:00","False","R00015699","16:45:25:545","","7013401","Ice Maker Sanitizer For Undercounter Ice Maker","New","1","0","1","25.0000","0.0000","Committed","False","List","False","0.0000","True","False","25.0000","SPR","SPR"
"585715","Delivery","2026-09-09 00:00:00","242.0000","242.0000","242.0000","Tubular Handle SS","X142","","2026-06-16 00:00:00","16:55:43:706","1899-12-30 00:00:00","1","242.0000","False","0","0.0000","","1899-12-30 00:00:00","","0.0000","False","","","Default","2026-09-09 16:45:41","2026-09-09 16:45:47","","","False","False","SZ-UMRP","","False","2026-09-09 00:00:00","2026-09-09 00:00:00","2026-09-09 00:00:00","False","R00015699","16:45:41:683","","7043090","15in. Stainless Steel Door Panel with Tubular Hand","New","1","0","1","310.0000","0.0000","Committed","False","List","False","0.0000","True","False","310.0000","SPR","SPR"
"585716","Delivery","2026-09-09 00:00:00","1791.2300","1813.0000","1813.0000","Stainless Steel","38335","","2026-08-19 00:00:00","12:42:33:716","","1","0.0000","False","0","0.0000","","","","2205.0000","False","","","Default","2026-09-09 16:46:06","2026-09-09 16:46:06","","","False","False","L1","","False","2026-09-09 00:00:00","1899-12-30 00:00:00","2026-09-09 00:00:00","False","R00015699","16:46:06:358","","KUIX515SPS","15in. Undercounter Ice Machine, Reversible Door, B","New","1","0","1","2519.0000","0.0000","Committed","False","List","False","0.0000","True","False","2519.0000","SPR",""
"585717","","","28.2200","33.0000","28.0500","","38929","","2026-07-21 00:00:00","14:59:46:464","","1","0.0000","False","0","0.0000","","","","32.7400","False","","","Default","2026-09-09 16:46:06","2026-09-09 16:46:06","","","False","False","","","False","2026-09-09 00:00:00","1899-12-30 00:00:00","2026-09-09 00:00:00","False","R00015699","16:46:06:748","","F2WC9I1","KitchenAid and Jenn Air Ice Machine Filter","New","1","0","1","48.0000","0.0000","Committed","False","List","False","0.0000","True","False","48.0000","SPR",""
"585626","","","1253.0000","1253.0000","1253.0000","Matte Black","39346","","2026-09-15 00:00:00","09:44:31:247","","1","0.0000","False","0","0.0000","","","","1443.0000","False","","","Default","2026-09-10 10:55:17","2026-09-15 09:44:31","","","False","False","RETAIL","","False","2026-09-09 00:00:00","2026-09-10 00:00:00","2026-09-09 00:00:00","False","R00015697-1","14:28:00:201","","CWL112P3RD5","24in. Microwave Drawer, 1.2 Cu. Ft. Capacity, 1000","New","1","1","0","1599.0000","0.0000","Committed","False","List","False","0.0000","True","False","1599.0000","SPR","SPR"
"585419","","","668.9800","960.0000","678.0300","White on White","P55","","2025-03-31 00:00:00","16:17:54:443","","1","0.0000","False","0","0.0000","","","","944.0000","False","","","Default","2026-09-09 12:02:19","2026-09-09 12:02:20","","","False","False","RETAIL","","False","2026-09-09 00:00:00","","2026-09-09 00:00:00","False","S00064961","11:27:24:043","","PFW870SSVWW","5.3 Cu. Ft. Capacity Front Load Washer, Steam, Ult","New","1","1","0","999.0000","0.0000","Committed","False","List","False","0.0000","True","False","999.0000","MEP",""
"585421","","","187.0000","187.0000","187.0000","White on White","P216","","2026-03-27 00:00:00","09:54:17:911","","1","0.0000","False","0","0.0000","","","","221.0000","False","","","Default","2026-09-09 12:02:20","2026-09-09 12:02:20","","","True","True","RETAIL","","False","2026-09-09 00:00:00","","2026-09-09 00:00:00","False","S00064961","11:28:09:971","","GFP1528SNWW","16in. x 28in.Tall Storage Drawer Pedestal for Fron","New","2","2","0","251.0000","0.0000","Committed","False","List","False","0.0000","True","False","502.0000","MEP",""
"585422","","","662.1700","960.0000","657.6000","White on White","38080","","2026-03-27 00:00:00","10:32:21:580","","1","0.0000","False","0","0.0000","","","","944.0000","False","","","Default","2026-09-09 12:02:20","2026-09-09 12:02:20","","","False","False","RETAIL","","False","2026-09-09 00:00:00","","2026-09-09 00:00:00","False","S00064961","11:31:17:897","","PFD87ESSVWW","7.8 Cu. Ft. Capacity Electric Dryer, Washer Link,","New","1","1","0","999.0000","0.0000","Committed","False","List","False","0.0000","True","False","999.0000","MEP",""
"585517","","","480.0000","720.0000","480.0000","Stainless Steel","","","","","","1","0.0000","False","0","0.0000","","","","720.0000","False","","","Default","2026-09-09 14:44:52","2026-09-09 14:44:52","","","False","False","RETAIL","","False","2026-09-09 00:00:00","","2026-09-09 00:00:00","False","S00064964","14:26:19:745","","WDTA50SAKZ","24in. Hidden Control Dishwasher, Pocket Handle, 3r","New","1","1","0","599.0000","0.0000","Committed","False","List","False","0.0000","True","False","599.0000","MAM",""
"585518","","","0.0000","183.0000","0.0000","","","","","","","1","0.0000","False","0","0.0000","","","","0.0000","False","","","Default","2026-09-09 14:44:52","2026-09-09 14:44:52","","","False","False","RETAIL","","False","2026-09-09 00:00:00","","2026-09-09 00:00:00","False","S00064964","14:27:14:475","","KMCS3022TPS","Description Coming Soon!","New","1","1","0","206.0000","0.0000","Committed","False","List","False","0.0000","True","False","206.0000","MAM",""
"585519","","","1799.0000","2441.0000","1799.0000","Stainless Steel","","","","","","1","0.0000","False","0","0.0000","","","","2441.0000","False","","","Default","2026-09-09 14:44:52","2026-09-09 14:44:52","","","False","False","RETAIL","","False","2026-09-09 00:00:00","","2026-09-09 00:00:00","False","S00064964","14:28:57:350","","KRFF436SPS","30 Cu. Ft. French Door Refrigerator, Ice/Water Dis","New","1","1","0","2399.0000","0.0000","Committed","False","List","False","0.0000","True","False","2399.0000","MAM",""
"585520","","","585.6200","657.0000","585.6200","Stainless Steel","","","","","","1","0.0000","False","0","0.0000","","","","0.0000","False","","","Default","2026-09-09 14:44:52","2026-09-09 14:44:52","","","False","False","L1","","True","2026-09-09 00:00:00","","2026-09-09 00:00:00","False","S00064964","14:33:22:465","","AK9528AS","30in. Monsoon Mini II Hood Insert, 3-Speed 600 CFM","New","1","1","0","875.0000","0.0000","Committed","False","List","False","0.0000","True","False","875.0000","MAM",""
"585521","","","0.0000","950.0000","0.0000","Stainless Steel","","","","","","1","0.0000","False","0","0.0000","","","","883.0000","False","","","Default","2026-09-09 14:44:52","2026-09-09 14:44:52","","","False","False","RETAIL","","False","2026-09-09 00:00:00","","2026-09-09 00:00:00","False","S00064964","10:43:23:707","","MFES6030RZ","30in. Electric Range, 5 Elements, Bridge Element,","New","1","1","0","879.0000","0.0000","Committed","False","List","False","0.0000","True","False","879.0000","MAM",""
"585522","","","558.0000","624.0000","558.0000","White on White","","","","","","1","0.0000","False","0","0.0000","","","","759.0000","False","","","Default","2026-09-09 14:44:52","2026-09-09 14:44:52","","","False","False","RETAIL","","False","2026-09-09 00:00:00","","2026-09-09 00:00:00","False","S00064964","10:44:16:148","","GFW350SSYWW","4.6 Cu. Ft. Smart Front Load Washer, UltraFresh Ve","New","1","1","0","729.0000","0.0000","Committed","False","List","False","0.0000","True","False","729.0000","MAM",""
"585571","","","0.0000","1759.0000","0.0000","White on White","39346","","2026-09-15 00:00:00","09:43:53:644","","1","0.0000","False","0","0.0000","","","","2402.0000","False","","","Default","2026-09-09 15:17:44","2026-09-15 09:43:53","","","False","False","RETAIL","","False","2026-09-09 00:00:00","","2026-09-09 00:00:00","False","S00064965","11:48:00:895","","JTD3000DNWW","30in. Built-In Double Wall Oven, Never Scrub, Heav","New","1","0","1","1998.0000","0.0000","Committed","False","List","False","0.0000","True","False","1998.0000","MEP",""
"585648","","","0.0000","7349.3000","0.0000","","","","","","","1","6393.8900","False","0","0.0000","","","","0.0000","False","","","Default","2026-09-09 16:09:17","2026-09-09 16:09:17","","","False","False","L1","","False","2026-09-09 00:00:00","","2026-09-09 00:00:00","False","S00064967","14:17:52:285","","OR36SCI6R1","36in. Induction Smart Range, 5 Zones, 4.9 Cu. Ft.","New","1","1","0","10499.0000","0.0000","Committed","False","List","False","0.0000","True","False","10499.0000","MAM",""
"585649","","","0.0000","1251.0000","0.0000","Stainless Steel","","","","","","1","0.0000","False","0","0.0000","","","","0.0000","False","","","Default","2026-09-09 16:09:17","2026-09-09 16:09:17","","","False","False","L1","","True","2026-09-09 00:00:00","","2026-09-09 00:00:00","False","S00064967","14:19:07:463","","ZAZ-M90DS","36in. Anzio Island Hood, 5-Speed 600 CFM Blower, I","New","1","1","0","1599.0000","0.0000","Committed","False","List","False","0.0000","True","False","1599.0000","MAM",""
"585650","","","955.4000","1131.0000","952.3200","Panel Ready","","","","","","1","1018.0000","False","0","0.0000","","","","0.0000","False","","","Default","2026-09-09 16:09:18","2026-09-09 16:09:18","","","False","False","L2","","True","2026-09-09 00:00:00","","2026-09-09 00:00:00","False","S00064967","14:19:59:484","","SHV78CM3N","24in. 800 Series Panel Ready Dishwasher, 42 dBA, F","New","1","1","0","1225.0000","0.0000","Committed","False","List","False","0.0000","True","False","1225.0000","MAM",""
"585651","","","7522.4000","9403.0000","7522.4000","Panel Ready","","","","","","1","7710.0000","False","0","0.0000","","","","0.0000","False","","","Default","2026-09-09 16:09:18","2026-09-09 16:09:18","","","False","False","SZ-PLATINUM","","False","2026-09-09 00:00:00","","2026-09-09 00:00:00","False","S00064967","14:24:26:823","","DET3650CIID/R","36in. Over/Under Refrigerator With 2 Freezer Drawe","New","1","1","0","10367.0000","0.0000","Committed","False","List","False","0.0000","True","False","10367.0000","MAM",""
"585652","","","1559.0000","1558.8000","0.0000","Stainless Steel","","","","","","1","0.0000","False","0","0.0000","","","","0.0000","False","","","Default","2026-09-09 16:09:18","2026-09-09 16:09:18","","","False","False","","","False","2026-09-09 00:00:00","","2026-09-09 00:00:00","False","S00064967","14:29:35:447","","RUBY4BIR-NG","Ruby 36in. Natural Gas Grill, 4 Burner Pro-Sear, I","New","1","1","0","2575.0000","0.0000","Committed","False","List","False","0.0000","True","False","2575.0000","MAM",""
"585653","","","0.0000","739.7000","0.0000","","","","","","","1","0.0000","False","0","0.0000","","","","0.0000","False","","","Default","2026-09-09 16:09:18","2026-09-09 16:09:18","","","False","False","","","False","2026-09-09 00:00:00","","2026-09-09 00:00:00","False","S00064967","14:33:02:460","","SUNJK40","40in. Jacket For Grills With Max Cut Out of 34in.W","New","1","1","0","1025.0000","0.0000","Committed","False","List","False","0.0000","True","False","1025.0000","MAM",""
"585654","","","1108.2600","1176.0000","0.0000","Panel Ready","","","","","","1","0.0000","False","0","0.0000","","","","0.0000","False","","","Default","2026-09-09 16:09:18","2026-09-09 16:09:18","","","False","False","RETAIL","","True","2026-09-09 00:00:00","","2026-09-09 00:00:00","False","S00064967","14:41:10:826","","PRB24C01CPG","24in. Single Zone Panel Ready Beverage Refrigerato","New","1","1","0","1525.0000","0.0000","Committed","False","List","False","0.0000","True","False","1525.0000","MAM",""
"585655","","","645.0000","778.0000","645.0000","White","","","","","","1","0.0000","False","0","0.0000","","","","857.0000","False","","","Default","2026-09-09 16:09:19","2026-09-09 16:09:19","","","False","False","RETAIL","","False","2026-09-09 00:00:00","","2026-09-09 00:00:00","False","S00064967","14:51:05:909","","MHW6630HW","4.8 Cu. Ft. Front Load Washer with Steam, 10 Wash","New","1","1","0","898.0000","0.0000","Committed","False","List","False","0.0000","True","False","898.0000","MAM",""
"585656","","","653.5000","778.0000","645.0000","White","","","","","","1","0.0000","False","0","0.0000","","","","857.0000","False","","","Default","2026-09-09 16:09:19","2026-09-09 16:09:19","","","False","False","RETAIL","","False","2026-09-09 00:00:00","","2026-09-09 00:00:00","False","S00064967","14:51:36:025","","MED6630HW","7.4 Cu. Ft. Electric Dryer, 9 Dry Cycles, PowerDry","New","1","1","0","898.0000","0.0000","Committed","False","List","False","0.0000","True","False","898.0000","MAM",""
