"ID","Financed","Void","SoldToCityCode","BillToSuite","SoldToSuite","Qualification","Priority","Tax3Percentage","SvcRepairCode1","SvcRepairCode2","SvcRepairCode3","SvcRepairCode4","ContractCode","SvcContract","UserFinished","UserPosted","UpdateHistoryWarranty","ShipMethod","TimeCreated","TimeModified","TimeFinished","DispatchUnits","EDIDateStamp","EDITimeStamp","PrintMethod","DispatchStartTime","TripChargeCode","TripChargeAmount","Locked","MobileTechInvoiceCode","ServiceRequestID","CarrierCode","ShipViaCode","SoldToLatitude","SoldToLongitude","JobStatusUpdate","DispatchEmail","LastDateSaved","LastTimeSaved","SoldToBusinessPhone","SoldToFax","BillToBusinessPhone","BillToFax","SoldToPhone1TextEnabled","SoldToPhone2TextEnabled","SoldToBusinessPhoneTextEnabled","SoldToFaxTextEnabled","BillToPhone1TextEnabled","BillToPhone2TextEnabled","BillToBusinessPhoneTextEnabled","BillToFaxTextEnabled","Terms","SvcEquipmentNumber","SoldToPreferredContact","BillToPreferredContact","WebOrderID","Department","CreditStatusCode","CreditApprovedUserCode","CreditApprovedDateStamp","CreditApprovedTimeStamp","EDIMaroline","RequestedDate","SvcCSRInvoice","SvcSoldList","SvcSoldSTDCost","SvcFollowUpDate","SvcScheduleDate","Tax2MaxAmount","EDIWhirlpool","SoldToDeclineEmail","MinDepositPercent","UnitModifier","DateFinished","DatePosted","TimePosted","TTRTaxCalculated","PickUpBranchCode","PodiumOptOut","SignCustmizedFields","AVBSaleDateSent","AVBSaleTimeSent","sysCreated","sysModified","TTRJurisdictionCode","InFulfillment","Tax2MaxPerPiece","OverrideTTR","DeliveryOverridden","PAIBookingID","AVBHubStatus","BABuilderCustomerCode","BABuilderInvoiceCode","BACustomerCustomerCode","BACustomerInvoiceCode","ClaimWorksStatus","ClaimWorksSentDate","DisableCTPPayment","AVBWrittenDateSent","AVBWrittenTimeSent","BillToAddress1","BillToAddress2","BillToCity","BillToCode","BillToEmail","BillToFirstName","BillToLastName","BillToPhone1","BillToPhone2","BillToState","BillToZipCode","BranchCode","COGSPosted","CallSequence","Code","CommittedPaymentTotal","DateCreated","DateModified","DispatchPriority","DispatchRequestedRouteCode","DispatchSpecRequest","DispatchTime","DispatchTimeAM","Estimate","Field1","Field2","Field3","Field4","Field5","InvFinishDate","InvStartDate","InvTypeCode","ItemListPriceCode","ItemTotal","JobLocation","JobNumber","JobStatusCode","LaborRate","LaborTotal","MapReference","MapZoneCode","MiscTotal","OpenPaymentTotal","OtherListPriceCode","PONumber","PaymentTypeCode","PickUpDate","Reference","SaleReferralCode","Salesperson1Code","Salesperson2Code","Salesperson2Percentage","ScheduleDate","SerialListPriceCode","SerialTotal","SoldToAddress1","SoldToAddress2","SoldToCity","SoldToCode","SoldToDirections","SoldToEmail","SoldToFirstName","SoldToLastName","SoldToPhone1","SoldToPhone2","SoldToState","SoldToZipCode","Status","SvcAgreementExpDate","SvcAgreementNumber","SvcBrandCode","SvcCenter","SvcCenterNumber","SvcComplaintCode","SvcComplaintDesc","SvcDatePurchased","SvcDealerCode","SvcDealerDesc","SvcDistributorNumber","SvcInWarranty","SvcMfgCodeEiaNumber","SvcMicroLeak","SvcMiles","SvcMilesRate","SvcMilesTotal","SvcModel","SvcMotorNewNumber","SvcMotorOldNumber","SvcPerformedCode","SvcPerformedDesc","SvcProduct","SvcProductCode","SvcRepairCatMinorMajor","SvcRepairCategory","SvcRepairCode","SvcRunNumber","SvcSerial","SvcSpecAuthNumber","SvcStockMerchandise","SvcTimeCompleted1","SvcTimeCompleted2","SvcTimeOnJob1","SvcTimeOnJob2","SvcTimeStarted1","SvcTimeStarted2","Tax1Exempt","Tax1Total","Tax2Code","Tax2Exempt","Tax2Percentage","Tax2Total","Tax3Exempt","Tax3Total","UserCreated","UserModified","Warranty","WarrantyField1","WarrantyField2","WarrantyField3","WarrantyField4","WarrantyField5","WtyTotal"
"271967","False","False","","","","","","0.0000","","","","","","","","","False","Complete Ship","11:20","11:31","","3","","","Invoice","07:00","","0.0000","False","","","","","0.000000","0.000000","","False","","","","","","","False","False","False","False","False","False","False","False","","","","","","","APPROVED","","","","","","","0.0000","0.0000","2026-09-11 00:00:00","","0.0000","","False","0.0000","0","","","","False","","False","","","","2026-09-21 11:20:04","2026-09-21 11:31:32","","False","False","False","False","CSH_9/21/2026_705547","","","","","","","","False","","","5612 STANDING ROCK DR","","AUSTIN","3366555847","lisa.roach@earthlink.net","LISA","ROACH","(336) 655-5847","","TX","78730","Default","False","0","S00065016","0.0000","2026-09-21 00:00:00","2026-09-21 00:00:00","","","","00:00","","Neither","","","","","","2026-09-21 00:00:00","2026-09-21 00:00:00","S","L1","0.0000","","","D2","Rate 1","0.0000","","LOC","424.8500","6954.0000","L1","","COD","","","","CSH","","0.0000","2026-11-01 00:00:00","L1","12195.0000","5612 STANDING ROCK DR","","AUSTIN","3366555847","","lisa.roach@earthlink.net","LISA","ROACH","(336) 655-5847","","TX","78730","Open","","","","","","","","","","","","No Warranty","","","0.0000","0.0000","0.0000","","","","","","Other","","Major","Home service","","","","","False","","","","","","","","0.0000","TAX","","8.2500","1016.3900","","0.0000","CSH","CSH","Neither","","","","","","0.0000"
"271978","False","False","","","","","","0.0000","","","","","","","","","False","Complete Ship","12:26","12:35","","2","","","Invoice","07:00","","0.0000","False","","","","","30.257124","-97.833364","","False","","","","","","","False","False","False","False","False","False","False","False","","","","","","","APPROVED","","","","","","","0.0000","0.0000","2026-09-23 00:00:00","","0.0000","","False","0.0000","0","","","","False","","False","","","","2026-09-21 12:26:14","2026-09-21 12:36:08","","False","False","False","False","CSH_9/21/2026_579518","","","","","","","","False","","","3831 SENDERO DR.","","AUSTIN","5128250297","kakgarland@gmail.com","KATHY","GARLAND","(512) 825-0297","","TX","78735","Default","False","0","S00065017","0.0000","2026-09-21 00:00:00","2026-09-21 00:00:00","","","","00:00","","Neither","","","","","","2026-09-21 00:00:00","2026-09-21 00:00:00","S","L1","0.0000","","","D2","Rate 1","0.0000","","LOC","229.9000","4069.3700","L1","","COD","","","","CSH","","0.0000","2026-11-15 00:00:00","L1","3540.0000","3831 SENDERO DR.","","AUSTIN","5128250297","","kakgarland@gmail.com","KATHY","GARLAND","(512) 825-0297","","TX","78735","Open","","","","","","","","","","","","No Warranty","","","0.0000","0.0000","0.0000","","","","","","Other","","Major","Home service","","","","","False","","","","","","","","0.0000","TAX","","8.2500","299.4700","","0.0000","CSH","CSH","Neither","","","","","","0.0000"
"271989","False","False","","","","","","0.0000","","","","","","","","","False","Complete Ship","13:57","14:04","","2","","","Invoice","07:00","","0.0000","False","","","","","30.232167","-98.176266","","False","","","","","","","True","False","False","False","True","False","False","False","","","","","","","APPROVED","","","","","","","0.0000","0.0000","2026-09-23 00:00:00","","0.0000","","False","0.0000","0","","","","False","","False","","","","2026-09-21 13:57:35","2026-09-21 14:04:27","","False","False","False","False","CSH_9/21/2026_533424","","","","","","","","False","","","601 PLANT LADY LN","","DRIPPING SPRINGS","5127408265","dgrtchrl@gmail.com","CHERYL","DEGROOT","(512) 740-8265","","TX","78620","Default","False","0","R00015781","0.0000","2026-09-21 00:00:00","2026-09-21 00:00:00","","D02","","00:00","","Neither","","","","","","2026-09-21 00:00:00","2026-09-21 00:00:00","R","L1","0.0000","","","D4","Rate 1","0.0000","","LOC","299.8500","1337.0300","L1","","COD","","","","CSH","","0.0000","2026-10-02 00:00:00","L1","949.0000","601 PLANT LADY LN","","DRIPPING SPRINGS","5127408265","","dgrtchrl@gmail.com","CHERYL","DEGROOT","(512) 740-8265","","TX","78620","Open","","","","","","","","","","","","No Warranty","","","0.0000","0.0000","0.0000","","","","","","Other","","Major","Home service","","","","","False","","","","","","","","0.0000","TAX","","8.2500","88.1800","","0.0000","CSH","CSH","Neither","","","","","","0.0000"
"271935","False","False","","","","","","0.0000","","","","","","","","","False","Complete Ship","08:46","12:52","","3","","","Invoice","07:00","","0.0000","False","","","","","30.453757","-98.351919","","False","","","","","","","True","False","False","False","True","False","False","False","","","","","","DELIVERY","APPROVED","","","","","","","0.0000","0.0000","2026-09-23 00:00:00","","0.0000","","False","0.0000","0","","","","False","","False","","","","2026-09-21 08:46:43","2026-09-21 12:53:21","","False","False","False","False","EHM_9/21/2026_705547","","","","","","","","False","","","1127 CRYSTAL MOUNTAIN","","ROUND MOUNTAIN","5125250164","","PAUL","VERCHER","(512) 525-0164","","TX","78663","Default","False","0","R00015772","0.0000","2026-09-21 00:00:00","2026-09-21 00:00:00","","D02","","00:00","","Neither","","","","","","2026-09-21 00:00:00","2026-09-21 00:00:00","R","L1","0.0000","","","D2R","Rate 1","0.0000","","NOR W","332.7000","3605.4800","L1","","COD","","","","EHM","","0.0000","2026-09-23 00:00:00","L1","2998.0000","1127 CRYSTAL MOUNTAIN","","ROUND MOUNTAIN","5125250164","","","PAUL","VERCHER","(512) 525-0164","","TX","78663","Open","","","","","","","","","","","","No Warranty","","","0.0000","0.0000","0.0000","","","","","","Other","","Major","Home service","","","","","False","","","","","","","","0.0000","TAX","","8.2500","274.7800","","0.0000","EHM","EHM","Neither","","","","","","0.0000"
"271944","False","False","","","","","","0.0000","","","","","","","","","False","Complete Ship","09:13","10:50","","3","","","Invoice","07:00","","0.0000","False","","","","","29.826795","-98.085825","","False","","","","","","","False","False","False","False","False","False","False","False","","","","","","DELIVERY","APPROVED","","","","","","","0.0000","0.0000","2026-09-23 00:00:00","","0.0000","","False","0.0000","0","","","","False","","False","","","","2026-09-21 09:13:37","2026-09-21 14:41:20","","False","False","False","False","EHM_9/21/2026_579518","","","","","","","","False","","","47 SURREY RUN PL","","THE WOODLANDS","2814330566","diosw@mac.com","SUSAN","DIO","(281) 433-0566","","TX","77384","Default","False","0","S00065014","0.0000","2026-09-21 00:00:00","2026-09-21 00:00:00","","D04","TAKE/WEAR FACE MASKS!","00:00","","Neither","","","","","","2026-09-21 00:00:00","2026-09-21 00:00:00","S","L1","0.0000","","","D4","Rate 1","0.0000","","LOC","100.0000","0.0000","L1","","COD","","","","EHM","","0.0000","2026-09-22 00:00:00","L1","3999.0000","715 SHADY HOLLOW","","NEW BRAUNFELS","2814330566","","diosw@mac.com","SUSAN","DIO","(281) 433-0566","","TX","78132","Open","","","","","","","","","","","","No Warranty","","","0.0000","0.0000","0.0000","","","","","","Other","","Major","Home service","","","","","False","","","","","","","","0.0000","TAX","","8.2500","338.1700","","0.0000","EHM","LBF","Neither","","","","","","0.0000"
"271955","False","False","","","","","","0.0000","","","","","","","","","False","Complete Ship","10:15","11:23","","2","","","Invoice","07:00","","0.0000","False","","","","","0.000000","0.000000","","False","","","","","","","True","False","False","False","True","False","False","False","","","","","","","APPROVED","","","","","","","0.0000","0.0000","2026-09-23 00:00:00","","0.0000","","False","0.0000","0","","","","False","","False","","","","2026-09-21 10:15:30","2026-09-21 11:23:07","","False","False","False","False","EHM_9/21/2026_289562","","","","","","","","False","","","5901 FOX CHAPEL DR","","AUSTIN","5127798778","","MAHESH","REDDY","(512) 779-8778","","TX","78746","Default","False","0","R00015777","0.0000","2026-09-21 00:00:00","2026-09-21 00:00:00","","D01","","00:00","","Neither","","","","","","2026-09-21 00:00:00","2026-09-21 00:00:00","R","L1","0.0000","","","D1","Rate 1","0.0000","","LOC","264.8500","0.0000","L1","","COD","","","","EHM","","0.0000","2026-10-01 00:00:00","L1","2649.0000","5901 FOX CHAPEL DR","","AUSTIN","5127798778","","","MAHESH","REDDY","(512) 779-8778","","TX","78746","Open","","","","","","","","","","","","No Warranty","","","0.0000","0.0000","0.0000","","","","","","Other","","Major","Home service","","","","","False","","","","","","","","0.0000","TAX","","8.2500","228.8500","","0.0000","EHM","EHM","Neither","","","","","","0.0000"
"271975","False","False","","","","IMUC","","0.0000","","","","","","","","","False","Complete Ship","11:51","11:52","","2","","","Invoice","07:00","","0.0000","False","","","","","30.309066","-97.786457","","False","","","","","","","False","True","False","False","False","True","False","False","","","","","","DELIVERY","APPROVED","","","","","","","0.0000","0.0000","2026-07-23 00:00:00","","0.0000","","False","0.0000","0","","","","False","","False","","","","2026-09-21 11:51:08","2026-09-21 11:52:57","","False","False","False","False","EHM_9/21/2026_301948","","","","","","","","False","","","4107 BENNEDICT LANE","","AUSTIN","5125748706","djelly6103@gmail.com","DAVID","JOHNSTON","(512) 574-8706","","TX","78746","Default","False","0","R00015422-1","0.0000","2026-09-21 00:00:00","2026-09-21 00:00:00","","","","00:00","","Neither","","","","","","2026-09-21 00:00:00","2026-08-03 00:00:00","R","L1","0.0000","","","D2","Rate 1","0.0000","","LOC","351.9000","0.0000","L1","","COD","","","","EHM","","0.0000","2026-12-13 00:00:00","L1","10799.0000","4107 BENNEDICT LANE","","AUSTIN","5125748706","","djelly6103@gmail.com","DAVID","JOHNSTON","(512) 574-8706","","TX","78746","Open","","","","","","","","","","","","No Warranty","","","0.0000","0.0000","0.0000","","","","","","Other","","Major","Home service","","","","","False","","","","","","","","0.0000","TAX","","8.2500","892.7300","","0.0000","EHM","EHM","Neither","","","","","","0.0000"
"271950","False","False","","","","","","0.0000","","","","","","","","","False","Complete Ship","09:36","09:53","","7","","","Invoice","07:00","","0.0000","False","","","","","30.386153","-97.690213","","False","","","","","","","True","False","False","False","True","False","False","False","","","","","","DELIVERY","APPROVED","","","","","","","0.0000","0.0000","2024-12-18 00:00:00","","0.0000","","False","0.0000","0","","","","False","","False","","","","2026-09-21 09:36:23","2026-09-21 09:53:42","","False","False","False","False","LBF_9/21/2026_705547","","","","","","","","False","","","11503 CIRCLE BEND DR","","AUSTIN","9188826101","","EMILY","LOCKER","(918) 882-6101","","TX","78758","Default","False","0","R00015775","0.0000","2026-09-21 00:00:00","2026-09-21 00:00:00","","D05","RELOCATING UNITS, SINGLE FRONT STEP AT BOTH HOMES","00:00","","Neither","","","","","","2026-09-21 00:00:00","2026-09-21 00:00:00","R","L1","0.0000","","","D4","Rate 1","0.0000","","LOC","829.6900","0.0000","L1","","COD","","","","LBF","","0.0000","2026-10-01 00:00:00","L1","0.0000","11503 CIRCLE BEND DR","","AUSTIN","9188826101","","","EMILY","LOCKER","(918) 882-6101","","TX","78758","Open","","","","","","","","","","","","No Warranty","","","0.0000","0.0000","0.0000","","","","","","Other","","Major","Home service","","","","","False","","","","","","","","0.0000","TAX","","8.2500","38.7600","","0.0000","LBF","LBF","Neither","","","","","","0.0000"
"271954","False","False","","","","IMUC","","0.0000","","","","","","","","","False","Complete Ship","09:58","09:59","","6","","","Invoice","07:00","","0.0000","False","","","","","0.000000","0.000000","","False","","","512-695-5226 Jake","(512) 328-2428","512-695-5226 Jake","(512) 328-2428","False","False","False","False","False","False","False","False","","","","","","DELIVERY","APPROVED","","","","","","","0.0000","0.0000","2024-05-02 00:00:00","","0.0000","","False","0.0000","0","","","","False","","False","","","","2026-09-21 09:58:03","2026-09-21 09:59:58","","False","False","False","False","LBF_9/21/2026_533424","","","","","","","","False","","","1209 BAYLOR STREET","","AUSTIN","5123282502","jake@baileyhomes.com","*","BAILEY HOMES","(512) 328-2502","(512) 695-5226 Jake","TX","78703","Default","False","0","S00062670-9","0.0000","2026-09-21 00:00:00","2026-09-21 00:00:00","","D06","","00:00","","Neither","","","","","","2026-09-21 00:00:00","2025-05-07 00:00:00","S","L1","0.0000","","","D4","Rate 1","0.0000","","LOC","589.8500","601.4000","L1","","AR","","","","RDW","","0.0000","2026-09-30 00:00:00","L1","0.0000","401 INWOOD ROAD","","AUSTIN","5123282502","","jake@baileyhomes.com","*","ODDO","(512) 328-2502","(512) 695-5226 Jake","TX","78746","Open","","","","","","","","","","","","No Warranty","","","0.0000","0.0000","0.0000","","","","","","Other","","Major","Home service","","","","","False","","","","","","","","0.0000","TAX","","8.2500","11.5500","","0.0000","LBF","LBF","Neither","","","","","","0.0000"
"271960","False","False","","","","APPL","","0.0000","","","","","","","LBF","","False","Complete Ship","10:31","10:31","10:31","3","","","Invoice","07:00","","0.0000","False","","","","","30.312363","-97.766557","","False","","","","","","","False","False","False","False","False","False","False","False","","","","","","DELIVERY","APPROVED","","","","","","","0.0000","0.0000","2026-02-28 00:00:00","","0.0000","","False","0.0000","0","2026-09-21 00:00:00","","","False","","False","","","","2026-09-21 10:31:28","2026-09-21 10:31:50","","False","False","False","False","LBF_9/21/2026_579518","","","","","","","","False","","","33 WOODSTONE SQ","","AUSTIN","5125609144","tinawesterkom@gmail.com","TINA","WESTERKOM","(512) 560-9144","","TX","78703","Default","False","0","R00015632-1","0.0000","2026-09-21 00:00:00","2026-09-21 00:00:00","","","","00:00","","Neither","","","","","","2026-09-21 00:00:00","2026-09-02 00:00:00","R","L1","0.0000","","","D7","Rate 1","0.0000","","LOC","259.9000","568.2600","L1","","COD","","","","EHM","","0.0000","2026-09-27 00:00:00","L1","278.0000","33 WOODSTONE SQ","","AUSTIN","5125609144","","tinawesterkom@gmail.com","TINA","WESTERKOM","(512) 560-9144","","TX","78703","Not Posted","","","","","09746","","","","","","","No Warranty","","","0.0000","0.0000","0.0000","","","","","","Other","","Major","Home service","","","","","False","","","","","","","","0.0000","TAX","","8.2500","30.3600","","0.0000","LBF","LBF","Neither","","","","","","0.0000"
"271963","False","False","","","","","","0.0000","","","","","","","","","False","Complete Ship","10:44","","","2","","","Invoice","07:00","","","","","","","","0.000000","0.000000","","False","","","","","","","True","False","False","False","True","False","False","False","","","","","","DELIVERY","APPROVED","","","","","","","0.0000","0.0000","2026-09-10 00:00:00","","0.0000","","False","0.0000","0","","","","False","","","","","","2026-09-21 10:44:46","2026-09-21 14:32:09","","False","False","False","False","","","","","","","","","","","","148 NORWAY SPRUCE","","DRIPPING SPRINGS","4157479644","","ALAN","COHEN","(415) 747-9644","","TX","78620","Default","False","0","R00015685-1","0.0000","2026-09-21 00:00:00","","","D01","","00:00","","Neither","","","","","","2026-09-21 00:00:00","2026-09-08 00:00:00","R","L1","0.0000","","","D3","Rate 1","0.0000","","LOC","169.9500","1121.4700","L1","","COD","1899-12-30 00:00:00","","","EHM","","0.0000","2026-09-27 00:00:00","L1","879.0000","148 NORWAY SPRUCE","","DRIPPING SPRINGS","4157479644","","","ALAN","COHEN","(415) 747-9644","","TX","78620","Open","","","","","","","","","","","","No Warranty","","","0.0000","0.0000","0.0000","","","","","","Other","","Major","Home service","","","","","False","","","","","","","","0.0000","TAX","","8.2500","72.5200","","0.0000","LBF","","Neither","","","","","","0.0000"
"271943","False","False","","","","","","0.0000","","","","","","","","","False","Complete Ship","09:04","09:09","","3","","","Invoice","07:00","","0.0000","False","","","","","30.335861","-97.876731","","False","","","","","","","True","False","False","False","True","False","False","False","","","","","","DELIVERY","APPROVED","","","","","","","0.0000","0.0000","2026-09-23 00:00:00","","0.0000","","False","0.0000","0","","","","False","","False","","","","2026-09-21 09:04:24","2026-09-21 09:09:42","","False","False","False","False","LTC_9/21/2026_533424","","","","","","","","False","","","10204 AQUA AZUL CT","","BEE CAVE","2145051887","dcampos@skylinegcc.com","DAVID CAMPOS","SKYLINE GENERAL CONTRACTING","(214) 505-1887","","TX","78733","Default","False","0","R00015773","0.0000","2026-09-21 00:00:00","2026-09-21 00:00:00","","D06","panels","00:00","","Neither","","","","","","2026-09-21 00:00:00","2026-09-21 00:00:00","R","L1","0.0000","","","D4","Rate 1","0.0000","","LOC","0.0000","0.0000","L1","","COD","","","","LTC","","0.0000","2026-10-02 00:00:00","L1","0.0000","10204 AQUA AZUL CT","","AUSTIN","2145051887","","dcampos@skylinegcc.com","DAVID CAMPOS","SKYLINE GENERAL CONTRACTING","(214) 505-1887","","TX","78733","Open","","","","","","","","","","","","No Warranty","","","0.0000","0.0000","0.0000","","","","","","Other","","Major","Home service","","","","","False","","","","","","","","0.0000","TAX","","8.2500","0.0000","","0.0000","LTC","LBF","Neither","","","","","","0.0000"
"271953","False","False","","","","","","0.0000","","","","","","","","","False","Complete Ship","09:55","10:15","","3","","","Invoice","07:00","","0.0000","False","","","","","30.236330","-97.733862","","False","","","","","","","True","False","False","False","True","False","False","False","","","","","","","APPROVED","","","","","","","0.0000","0.0000","2026-09-23 00:00:00","","0.0000","","False","0.0000","0","","","","False","","False","","","","2026-09-21 09:55:57","2026-09-21 10:15:54","","False","False","False","False","LTC_9/21/2026_579518","","","","","","","","False","","","1901 PARKER LN","","AUSTIN","5128015939","rick@callphonograph.com","RICK","WALLEN","(512) 801-5939","","TX","78741","Default","False","0","R00015776","0.0000","2026-09-21 00:00:00","2026-09-21 00:00:00","","D01","","00:00","","Neither","","","","","","2026-09-21 00:00:00","2026-09-21 00:00:00","R","L1","0.0000","","","D4","Rate 1","0.0000","","LOC","329.9000","372.1200","L1","","COD","","","","LTC","","0.0000","2026-09-28 00:00:00","L1","39.0000","1901 PARKER LN","","AUSTIN","5128015939","","rick@callphonograph.com","RICK","WALLEN","(512) 801-5939","","TX","78741","Open","","","","","","","","","","","","No Warranty","","","0.0000","0.0000","0.0000","","","","","","Other","","Major","Home service","","","","","False","","","","","","","","0.0000","TAX","","8.2500","3.2200","","0.0000","LTC","LTC","Neither","","","","","","0.0000"
"271988","False","False","","","","","","0.0000","","","","","","","","","False","Complete Ship","13:50","15:07","","4","","","Invoice","07:00","","0.0000","False","","","","","30.412735","-98.037285","","False","","","","","","","False","True","False","False","False","True","False","False","","","","","","","APPROVED","","","","","","","0.0000","0.0000","2026-09-18 00:00:00","","0.0000","","False","0.0000","0","","","","False","","False","","","","2026-09-21 13:50:41","2026-09-21 15:07:39","","False","False","False","False","LTC_9/21/2026_301948","","","","","","","","False","","","406 N RONAY DR","","AUSTIN","7737272895","anna@studiogrnd.com","STACEY","ALLEN","(773) 727-2895","","TX","78669","Default","False","0","R00015780","0.0000","2026-09-21 00:00:00","2026-09-21 00:00:00","","D01","","00:00","","Neither","","","","","","2026-09-21 00:00:00","2026-09-21 00:00:00","R","L1","0.0000","","","D4","Rate 1","0.0000","","LOC","478.7000","6617.3100","L1","","COD","","","","LTC","","0.0000","2026-10-01 00:00:00","L1","5648.0000","406 N RONAY DR","","BRIARCLIFF","7737272895","","anna@studiogrnd.com","STACEY","ALLEN","(773) 727-2895","","TX","78669","Open","","","","","","","","","","","","No Warranty","","","0.0000","0.0000","0.0000","","","","","","Other","","Major","Home service","","","","","False","","","","","","","","0.0000","TAX","","8.2500","490.6100","","0.0000","LTC","LTC","Neither","","","","","","0.0000"
"271991","False","False","","","","","","0.0000","","","","","","","","","False","Complete Ship","14:18","15:03","","1","","","Invoice","07:00","","0.0000","False","","","","","30.236951","-97.911365","","False","","","","","","","True","False","False","False","True","False","False","False","","","","","","DELIVERY","APPROVED","","","","","","","0.0000","0.0000","2026-09-07 00:00:00","","0.0000","","False","0.0000","0","","","","False","","False","","","","2026-09-21 14:18:23","2026-09-21 15:03:14","","False","False","False","False","LTC_9/21/2026_774740","","","","","","","","False","","","8901 SAM CARTER DR","","AUSTIN","5165070392","","RYAN","HUNTER","(516) 507-0392","","TX","78736","Default","False","0","R00015671-1","0.0000","2026-09-21 00:00:00","2026-09-21 00:00:00","","D03","","00:00","","Neither","","","","","","2026-09-21 00:00:00","2026-09-05 00:00:00","R","L1","0.0000","","","D4","Rate 1","0.0000","","LOC","209.9000","1373.8900","L1","","COD","","","","LTC","","0.0000","2026-09-23 00:00:00","L1","1073.0000","8901 SAM CARTER DR","","AUSTIN","5165070392","","","RYAN","HUNTER","(516) 507-0392","","TX","78736","Open","","","","","","","","","","","","No Warranty","","","0.0000","0.0000","0.0000","","","","","","Other","","Major","Home service","","","","","False","","","","","","","","0.0000","TAX","","8.2500","90.9900","","0.0000","LTC","WKE","Neither","","","","","","0.0000"
"271994","False","False","","","","","","0.0000","","","","","","","","","False","Complete Ship","15:06","","","5","","","Invoice","07:00","","0.0000","","","","","","30.265697","-97.746552","","False","","","","","","","False","False","False","False","False","False","False","False","","","","","","","APPROVED","","","","","","","0.0000","0.0000","2026-09-04 00:00:00","","0.0000","","False","0.0000","0","","","","False","","","","","","2026-09-21 15:06:45","2026-09-21 15:07:50","","False","False","False","False","","","","","","","","","","","","210 LAVACA ST","UNIT 2101","AUSTIN","5129220173","pquaroni@gmail.com","PALMER","QUARONI","(512) 922-0173","","TX","78701","Default","False","0","R00015782","0.0000","2026-09-21 00:00:00","","","","","00:00","","Neither","","","","","","2026-09-21 00:00:00","2026-09-21 00:00:00","R","L1","0.0000","","","D1","Rate 1","0.0000","","LOC","479.8000","0.0000","L1","","COD","1899-12-30 00:00:00","","","LTC","","0.0000","2026-09-27 00:00:00","L1","7035.0000","210 LAVACA ST","UNIT 2101","AUSTIN","5129220173","","pquaroni@gmail.com","PALMER","QUARONI","(512) 922-0173","","TX","78701","Open","","","","","","","","","","","","No Warranty","","","0.0000","0.0000","0.0000","","","","","","Other","","Major","Home service","","","","","False","","","","","","","","0.0000","TAX","","8.2500","619.9700","","0.0000","LTC","","Neither","","","","","","0.0000"
"271964","False","False","78619","","","","","0.0000","","","","","","","","","False","Complete Ship","10:47","14:25","","3","","","Invoice","07:00","","0.0000","False","","","","","30.104315","-98.044986","","False","","","","","","","True","False","False","False","False","False","False","False","","","","","","","APPROVED","","","","","","","0.0000","0.0000","2026-09-23 00:00:00","","0.0000","","False","0.0000","0","","","","False","","False","","","","2026-09-21 10:47:38","2026-09-21 14:25:34","","False","False","False","False","MEP_9/21/2026_533424","","","","","","","","False","","","15401 RANCH RD 12","SUITE 101","WIMBERLEY","5127223880","bex@bexhale.com","*","BEX HALE INTERIOR DESIGN","(512) 722-3880","","TX","78676","Default","False","0","S00065015","0.0000","2026-09-21 00:00:00","2026-09-21 00:00:00","","D01","gate code is 7213","00:00","","Neither","","","","","","2026-09-21 00:00:00","2026-09-21 00:00:00","S","L1","0.0000","","","D4","Rate 1","0.0000","","LOC","360.6500","2422.2600","L1","","COD","","","","MEP","","0.0000","2026-10-05 00:00:00","L1","1877.0000","120 TRAILMASTER CR.","","DRIFTWOOD","5127223880","","daveycarrie@outlook.com","CARRIE","DAVEY","(512) 657-7213","","TX","78619","Open","","","","","","","","","","","","No Warranty","","","0.0000","0.0000","0.0000","","","","","","Other","","Major","Home service","","","","","False","","","","","","","","0.0000","TAX","","8.2500","184.6100","","0.0000","MEP","MEP","Neither","","","","","","0.0000"
"271945","False","False","","","","IMUC","","0.0000","","","","","","","","","False","Complete Ship","09:20","09:26","","0","","","Invoice","07:00","","0.0000","False","","","","","30.270326","-97.780905","","False","","","(512) 358-4892","","(512) 358-4892","","False","False","False","False","False","False","False","False","","","","","","DELIVERY","APPROVED","","","","","","","0.0000","0.0000","2025-03-30 00:00:00","","0.0000","","False","0.0000","0","","","","False","","False","","","","2026-09-21 09:20:03","2026-09-21 09:26:15","","False","False","False","False","RDW_9/21/2026_533424","","","","","","","","False","","","1301 S CAPITAL OF TEXAS HWY","STE 200C","AUSTIN","5126381011","accounting@shoberghomes.com","*","SHOBERG CUSTOM HOMES","(512) 638-1011","","TX","78746","Default","False","0","S00063063-1","0.0000","2026-09-21 00:00:00","2026-09-21 00:00:00","","D03","DROP OFF","00:00","","Neither","","","","","","2026-09-21 00:00:00","2025-07-16 00:00:00","S","L1","0.0000","","","D4","Rate 1","0.0000","","LOC","0.0000","6811.0900","L1","","AR","","","","RDW","","0.0000","2026-09-23 00:00:00","L1","6292.0000","500 VALE STREET","","AUSTIN","5126381011","","jacob@shoberghomes.com","*","SHOBERG CUSTOM HOMES","(512) 200-1854","","TX","78746","Open","","","","","","","","","","","","No Warranty","","","0.0000","0.0000","0.0000","","","","","","Other","","Major","Home service","","","","","False","","","","","","","","0.0000","TAX","","8.2500","519.0900","","0.0000","RDW","LBF","Neither","","","","","","0.0000"
"271946","False","False","","","","","","0.0000","","","","","","","","","False","Complete Ship","09:26","09:42","","3","","","Invoice","07:00","","0.0000","False","","","","","30.204151","-98.128053","","False","","","","","","","False","True","False","False","False","True","False","False","","","","","","","APPROVED","","","","","","","0.0000","0.0000","2026-09-23 00:00:00","","0.0000","","False","0.0000","0","","","","False","","False","","","","2026-09-21 09:26:08","2026-09-21 09:58:08","","False","False","False","False","SPR_9/21/2026_289562","","","","","","","","False","","","170 BUNKER RANCH BLVD","#56","DRIPPING SPRINGS","4693876701","lindakwood20@gmail.com","LINDA","WOOD","(469) 387-6701","","TX","78620","Default","False","0","R00015774","0.0000","2026-09-21 00:00:00","2026-09-21 00:00:00","","D03","","00:00","","Neither","","","","","","2026-09-21 00:00:00","2026-09-21 00:00:00","R","L1","0.0000","","","D4","Rate 1","0.0000","","LOC","260.6500","3310.9900","L1","","COD","","","","SPR","","0.0000","2026-09-22 00:00:00","L1","2798.0000","170 BUNKER RANCH BLVD","#56","DRIPPING SPRINGS","4693876701","","lindakwood20@gmail.com","LINDA","WOOD","(469) 387-6701","","TX","78620","Open","","","","","","","","","","","","No Warranty","","","0.0000","0.0000","0.0000","","","","","","Other","","Major","Home service","","","","","False","","","","","","","","0.0000","TAX","","8.2500","252.3400","","0.0000","SPR","SPR","Neither","","","","","","0.0000"
"271971","False","False","","","","","","0.0000","","","","","","","","","False","Complete Ship","11:39","","","3","","","Invoice","07:00","","0.0000","","","","","","30.307140","-97.787221","","False","","","","","","","False","True","False","False","False","True","False","False","","","","","","","APPROVED","","","","","","","0.0000","0.0000","2026-09-23 00:00:00","","0.0000","","False","0.0000","0","","","","False","","","","","","2026-09-21 11:39:08","2026-09-21 11:39:17","","False","False","False","False","","","","","","","","","","","","2007 SAN MIGUEL LANE","","AUSTIN","2253621689","bryan.gammon@gmail.com","JULIA & BRYAN","GAMMON","(805) 453-6060","(225) 362-1689","TX","78746","Default","False","0","R00015778","0.0000","2026-09-21 00:00:00","","","","","00:00","","Neither","","","","","","2026-09-21 00:00:00","2026-09-21 00:00:00","R","L1","0.0000","","","D3","Rate 1","0.0000","","LOC","303.6500","0.0000","L1","","COD","1899-12-30 00:00:00","","","SPR","","0.0000","2026-09-27 00:00:00","L1","940.0000","2007 SAN MIGUEL LANE","","AUSTIN","2253621689","","bryan.gammon@gmail.com","JULIA & BRYAN","GAMMON","(805) 453-6060","(225) 362-1689","TX","78746","Open","","","","","","","","","","","","No Warranty","","","0.0000","0.0000","0.0000","","","","","","Other","","Major","Home service","","","","","False","","","","","","","","0.0000","TAX","","8.2500","102.6000","","0.0000","SPR","","Neither","","","","","","0.0000"
"271986","False","False","","","","","","0.0000","","","","","","","","","False","Complete Ship","13:30","13:32","","1","","","Invoice","07:00","","0.0000","False","","","","","30.184909","-97.980106","","False","","","","","","","False","True","False","False","False","True","False","False","","","","","","","APPROVED","","","","","","","0.0000","0.0000","2026-09-23 00:00:00","","0.0000","","False","0.0000","0","","","","False","","False","","","","2026-09-21 13:30:14","2026-09-21 13:35:48","","False","False","False","False","SPR_9/21/2026_814490","","","","","","","","False","","","103 CATALINA LN","","AUSTIN","5124134444","","DANIEL","BETHKE","(512) 413-4444","","TX","78737","Default","False","0","R00015779","0.0000","2026-09-21 00:00:00","2026-09-21 00:00:00","","","","00:00","","Neither","","","","","","2026-09-21 00:00:00","2026-09-21 00:00:00","R","L1","0.0000","","","D2","Rate 1","0.0000","","LOC","172.8000","1743.6300","L1","","COD","","","","SPR","","0.0000","2026-09-27 00:00:00","L1","1138.0000","103 CATALINA LN","","AUSTIN","5124134444","","","DANIEL","BETHKE","(512) 413-4444","","TX","78737","Open","","","","","","","","","","","","No Warranty","","","0.0000","0.0000","0.0000","","","","","","Other","","Major","Home service","","","","","False","","","","","","","","0.0000","TAX","","8.2500","132.8900","","0.0000","SPR","SPR","Neither","","","","","","299.9400"
"271918","False","False","","","","INST","","0.0000","","","","","","","","","False","Complete Ship","12:06","12:18","","4","","","Invoice","07:00","","0.0000","False","","","","","30.154823","-97.977782","","False","","","","","","","False","True","False","False","False","True","False","False","","","","","","","APPROVED","","","","","","","0.0000","0.0000","2026-09-21 00:00:00","","0.0000","","False","0.0000","0","","","","False","","False","","","","2026-09-19 12:06:11","2026-09-21 10:39:54","","False","False","False","False","CSH_9/19/2026_533424","","","","","","","","False","","","370 CISTERN WAY","","AUSTIN","4125080903","amonpara@gmail.com","AYAN & PAYAL","MONPARA","(412) 508-0903","","TX","78737","Default","False","0","S00065013","16185.2200","2026-09-19 00:00:00","2026-09-19 00:00:00","","","","00:00","","Neither","","","","","","2026-09-19 00:00:00","2026-09-19 00:00:00","S","L1","0.0000","","","D2","Rate 1","0.0000","","LOC","-1008.1500","0.0000","L1","","COD","","","","CSH","","0.0000","2026-09-27 00:00:00","L1","15985.0000","370 CISTERN WAY","","AUSTIN","4125080903","","amonpara@gmail.com","AYAN & PAYAL","MONPARA","(412) 508-0903","(303) 517-1213","TX","78737","Open","","","","","","","","","","","","No Warranty","","","0.0000","0.0000","0.0000","","","","","","Other","","Major","Home service","","","","","False","","","","","","","","0.0000","TAX","","8.2500","1208.3700","","0.0000","CSH","CSH","Neither","","","","","","0.0000"
"271915","False","False","","","","","","0.0000","","","","","","","","","False","Complete Ship","10:52","11:00","","3","","","Invoice","07:00","","0.0000","False","","","","","30.197221","-97.889517","","False","","","","","","","False","False","False","False","False","False","False","False","","","","","","DELIVERY","APPROVED","","","","","","","0.0000","0.0000","2026-09-21 00:00:00","","0.0000","","False","0.0000","0","","","","False","","False","","","","2026-09-19 10:52:32","2026-09-21 10:39:54","","False","False","False","False","SPR_9/19/2026_705547","","","","","","","","False","","","6332 TASAJILLO TRAIL","","AUSTIN","5124680942","uoftexas95@yahoo.com","JEFF & JODY","ROBERTS","(512) 468-0942","","TX","78739","Default","False","0","R00015769","4068.7400","2026-09-19 00:00:00","2026-09-19 00:00:00","","D01","","00:00","","Neither","","","","","","2026-09-19 00:00:00","2026-09-19 00:00:00","R","L1","0.0000","","","D4","Rate 1","0.0000","","LOC","360.6500","0.0000","L1","","COD","","","","SPR","","0.0000","2026-09-28 00:00:00","L1","3398.0000","6332 TASAJILLO TRAIL","","AUSTIN","5124680942","","uoftexas95@yahoo.com","JEFF & JODY","ROBERTS","(512) 468-0942","","TX","78739","Open","","","","","","","","","","","","No Warranty","","","0.0000","0.0000","0.0000","","","","","","Other","","Major","Home service","","","","","False","","","","","","","","0.0000","TAX","","8.2500","310.0900","","0.0000","SPR","SPR","Neither","","","","","","0.0000"
"271920","False","False","","","","","","0.0000","","","","","","","","","False","Complete Ship","12:32","12:34","","3","","","Invoice","07:00","","0.0000","False","","","","","30.158473","-97.833748","","False","","","","","","","False","True","False","False","False","True","False","False","","","","","","","APPROVED","","","","","","","0.0000","0.0000","2026-09-21 00:00:00","","0.0000","","False","0.0000","0","","","","False","","False","","","","2026-09-19 12:32:36","2026-09-21 10:39:54","","False","False","False","False","SPR_9/19/2026_289562","","","","","","","","False","","","1905 KAISER DR","","AUSTIN","5129833776","","CHRISTOPHER","BRAILAS","(512) 983-3776","","TX","78748","Default","False","0","R00015770","3852.2400","2026-09-19 00:00:00","2026-09-19 00:00:00","","","","00:00","","Neither","","","","","","2026-09-19 00:00:00","2026-09-19 00:00:00","R","L1","0.0000","","","D2R","Rate 1","0.0000","","LOC","360.6500","0.0000","L1","","COD","","","","SPR","","0.0000","2026-09-28 00:00:00","L1","3198.0000","1905 KAISER DR","","AUSTIN","5129833776","","","CHRISTOPHER","BRAILAS","(512) 983-3776","","TX","78748","Open","","","","","","","","","","","","No Warranty","","","0.0000","0.0000","0.0000","","","","","","Other","","Major","Home service","","","","","False","","","","","","","","0.0000","TAX","","8.2500","293.5900","","0.0000","SPR","SPR","Neither","","","","","","0.0000"
"271921","False","False","","","","","","0.0000","","","","","","","","","False","Complete Ship","12:58","13:02","","2","","","Invoice","07:00","","0.0000","False","","","","","0.000000","0.000000","","False","","","","","","","False","False","False","False","False","False","False","False","","","","","","DELIVERY","APPROVED","","","","","","","0.0000","0.0000","2026-09-21 00:00:00","","0.0000","","False","0.0000","0","","","","False","","False","","","","2026-09-19 12:58:16","2026-09-21 10:39:54","","False","False","False","False","SPR_9/19/2026_301948","","","","","","","","False","","","17208 AVION DRIVE","","DRIPPING SPRINGS","5129236370","clmrik@sbcglobal.net","CHIRSTY","MRLIK","(512) 923-6370","","TX","78620","Default","False","0","R00015771","1159.2200","2026-09-19 00:00:00","2026-09-19 00:00:00","","D01","","00:00","","Neither","","","","","","2026-09-19 00:00:00","2026-09-19 00:00:00","R","L1","0.0000","","","D4","Rate 1","0.0000","","LOC","249.9000","0.0000","L1","","COD","","","","SPR","","0.0000","2026-09-28 00:00:00","L1","671.0000","17208 AVION DRIVE","","DRIPPING SPRINGS","5129236370","","clmrik@sbcglobal.net","CHIRSTY","MRLIK","(512) 923-6370","","TX","78620","Open","","","","","","","","","","","","No Warranty","","","0.0000","0.0000","0.0000","","","","","","Other","","Major","Home service","","","","","False","","","","","","","","0.0000","TAX","","8.2500","88.3500","","0.0000","SPR","SPR","Neither","","","","","","149.9700"
"271857","False","False","","","","","","0.0000","","","","","","","","","False","Complete Ship","08:07","10:21","","0","","","Invoice","07:00","","0.0000","False","","","","","29.544243","-95.045523","","False","","","","","","","False","False","False","False","False","False","False","False","","","","","","DELIVERY","APPROVED","","","","","","","0.0000","0.0000","2026-09-20 00:00:00","","0.0000","","False","0.0000","0","","","","False","","False","","","","2026-09-18 08:07:34","2026-09-21 12:51:44","","False","False","False","False","27_9/18/2026_705547","","","","","","","","False","","","2727 KIRBY DRIVE","","HOUSTON","8324638020","polarishd800@gmail.com","MATT & KATHLEEN","LUCAS","(832) 463-8020","","TX","77098","Default","False","0","S00065008","0.0000","2026-09-18 00:00:00","2026-09-21 00:00:00","","","","00:00","","Neither","","","","","","2026-09-21 00:00:00","2026-09-18 00:00:00","S","L1","0.0000","","","D2","Rate 1","0.0000","","","-2447.0000","0.0000","L1","","AR","2026-09-30 00:00:00","Gagg Steam Oven","","27","","0.0000","","L1","14145.0000","2727 KIRBY DRIVE","","HOUSTON","8324638020","","polarishd800@gmail.com","MATT & KATHLEEN","LUCAS","(832) 463-8020","","TX","77098","Open","","","","","","","","","","","","No Warranty","","","0.0000","0.0000","0.0000","","","","","","Other","","Major","Home service","","","","","False","","","","","","","","0.0000","TAX","","8.2500","965.0900","","0.0000","27","27","Neither","","","","","","0.0000"
"271877","False","False","","","","","","0.0000","","","","","","","27","","False","Complete Ship","12:06","12:31","09:41","0","","","Invoice","07:00","","0.0000","False","","","","","0.000000","0.000000","","False","","","","","","","False","False","False","False","False","False","False","False","","","","","","DELIVERY","APPROVED","","","","","","","0.0000","0.0000","2026-09-20 00:00:00","","0.0000","","False","0.0000","0","2026-09-21 00:00:00","","","False","","False","","","","2026-09-18 12:06:37","2026-09-21 09:41:34","","False","False","False","False","27_9/18/2026_705547","","","","","","","","False","","","PO BOX 1061","3320 MARTIN ROAD","DRIPPING SPRINGS","5128584641","twilson@wilsonappliance.com","TREY & GAY LYNN","WILSON","(512) 964-6432","(512) 964-6436","TX","78620","Default","False","0","S00065009","0.0000","2026-09-18 00:00:00","2026-09-18 00:00:00","","","","00:00","","Neither","","","","","","2026-09-21 00:00:00","2026-09-18 00:00:00","S","L1","0.0000","","","D7","Rate 1","0.0000","","DS","0.0000","0.0000","L1","","AR","2026-09-18 00:00:00","SPOUT Gavin Up","","27","","0.0000","","L1","0.0000","PO BOX 1061","3320 MARTIN ROAD","DRIPPING SPRINGS","5128584641","","twilson@wilsonappliance.com","TREY & GAY LYNN","WILSON","(512) 964-6432","(512) 964-6436","TX","78620","Not Posted","","","","","","","","","","","","No Warranty","","","0.0000","0.0000","0.0000","","","","","","Other","","Major","Home service","","","","","False","","","","","","","","0.0000","TAX","","8.2500","0.0000","","0.0000","27","27","Neither","","","","","","0.0000"
"271866","False","False","","","","MOD","","0.0000","","","","","","","","","False","Complete Ship","10:05","10:08","","1","","","Invoice","07:00","","0.0000","False","","","","","30.347307","-98.021728","","False","","","","","","","False","True","False","False","False","True","False","False","","","","","","DELIVERY","APPROVED","","","","","","","0.0000","0.0000","2026-08-20 00:00:00","","0.0000","","False","0.0000","0","","","","False","","False","","","","2026-09-18 10:05:48","2026-09-18 10:08:12","","False","False","False","False","CBS_9/18/2026_579518","","","","","","","","False","","","407 MERCER FALLS RD","","LAKEWAY","3016758687","","PATRICK","BERGER","(301) 675-8687","","TX","78738","Default","False","0","MD00010117","0.0000","2026-09-18 00:00:00","2026-09-18 00:00:00","","ABC","","00:00","","Neither","","","","","","2026-09-18 00:00:00","2026-09-18 00:00:00","MOD","L1","0.0000","","","D4","Rate 1","0.0000","","LOC","0.0000","0.0000","L1","","COD","","","","CBS","SPR","0.0000","2026-10-08 00:00:00","L1","0.0000","407 MERCER FALLS RD","","LAKEWAY","3016758687","","","PATRICK","BERGER","(301) 675-8687","","TX","78738","Open","","","","","","","","","","","","No Warranty","","","0.0000","0.0000","0.0000","","","","","","Other","","Major","Home service","","","","","False","","","","","","","","0.0000","TAX","","8.2500","0.0000","","0.0000","CBS","CBS","Neither","","","","","","0.0000"
"271910","False","False","","","","CAB","","0.0000","","","","","","","","","False","Complete Ship","16:37","17:02","","1","","","Invoice","07:00","","0.0000","False","","","","","30.094398","-98.041447","","False","","","","","","","True","False","False","False","True","False","False","False","","","","","","CABINETS","APPROVED","","","","","","","0.0000","0.0000","2026-09-20 00:00:00","","0.0000","","False","0.0000","0","","","","False","","False","","","","2026-09-18 16:37:24","2026-09-21 10:33:00","","False","False","False","False","CBS_9/18/2026_705547","","","","","","","","False","","","659 RANCHERS CLUB LN","","DRIFTWOOD","7132067359","mkjones@me.com","MONA","JONES","(713) 206-7359","","TX","78619","Default","False","0","MD00010118","249.0000","2026-09-18 00:00:00","2026-09-18 00:00:00","","ABC","","00:00","","Neither","","","","","","2026-09-18 00:00:00","2026-09-18 00:00:00","MOD","L1","0.0000","","","D4","Rate 1","0.0000","","LOCAL","249.0000","0.0000","L1","","COD","","","","CBS","CSH","0.0000","2026-10-02 00:00:00","L1","0.0000","659 RANCHERS CLUB LN","","DRIFTWOOD","7132067359","","mkjones@me.com","MONA","JONES","(713) 206-7359","","TX","78619","Open","","","","","","","","","","","","No Warranty","","","0.0000","0.0000","0.0000","","","","","","Other","","Major","Home service","","","","","False","","","","","","","","0.0000","TAX","","8.2500","0.0000","","0.0000","CBS","CSH","Neither","","","","","","0.0000"
"271859","False","False","","","","","","0.0000","","","","","","","","","False","Complete Ship","08:30","10:29","","2","","","Invoice","07:00","","0.0000","False","","","","","30.024612","-98.019327","","False","","","","","","","False","False","False","False","False","False","False","False","","","","","","","APPROVED","","","","","","","0.0000","0.0000","2026-09-19 00:00:00","","0.0000","","False","0.0000","0","","","","False","","False","","","","2026-09-18 08:30:29","2026-09-21 12:41:18","","False","False","False","False","CSH_9/18/2026_705547","","","","","","","","False","","","300A WINDMILL COVE","","WIMBERLEY","5126999475","mtucker0612@gmail.com","MATT AND COURTNEY","TUCKER","(512) 699-9475","","TX","78676","Default","False","0","R00015762","1622.5100","2026-09-18 00:00:00","2026-09-18 00:00:00","","D05","","00:00","","Neither","","","","","","2026-09-18 00:00:00","2026-09-18 00:00:00","R","L1","0.0000","","","D4","Rate 1","0.0000","","LOC","-0.1500","0.0000","L1","","COD","","","","CSH","","0.0000","2026-09-23 00:00:00","L1","1499.0000","300A WINDMILL COVE","","WIMBERLEY","5126999475","","mtucker0612@gmail.com","MATT AND COURTNEY","TUCKER","(512) 699-9475","","TX","78676","Open","","","","","","","","","","","","No Warranty","","","0.0000","0.0000","0.0000","","","","","","Other","","Major","Home service","","","","","False","","","","","","","","0.0000","TAX","","8.2500","123.6600","","0.0000","CSH","LBF","Neither","","","","","","0.0000"
"271856","False","False","","","","","","0.0000","","","","","","","","","False","Complete Ship","07:31","08:26","","3","","","Invoice","07:00","","0.0000","False","","","","","30.307997","-97.784623","","False","","","","","","","True","False","False","False","True","False","False","False","","","","","","DELIVERY","APPROVED","","","","","","","0.0000","0.0000","2026-04-30 00:00:00","","0.0000","","False","0.0000","0","","","","False","","False","","","","2026-09-18 07:31:05","2026-09-21 08:26:42","","False","False","False","False","LBF_9/18/2026_705547","","","","","","","","False","","","4003 BENNEDICT LANE","","AUSTIN","5127663080","gsal@gardient.com","GEORGE","SALEMIE","(512) 766-3080","","TX","78746","Default","False","0","S00064523-3","0.0000","2026-09-18 00:00:00","2026-09-21 00:00:00","","D01","RANGE ONSITE - (512) 766-3080","00:00","","Neither","","","","","","2026-09-21 00:00:00","2026-06-08 00:00:00","S","L1","0.0000","","","D4","Rate 1","0.0000","","LOC","0.0000","0.0000","L1","","COD","","","","LTC","","0.0000","2026-09-21 00:00:00","L1","0.0000","4003 BENNEDICT LANE","","AUSTIN","5127663080","","gsal@gardient.com","GEORGE","SALEMIE","(512) 965-2150","","TX","78746","Open","","","","","","","","","","","","No Warranty","","","0.0000","0.0000","0.0000","","","","","","Other","","Major","Home service","","","","","False","","","","","","","","0.0000","TAX","","8.2500","0.0000","","0.0000","LBF","LBF","Neither","","","","","","0.0000"
"271858","False","False","78028","","","","","0.0000","","","","","","","","","False","Complete Ship","08:30","16:04","","2","","","Invoice","07:00","","0.0000","False","","","","","0.000000","0.000000","","False","","","5125853819 CHRIS","(830) 990-8522","5125853819 CHRIS","(830) 990-8522","False","False","False","False","False","False","False","False","","","","","","DELIVERY","APPROVED","","","","","","","0.0000","0.0000","2023-05-03 00:00:00","","0.0000","","False","0.0000","0","","","","False","","False","","","","2026-09-18 08:30:19","2026-09-21 10:33:01","","False","False","False","False","LBF_9/18/2026_579518","","","","","","","","False","","","1211 E. MAIN STREET","","FREDERICKSBURG","8309908500","loribdci@aol.com;billbdci@aol.com","*","BILL DUNN CONSTRUCTION","(830) 990-8500","(512) 748-3756 BILL","TX","78624","Default","False","0","S00063116-11","299.9500","2026-09-18 00:00:00","2026-09-18 00:00:00","","","","00:00","","Neither","","","","","","2026-09-18 00:00:00","2025-07-29 00:00:00","S","L1","0.0000","","","D3","Rate 1","0.0000","","OUTER","299.9500","0.0000","L1","","AR","","","","RDW","","0.0000","2026-09-20 00:00:00","L1","0.0000","1122 LIN-PALMER ROAD","","KERRVILLE","8309908500","","loribdci@aol.com;billbdci@aol.com","SARAH & DOUG","FOSHEE","(830) 990-8500","(512) 748-3756 BILL","TX","78028","Open","","","","","","","","","","","","No Warranty","","","0.0000","0.0000","0.0000","","","","","","Other","","Major","Home service","","","","","False","","","","","","","","0.0000","TAX","","8.2500","0.0000","","0.0000","LBF","LBF","Neither","","","","","","0.0000"
"271894","False","False","","","","IMUC","","0.0000","","","","","","","","","False","Complete Ship","14:32","14:33","","0","","","Invoice","07:00","","0.0000","False","","","","","29.838935","-97.859764","","False","","","","","","","False","True","False","False","False","True","False","False","","","","","","DELIVERY","APPROVED","","","","","","","0.0000","0.0000","2025-10-02 00:00:00","","0.0000","","False","0.0000","0","","","","False","","False","","","","2026-09-18 14:32:20","2026-09-21 12:10:28","","False","False","False","False","LBF_9/18/2026_533424","","","","","","","","False","","","142 W. RHAPSODY","","SAN ANTONIO","8308166306","office@jjdevelopment.com","*","J & J DEVELOPMENT","(830) 816-6306","","TX","78216","Default","False","0","S00065010","0.0000","2026-09-18 00:00:00","2026-09-18 00:00:00","","D01","UNINSTALL","00:00","","Neither","","","","","","2026-09-21 00:00:00","2026-09-18 00:00:00","S","L1","0.0000","","","D4","Rate 1","0.0000","","LOC","0.0000","0.0000","L1","","AR","","","","MEP","","0.0000","2026-09-23 00:00:00","L1","0.0000","112 RIVER LAKES LANE","","MARTINDALE","7132495300","","jess@cochranresources.com","LAURIE AND JESS","COCHRAN","(713) 249-5300","","TX","78655","Open","","","","","","","","","","","","No Warranty","","","0.0000","0.0000","0.0000","","","","","","Other","","Major","Home service","","","","","False","","","","","","","","0.0000","TAX","","8.2500","0.0000","","0.0000","LBF","LBF","Neither","","","","","","0.0000"
"271868","False","False","","","","","","0.0000","","","","","","","","","False","Complete Ship","10:44","13:49","","2","","","Invoice","07:00","","0.0000","False","","","","","30.351099","-97.739920","","False","","","","","","","False","True","False","False","False","True","False","False","","","","","","","APPROVED","","","","","","","0.0000","0.0000","2026-09-20 00:00:00","","0.0000","","False","0.0000","0","","","","False","","False","","","","2026-09-18 10:44:30","2026-09-21 14:19:56","","False","False","False","False","LBF_9/18/2026_705547","","","","","","","","False","","","2709 PINEWOOD TERRACE","","AUSTIN","8327248449","","PRESTON","MOORE","(832) 724-8449","","TX","78757","Default","False","0","R00015763","0.0000","2026-09-18 00:00:00","2026-09-21 00:00:00","","D05","","00:00","","Neither","","","","","","2026-09-21 00:00:00","2026-09-18 00:00:00","R","L1","0.0000","","","D4","Rate 1","0.0000","","LOC","244.8500","3078.4700","L1","","COD","","","","LTC","","0.0000","2026-09-28 00:00:00","L1","2599.0000","2709 PINEWOOD TERRACE","","AUSTIN","8327248449","","","PRESTON","MOORE","(832) 724-8449","","TX","78757","Open","","","","","","","","","","","","No Warranty","","","0.0000","0.0000","0.0000","","","","","","Other","","Major","Home service","","","","","False","","","","","","","","0.0000","TAX","","8.2500","234.6200","","0.0000","LTC","LTC","Neither","","","","","","0.0000"
"271907","False","False","","","","","","0.0000","","","","","","","","","False","Complete Ship","16:15","","","3","","","Invoice","07:00","","0.0000","","","","","","0.000000","0.000000","","False","","","","","","","False","False","False","False","False","False","False","False","","","","","","","APPROVED","","","","","","","0.0000","0.0000","2020-06-21 00:00:00","","0.0000","","False","0.0000","0","","","","False","","","","","","2026-09-18 16:15:13","2026-09-21 10:33:01","","False","False","False","False","","","","","","","","","","","","875 CR 324","","GATESVILLE","2547228123","dheavin@curves.com","DIANE","HEAVIN","(254) 722-8123","","TX","76528","Default","False","0","S00065012","3135.1700","2026-09-18 00:00:00","","","","","00:00","","Neither","","","","","","2026-09-18 00:00:00","2026-09-18 00:00:00","S","L1","0.0000","","","D2","Rate 1","0.0000","","OUT","769.9000","0.0000","L1","","COD","1899-12-30 00:00:00","","","RDW","","0.0000","2026-10-18 00:00:00","L1","2137.0000","875 CR 324","","GATESVILLE","2547228123","","dheavin@curves.com","DIANE","HEAVIN","(254) 722-8123","","TX","76528","Open","","","","","","","","","","","","No Warranty","","","0.0000","0.0000","0.0000","","","","","","Other","","Major","Home service","","","","","False","","","","","","","","0.0000","TAX","","8.2500","228.2700","","0.0000","RDW","","Neither","","","","","","0.0000"
"271870","False","False","","","","","","0.0000","","","","","","","","","False","Complete Ship","11:15","11:37","","3","","","Invoice","07:00","","0.0000","False","","","","","29.987060","-98.262907","","False","","","","","","","False","True","False","False","False","True","False","False","","","","","","","APPROVED","","","","","","","0.0000","0.0000","2026-09-20 00:00:00","","0.0000","","False","0.0000","0","","","","False","","False","","","","2026-09-18 11:15:16","2026-09-21 10:33:00","","False","False","False","False","SPR_9/18/2026_579518","","","","","","","","False","","","526 STARS AND STRIPES","","BLANCO","7192903436","","GARY","LONG","(719) 290-3436","","TX","78606","Default","False","0","R00015764","3659.7400","2026-09-18 00:00:00","2026-09-18 00:00:00","","D01","","00:00","","Neither","","","","","","2026-09-18 00:00:00","2026-09-18 00:00:00","R","L1","0.0000","","","D4","Rate 1","0.0000","","WEST","231.8500","0.0000","L1","","COD","","","","SPR","","0.0000","2026-10-26 00:00:00","L1","2799.0000","526 STARS AND STRIPES","","BLANCO","7192903436","","","GARY","LONG","(719) 290-3436","","TX","78606","Open","","","","","","","","","","","","No Warranty","","","0.0000","0.0000","0.0000","","","","","","Other","","Major","Home service","","","","","False","","","","","","","","0.0000","TAX","","8.2500","278.9200","","0.0000","SPR","SPR","Neither","","","","","","349.9700"
"271872","False","False","","","","","","0.0000","","","","","","","","","False","Complete Ship","11:44","16:30","","9","","","Invoice","07:00","","0.0000","False","","","","","30.299552","-98.037959","","False","","","","","","","True","False","False","False","True","False","False","False","","","","","","","APPROVED","","","","","","","0.0000","0.0000","2026-09-19 00:00:00","","0.0000","","False","0.0000","0","","","","False","","False","","","","2026-09-18 11:44:23","2026-09-21 10:33:01","","False","False","False","False","SPR_9/18/2026_705547","","","","","","","","False","","","17737 FLAGLER DRIVE","","AUSTIN","5593411883","tandmatkins@yahoo.com","MICHELLE","ATKINS","(559) 341-1883","","TX","78738","Default","False","0","R00015765","19820.9700","2026-09-18 00:00:00","2026-09-18 00:00:00","","D01","","00:00","","Neither","","","","","","2026-09-18 00:00:00","2026-09-18 00:00:00","R","L1","0.0000","","","D4","Rate 1","0.0000","","LOC","1063.7500","0.0000","L1","","COD","","","","SPR","","0.0000","2026-09-24 00:00:00","L1","15997.0000","17737 FLAGLER DRIVE","","AUSTIN","5593411883","","tandmatkins@yahoo.com","MICHELLE","ATKINS","(559) 341-1883","","TX","78738","Open","","","","","","","","","","","","No Warranty","","","0.0000","0.0000","0.0000","","","","","","Other","","Major","Home service","","","","","False","","","","","","","","0.0000","TAX","","8.2500","1460.3100","","0.0000","SPR","SPR","Neither","","","","","","1299.9100"
"271901","False","False","78620","","","","","0.0000","","","","","","","","","False","Complete Ship","15:05","15:39","","3","","","Invoice","07:00","","0.0000","False","","","","","30.204151","-98.128053","","False","","","","","","","False","False","False","False","False","False","False","False","","","","","","","APPROVED","","","","","","","0.0000","0.0000","2026-09-20 00:00:00","","0.0000","","False","0.0000","0","","","","False","","False","","","","2026-09-18 15:05:22","2026-09-21 10:33:01","","False","False","False","False","SPR_9/18/2026_579518","","","","","","","","False","","","170 BUNKER RANCH BLVD","#52","DRIPPING SPRINGS","5126578959","BETTYK@AMELIABULLOCK.COM","BETTY","KUYKENDALL","(512) 657-8959","","TX","78620","Default","False","0","R00015767","1808.4700","2026-09-18 00:00:00","2026-09-18 00:00:00","","D05","","00:00","","Neither","","","","","","2026-09-18 00:00:00","2026-09-18 00:00:00","R","L1","0.0000","","","D4","Rate 1","0.0000","","LOC","332.7000","0.0000","L1","","COD","","","","SPR","","0.0000","2026-09-23 00:00:00","L1","1038.0000","170 BUNKER RNCH BLVD","#52","DRIPPING SPRINGS","5126578959","","betty.kuykendall@kupersir.com","BETTY","KUYKENDALL","(512) 657-8959","","TX","78620","Open","","","","","","","","","","","","No Warranty","","","0.0000","0.0000","0.0000","","","","","","Other","","Major","Home service","","","","","False","","","","","","","","0.0000","TAX","","8.2500","137.8300","","0.0000","SPR","LBF","Neither","","","","","","299.9400"
"271908","False","False","","","","","","0.0000","","","","","","","","","False","Complete Ship","16:33","12:34","","2","","","Invoice","07:00","","0.0000","False","","","","","30.117700","-97.983145","","False","","","","","","","False","True","False","False","False","True","False","False","","","","","","","APPROVED","","","","","","","0.0000","0.0000","2026-09-20 00:00:00","","0.0000","","False","0.0000","0","","","","False","","False","","","","2026-09-18 16:33:41","2026-09-21 12:34:22","","False","False","False","False","SPR_9/18/2026_301948","","","","","","","","False","","","10044 BRANGUS RD","","DRIFTWOOD","5123619993","","BETSY","MALDONADO","(512) 361-9993","","TX","78619","Default","False","0","R00015768","724.0800","2026-09-18 00:00:00","2026-09-21 00:00:00","","D01","","00:00","","Neither","","","","","","2026-09-21 00:00:00","2026-09-18 00:00:00","R","L1","0.0000","","","D4","Rate 1","0.0000","","LOC","249.9000","0.0000","L1","","COD","","","","SPR","","0.0000","2026-09-26 00:00:00","L1","419.0000","10044 BRANGUS RD","","DRIFTWOOD","5123619993","","","BETSY","MALDONADO","(512) 361-9993","","TX","78619","Open","","","","","","","","","","","","No Warranty","","","0.0000","0.0000","0.0000","","","","","","Other","","Major","Home service","","","","","False","","","","","","","","0.0000","TAX","","8.2500","55.1800","","0.0000","SPR","SPR","Neither","","","","","","0.0000"
"271886","False","False","","","","","","0.0000","","","","","","","","","False","Complete Ship","13:13","14:20","","1","","","Invoice","07:00","","0.0000","False","","","","","30.014257","-97.886335","","False","","","","","","","True","False","False","False","True","False","False","False","","","","","","","APPROVED","","","","","","","0.0000","0.0000","2026-08-31 00:00:00","","0.0000","","False","0.0000","0","","","","False","","False","","","","2026-09-18 13:13:34","2026-09-21 14:03:59","","False","False","False","False","LTC_9/18/2026_289562","","","","","","","","False","","","334 HAUPT","","KYLE","5125675499","lcarter@wilsonappliance.com","LOGAN","CARTER","(512) 567-5499","","TX","78640","Default","False","0","AC00010568","8050.0000","2026-09-18 00:00:00","2026-09-18 00:00:00","","","","00:00","","Neither","","","","","","2026-09-21 00:00:00","2026-09-18 00:00:00","AC","L1","0.0000","","","D2","Rate 1","4413.4600","","KYLE","-1600.0000","0.0000","L1","","COD","","","","VWJ","","0.0000","2026-10-07 00:00:00","L1","12044.8000","334 HAUPT","","KYLE","5125675499","","lcarter@wilsonappliance.com","LOGAN","CARTER","(512) 567-5499","","TX","78640","Open","","","","","","","","","","","","No Warranty","","","0.0000","0.0000","0.0000","","","","","","Other","","Major","Home service","","","","","False","","","","","","","","0.0000","TAX","","8.2500","0.0000","","0.0000","VWJ","LTC","Neither","","","","","","1314.2700"
"271819","False","False","78746","","","CAB","","0.0000","","","","","","","","","False","Complete Ship","12:52","15:33","","1","","","Invoice","07:00","","0.0000","False","","","","","30.321539","-97.791923","","False","","","","","","","False","True","False","False","False","True","False","False","","","","","","CABINETS","APPROVED","","","","","","","0.0000","0.0000","2026-03-06 00:00:00","","0.0000","","False","0.0000","0","","","","False","","False","","","","2026-09-17 12:52:51","2026-09-18 11:13:27","","False","False","False","False","CBS_9/17/2026_533424","","","","","","","","False","","","555 E 5TH ST.","","AUSTIN","5124237116","asutton998@gmail.com","AMY","SUTTON","(512) 423-7116","","TX","78701","Default","False","0","MD00010116","499.9500","2026-09-17 00:00:00","2026-09-17 00:00:00","","ABC","","00:00","","Neither","","","","","","2026-09-17 00:00:00","2026-08-28 00:00:00","MOD","L1","0.0000","","","D4","Rate 1","0.0000","","LOCAL","499.9500","0.0000","L1","","COD","","","","CBS","CSH","0.0000","2026-10-14 00:00:00","L1","0.0000","4902 BULL MOUNTAIN COVE","","AUSTIN","5124237116","","asutton998@gmail.com","AMY","SUTTON","(512) 423-7116","","TX","78746","Open","","","","","","","","","","","","No Warranty","","","0.0000","0.0000","0.0000","","","","","","Other","","Major","Home service","","","","","False","","","","","","","","0.0000","TAX","","8.2500","0.0000","","0.0000","CBS","CBS","Neither","","","","","","0.0000"
"271797","False","False","","","","","","0.0000","","","","","","","","","False","Complete Ship","08:24","16:46","","12","","","Invoice","07:00","","0.0000","False","","","","","29.705526","-98.159355","","False","","","","","","","False","True","False","False","False","True","False","False","","","","","","","APPROVED","","","","","","","0.0000","0.0000","2026-09-16 00:00:00","","0.0000","","False","0.0000","0","","","","False","","False","","","","2026-09-17 08:24:48","2026-09-18 11:14:03","","False","False","False","False","CSH_9/17/2026_705547","","","","","","","","False","","","875 MISSION HILLS DR","","NEW BRAUNFELS","8304697355","chev99corv@yahoo.com","JOHN","McMILLAN","(830) 469-7355","","TX","78130","Default","False","0","S00065005","15573.9100","2026-09-17 00:00:00","2026-09-17 00:00:00","","","","00:00","","Neither","","","","","","2026-09-17 00:00:00","2026-09-17 00:00:00","S","L1","0.0000","","","D2","Rate 1","0.0000","","SOUTH","-275.3000","0.0000","L1","","COD","","","","CSH","","0.0000","2026-10-25 00:00:00","L1","14676.0000","875 MISSION HILLS DR","","NEW BRAUNFELS","8304697355","","chev99corv@yahoo.com","JOHN","McMILLAN","(830) 469-7355","","TX","78130","Open","","","","","","","","","","","","No Warranty","","","0.0000","0.0000","0.0000","","","","","","Other","","Major","Home service","","","","","False","","","","","","","","0.0000","TAX","","8.2500","1173.2100","","0.0000","CSH","CSH","Neither","","","","","","0.0000"
"271818","False","False","","","","","","0.0000","","","","","","","","","False","Complete Ship","12:45","09:00","","2","","","Invoice","07:00","","0.0000","False","","","","","30.271367","-98.862704","","False","","","","","","","False","False","False","False","False","False","False","False","","","","","","","APPROVED","","","","","","","0.0000","0.0000","2026-09-19 00:00:00","","0.0000","","False","0.0000","0","","","","False","","False","","","","2026-09-17 12:45:55","2026-09-18 11:13:38","","False","False","False","False","CSH_9/17/2026_579518","","","","","","","","False","","","515 EAST SCHUBERT STREET","","FREDERICKSBURG","7132634504","texbas57@gmail.com","BRUCE","SUKALY","(713) 263-4504","(832) 444-6696","TX","78624","Default","False","0","R00015754","1286.9300","2026-09-17 00:00:00","2026-09-18 00:00:00","","D04","WASHER","00:00","","Neither","","","","","","2026-09-18 00:00:00","2026-09-17 00:00:00","R","L1","0.0000","","","D4","Rate 1","0.0000","","WEST","209.8500","0.0000","L1","","COD","","","","CSH","","0.0000","2026-10-02 00:00:00","L1","979.0000","515 EAST SCHUBERT STREET","","FREDERICKSBURG","7132634504","","texbas57@gmail.com","BRUCE","SUKALY","(713) 263-4504","(832) 444-6696","TX","78624","Open","","","","","","","","","","","","No Warranty","","","0.0000","0.0000","0.0000","","","","","","Other","","Major","Home service","","","","","False","","","","","","","","0.0000","TAX","","8.2500","98.0800","","0.0000","CSH","LBF","Neither","","","","","","0.0000"
"271823","False","False","","","","","","0.0000","","","","","","","","","False","Complete Ship","13:08","15:08","","3","","","Invoice","07:00","","0.0000","False","","","","","30.184807","-97.990426","","False","","","","","","","False","False","False","False","False","False","False","False","","","","","","","APPROVED","","","","","","","0.0000","0.0000","2026-09-19 00:00:00","","0.0000","","False","0.0000","0","","","","False","","False","","","","2026-09-17 13:08:31","2026-09-18 15:08:40","","False","False","False","False","CSH_9/17/2026_533424","","","","","","","","False","","","12342 MESA VERDE DR","","AUSTIN","5125695708","drummondjb@gmail.com","JUSTIN","DRUMMOND","(512) 569-5708","","TX","78737","Default","False","0","R00015755","1335.5600","2026-09-17 00:00:00","2026-09-18 00:00:00","","D05","","00:00","","Neither","","","","","","2026-09-18 00:00:00","2026-09-17 00:00:00","R","L1","0.0000","","","D4","Rate 1","0.0000","","LOC","134.8000","0.0000","L1","","COD","","","","CSH","","0.0000","2026-09-21 00:00:00","L1","899.0000","12342 MESA VERDE DR","","AUSTIN","5125695708","","drummondjb@gmail.com","JUSTIN","DRUMMOND","(512) 569-5708","","TX","78737","Open","","","","","","","","","","","","No Warranty","","","0.0000","0.0000","0.0000","","","","","","Other","","Major","Home service","","","","","False","","","","","","","","0.0000","TAX","","8.2500","101.7900","","0.0000","CSH","CSH","Neither","","","","","","199.9700"
"271832","False","False","","","","","","0.0000","","","","","","","","","False","Complete Ship","14:05","07:46","","2","","","Invoice","07:00","","0.0000","False","","","","","30.193141","-98.121439","","False","","","","","","","False","False","False","False","False","False","False","False","","","","","","DELIVERY","APPROVED","","","","","","","0.0000","0.0000","2026-09-19 00:00:00","","0.0000","","False","0.0000","0","","","","False","","False","","","","2026-09-17 14:05:39","2026-09-18 11:13:42","","False","False","False","False","CSH_9/17/2026_705547","","","","","","","","False","","","179 YARBROUGH DR","","DRIPPING SPRINGS","5125222899","cashadvanceny@yahoo.com","DON","MCALPINE","(512) 522-2899","","TX","78620","Default","False","0","R00015757","1499.3800","2026-09-17 00:00:00","2026-09-18 00:00:00","","D02","","00:00","","Neither","","","","","","2026-09-18 00:00:00","2026-09-17 00:00:00","R","L1","0.0000","","","D4","Rate 1","0.0000","","LOC","299.8500","0.0000","L1","","COD","","","","CSH","","0.0000","2026-09-22 00:00:00","L1","899.0000","179 YARBROUGH DR","","DRIPPING SPRINGS","5125222899","","cashadvanceny@yahoo.com","DON","MCALPINE","(512) 522-2899","","TX","78620","Open","","","","","","","","","","","","No Warranty","","","0.0000","0.0000","0.0000","","","","","","Other","","Major","Home service","","","","","False","","","","","","","","0.0000","TAX","","8.2500","100.5600","","0.0000","CSH","LBF","Neither","","","","","","199.9700"
"271845","False","False","","","","","","0.0000","","","","","","","","","False","Complete Ship","16:29","16:32","","2","","","Invoice","07:00","","0.0000","False","","","","","30.265259","-97.746151","","False","","","","","","","False","False","False","False","False","False","False","False","","","","","","","APPROVED","","","","","","","0.0000","0.0000","2026-09-19 00:00:00","","0.0000","","False","0.0000","0","","","","False","","False","","","","2026-09-17 16:29:22","2026-09-18 11:14:05","","False","False","False","False","CSH_9/17/2026_289562","","","","","","","","False","","","210 LAVACA STREET","UNIT#3301","AUSTIN","5128092647","jvoress@proedinc.com","JUDY","VORESS","(512) 809-2647","","TX","78701","Default","False","0","S00065007","3850.1400","2026-09-17 00:00:00","2026-09-17 00:00:00","","","","00:00","","Neither","","","","","","2026-09-17 00:00:00","2026-09-17 00:00:00","S","L1","0.0000","","","D2","Rate 1","0.0000","","LOC","169.9000","0.0000","L1","","COD","","","","CSH","","0.0000","2026-10-04 00:00:00","L1","3399.0000","210 LAVACA STREET","UNIT#3301","AUSTIN","5128092647","","jvoress@proedinc.com","JUDY","VORESS","(512) 809-2647","","TX","78701","Open","","","","","","","","","","","","No Warranty","","","0.0000","0.0000","0.0000","","","","","","Other","","Major","Home service","","","","","False","","","","","","","","0.0000","TAX","","8.2500","281.2400","","0.0000","CSH","CSH","Neither","","","","","","0.0000"
"271795","False","False","","","","","","0.0000","","","","","","","","","False","Complete Ship","08:19","16:03","","2","","","Invoice","07:00","","0.0000","False","","","","","30.102286","-98.263543","","False","","","","","","","False","False","False","False","False","False","False","False","","","","","","DELIVERY","APPROVED","","","","","","","0.0000","0.0000","2026-05-15 00:00:00","","0.0000","","False","0.0000","0","","","","False","","False","","","","2026-09-17 08:19:00","2026-09-18 16:03:43","","False","False","False","False","LBF_9/17/2026_705547","","","","","","","","False","","","13334 FM 2325","","WIMBERLEY","8308331035","rrrdlady@yahoo.com","RON & CONNIE","ENDRES","(512) 750-4103","(830) 833-9335","TX","78676","Default","False","0","S00064393-2","299.9000","2026-09-17 00:00:00","2026-09-18 00:00:00","","","","00:00","","Neither","","","","","","2026-09-18 00:00:00","2026-05-13 00:00:00","S","L1","0.0000","","","D3","Rate 1","0.0000","","LOC","299.9000","0.0000","L1","","COD","","","","CSH","","0.0000","2026-09-20 00:00:00","L1","0.0000","13334 FM 2325","","WIMBERLEY","8308331035","","rrrdlady@yahoo.com","RON & CONNIE","ENDRES","(512) 750-4103","(830) 833-9335","TX","78676","Open","","","","","","","","","","","","No Warranty","","","0.0000","0.0000","0.0000","","","","","","Other","","Major","Home service","","","","","False","","","","","","","","0.0000","TAX","","8.2500","0.0000","","0.0000","LBF","LBF","Neither","","","","","","0.0000"
"271796","False","False","","","","","","0.0000","","","","","","","","","False","Complete Ship","08:23","16:03","","5","","","Invoice","07:00","","0.0000","False","","","","","30.102286","-98.263543","","False","","","","","","","False","False","False","False","False","False","False","False","","","","","","DELIVERY","APPROVED","","","","","","","0.0000","0.0000","2026-05-15 00:00:00","","0.0000","","False","0.0000","0","","","","False","","False","","","","2026-09-17 08:23:35","2026-09-18 16:03:49","","False","False","False","False","LBF_9/17/2026_533424","","","","","","","","False","","","13334 FM 2325","","WIMBERLEY","8308331035","rrrdlady@yahoo.com","RON & CONNIE","ENDRES","(512) 750-4103","(830) 833-9335","TX","78676","Default","False","0","S00064393-3","462.2700","2026-09-17 00:00:00","2026-09-18 00:00:00","","","48"" RANGE ONSITE","00:00","","Neither","","","","","","2026-09-18 00:00:00","2026-05-13 00:00:00","S","L1","0.0000","","","D3","Rate 1","0.0000","","LOC","449.9000","0.0000","L1","","COD","","","","CSH","","0.0000","2026-09-20 00:00:00","L1","0.0000","13334 FM 2325","","WIMBERLEY","8308331035","","rrrdlady@yahoo.com","RON & CONNIE","ENDRES","(512) 750-4103","(830) 833-9335","TX","78676","Open","","","","","","","","","","","","No Warranty","","","0.0000","0.0000","0.0000","","","","","","Other","","Major","Home service","","","","","False","","","","","","","","0.0000","TAX","","8.2500","12.3700","","0.0000","LBF","LBF","Neither","","","","","","0.0000"
"271805","False","False","","","","IMUC","","0.0000","","","","","","","","","False","Complete Ship","09:34","10:06","","1","","","Invoice","07:00","","0.0000","False","","","","","30.095433","-98.088664","","False","","","","","","","True","False","False","False","False","False","False","False","","","","","","DELIVERY","APPROVED","","","","","","","0.0000","0.0000","2025-02-16 00:00:00","","0.0000","","False","0.0000","0","","","","False","","False","","","","2026-09-17 09:34:55","2026-09-21 10:06:20","","False","False","False","False","LBF_9/17/2026_579518","","","","","","","","False","","","400 Hwy 290","Suite B-204","DRIPPING SPRINGS","5127779311","stuart@alkireconstruction.com","*","ALKIRE CONSTRUCTION LLC","","","TX","78620","Default","False","0","S00065006","0.0000","2026-09-17 00:00:00","2026-09-21 00:00:00","","D01","ASSESS DW INSTALL","00:00","","Neither","","","","","","2026-09-21 00:00:00","2026-09-17 00:00:00","S","L1","0.0000","","","D4","Rate 1","0.0000","","LOC","0.0000","0.0000","L1","","AR","","","","EHM","","0.0000","2026-09-23 00:00:00","L1","0.0000","406 CUESTA PASS","","DRIFTWOOD","8182078034","","christinecheatham@gmail.com","CHRIS & CHRISTINE","CHEATHAM","(818) 207-8034","","TX","78619","Open","","","","","","","","","","","","No Warranty","","","0.0000","0.0000","0.0000","","","","","","Other","","Major","Home service","","","","","False","","","","","","","","0.0000","TAX","","8.2500","0.0000","","0.0000","LBF","LBF","Neither","","","","","","0.0000"
"271809","False","False","","","","","","0.0000","","","","","","","","","False","Complete Ship","09:53","08:55","","0","","","Invoice","07:00","","0.0000","False","","","","","30.180801","-98.021028","","False","","","","","","","True","False","False","False","True","False","False","False","","","","","","DELIVERY","APPROVED","","","","","","","0.0000","0.0000","2026-03-27 00:00:00","","0.0000","","False","0.0000","0","","","","False","","False","","","","2026-09-17 09:53:18","2026-09-21 12:32:04","","False","False","False","False","LBF_9/17/2026_289562","","","","","","","","False","","","1035 WESTLAND RIDGE RD","","DRIPPING SPRINGS","8328599227","lindicar@outlook.com","LINDA","HOLTER","(832) 859-9227","","TX","78620","Default","False","0","S00064706-3","14689.5300","2026-09-17 00:00:00","2026-09-18 00:00:00","","D01","","00:00","","Neither","","","","","","2026-09-21 00:00:00","2026-07-20 00:00:00","S","L1","0.0000","","","D4","Rate 1","0.0000","","LOC","0.0000","0.0000","L1","","COD","","","","EHM","","0.0000","2026-09-22 00:00:00","L1","13570.0000","1035 WESTLAND RIDGE RD","","DRIPPING SPRINGS","8328599227","","lindicar@outlook.com","LINDA","HOLTER","(832) 859-9227","","TX","78620","Open","","","","","","","","","","","","No Warranty","","","0.0000","0.0000","0.0000","","","","","","Other","","Major","Home service","","","","","False","","","","","","","","0.0000","TAX","","8.2500","1119.5300","","0.0000","LBF","LBF","Neither","","","","","","0.0000"
"271824","False","False","","","","","","0.0000","","","","","","","","","False","Complete Ship","13:13","16:05","","6","","","Invoice","07:00","","0.0000","False","","","","","30.288054","-98.029971","","False","","","","","","","False","True","False","False","False","True","False","False","","","","","","DELIVERY","APPROVED","","","","","","","0.0000","0.0000","2026-02-18 00:00:00","","0.0000","","False","0.0000","0","","","","False","","False","","","","2026-09-17 13:13:08","2026-09-18 16:05:32","","False","False","False","False","LBF_9/17/2026_14017","","","","","","","","False","","","8805 WILD RICE COVE","","AUSTIN","7708152482","mtharris011@gmail.com","MARK","HARRIS","(770) 815-2482","","TX","78738","Default","False","0","S00064578-2","949.8000","2026-09-17 00:00:00","2026-09-18 00:00:00","","","","00:00","","Neither","","","","","","2026-09-18 00:00:00","2026-06-17 00:00:00","S","L1","0.0000","","","D3","Rate 1","0.0000","","LOC","949.8000","0.0000","L1","","COD","","","","CSH","","0.0000","2026-09-27 00:00:00","L1","0.0000","8805 WILD RICE COVE","","AUSTIN","7708152482","","mtharris011@gmail.com","MARK","HARRIS","(770) 815-2482","","TX","78738","Open","","","","","","","","","","","","No Warranty","","","0.0000","0.0000","0.0000","","","","","","Other","","Major","Home service","","","","","False","","","","","","","","0.0000","TAX","","8.2500","0.0000","","0.0000","LBF","LBF","Neither","","","","","","0.0000"
"271841","False","False","","","","CAB","","0.0000","","","","","","","","","False","Complete Ship","15:50","16:35","","1","","","Invoice","07:00","","0.0000","False","","","","","30.094398","-98.041447","","False","","","","","","","True","False","False","False","True","False","False","False","","","","","","DELIVERY","APPROVED","","","","","","","0.0000","0.0000","2026-08-28 00:00:00","","0.0000","","False","0.0000","0","","","","False","","False","","","","2026-09-17 15:50:27","2026-09-21 07:53:18","","False","False","False","False","LBF_9/17/2026_705547","","","","","","","","False","","","659 RANCHERS CLUB LN","","DRIFTWOOD","7132067359","mkjones@me.com","MONA","JONES","(713) 206-7359","","TX","78619","Default","False","0","S00064903-1","139.9500","2026-09-17 00:00:00","2026-09-18 00:00:00","","D01","TONY MADE MODS ON 10/2","00:00","","Neither","","","","","","2026-09-18 00:00:00","2026-08-26 00:00:00","S","L1","0.0000","","","D4","Rate 1","0.0000","","LOC","139.9500","0.0000","L1","","COD","","","","CSH","","0.0000","2026-10-03 00:00:00","L1","0.0000","659 RANCHERS CLUB LN","","DRIFTWOOD","7132067359","","mkjones@me.com","MONA","JONES","(713) 206-7359","","TX","78619","Open","","","","","","","","","","","","No Warranty","","","0.0000","0.0000","0.0000","","","","","","Other","","Major","Home service","","","","","False","","","","","","","","0.0000","TAX","","8.2500","0.0000","","0.0000","LBF","CBS","Neither","","","","","","0.0000"
"271811","False","False","","","","","","0.0000","","","","","","","","","False","Complete Ship","10:30","10:32","","3","","","Invoice","07:00","","0.0000","False","","","","","30.000489","-98.092861","","False","","","","","","","False","True","False","False","False","True","False","False","","","","","","","APPROVED","","","","","","","0.0000","0.0000","2026-09-18 00:00:00","","0.0000","","False","0.0000","0","","","","False","","False","","","","2026-09-17 10:30:00","2026-09-21 08:57:13","","False","False","False","False","LTC_9/17/2026_533424","","","","","","","","False","","","400 MILL RACE LN","","WIMBERLEY","5123942262","lore@creekhaveninn.com","LORE","CREEKHAVEN INN","(512) 394-2262","","TX","78676","Default","False","0","R00015752","0.0000","2026-09-17 00:00:00","2026-09-17 00:00:00","","","","00:00","","Neither","","","","","","2026-09-17 00:00:00","2026-09-17 00:00:00","R","L1","0.0000","","","D1","Rate 1","0.0000","","LOC","332.7000","0.0000","L1","","COD","","","","LTC","","0.0000","2026-09-20 00:00:00","L1","2998.0000","400 MILL RACE LN","","WIMBERLEY","5123942262","","lore@creekhaveninn.com","LORE","CREEKHAVEN INN","(512) 394-2262","","TX","78676","Open","","","","","","","","","","","","No Warranty","","","0.0000","0.0000","0.0000","","","","","","Other","","Major","Home service","","","","","False","","","","","","","","0.0000","TAX","","8.2500","274.7800","","0.0000","LTC","LTC","Neither","","","","","","0.0000"
"271847","False","False","","","","","","0.0000","","","","","","","","","False","Complete Ship","16:32","15:50","","6","","","Invoice","07:00","","0.0000","False","","","","","30.298093","-98.749795","","False","","","","","","","False","False","False","False","False","False","False","False","","","","","","","APPROVED","","","","","","","0.0000","0.0000","2026-09-19 00:00:00","","0.0000","","False","0.0000","0","","","","False","","False","","","","2026-09-17 16:32:22","2026-09-21 10:33:00","","False","False","False","False","LTC_9/18/2026_301948","","","","","","","","False","","","264 E DISTANT VIEW DR","","FREDERICKSBURG","8309977969","bethany.d.simpson@gmail.com","ROB & BETHANY","SIMPSON","(830) 997-7969","(830) 889-9393","TX","78624","Default","False","0","R00015760","4732.0100","2026-09-17 00:00:00","2026-09-18 00:00:00","","","","00:00","","Neither","","","","","","2026-09-18 00:00:00","2026-09-17 00:00:00","R","L1","0.0000","","","D2","Rate 1","0.0000","","WEST","502.8500","0.0000","L1","","COD","","","","LTC","","0.0000","2026-09-27 00:00:00","L1","3899.0000","264 E DISTANT VIEW DR","","FREDERICKSBURG","8309977969","","bethany.d.simpson@gmail.com","ROB & BETHANY","SIMPSON","(830) 997-7969","(830) 889-9393","TX","78624","Open","","","","","","","","","","","","No Warranty","","","0.0000","0.0000","0.0000","","","","","","Other","","Major","Home service","","","","","False","","","","","","","","0.0000","TAX","","8.2500","330.1600","","0.0000","LTC","LTC","Neither","","","","","","0.0000"
"271812","False","False","","","","","","0.0000","","","","","","","","","False","Complete Ship","11:58","16:55","","2","","","Invoice","07:00","","0.0000","False","","","","","30.190903","-97.991858","","False","","","","","","","False","False","False","False","False","False","False","False","","","","","","","APPROVED","","","","","","","0.0000","0.0000","2026-09-17 00:00:00","","0.0000","","False","0.0000","0","","","","False","","False","","","","2026-09-17 11:58:33","2026-09-18 16:55:25","","False","False","False","False","SPR_9/17/2026_705547","","","","","","","","False","","","303 SENECA DR","","AUSTIN","2148085301","kalushmichelle@gmail.com","MICHELLE","KALUSH","(214) 808-5301","(817) 269-4109","TX","78737","Default","False","0","R00015753","1188.4800","2026-09-17 00:00:00","2026-09-18 00:00:00","","","","00:00","","Neither","","","","","","2026-09-18 00:00:00","2026-09-17 00:00:00","R","L1","0.0000","","","D2","Rate 1","0.0000","","LOC","249.9000","0.0000","L1","","COD","","","","SPR","","0.0000","2026-09-27 00:00:00","L1","848.0000","303 SENECA DR","","AUSTIN","2148085301","","kalushmichelle@gmail.com","MICHELLE","KALUSH","(214) 808-5301","(817) 269-4109","TX","78737","Open","","","","","","","","","","","","No Warranty","","","0.0000","0.0000","0.0000","","","","","","Other","","Major","Home service","","","","","False","","","","","","","","0.0000","TAX","","8.2500","90.5800","","0.0000","SPR","SPR","Neither","","","","","","0.0000"
"271825","False","False","","","","","","0.0000","","","","","","","","","False","Complete Ship","13:15","13:27","","4","","","Invoice","07:00","","0.0000","False","","","","","30.180801","-98.021028","","False","","","","","","","True","False","False","False","True","False","False","False","","","","","","DELIVERY","APPROVED","","","","","","","0.0000","0.0000","2026-03-27 00:00:00","","0.0000","","False","0.0000","0","","","","False","","False","","","","2026-09-17 13:15:59","2026-09-21 13:30:31","","False","False","False","False","SPR_9/17/2026_579518","","","","","","","","False","","","1035 WESTLAND RIDGE RD","","DRIPPING SPRINGS","8328599227","lindicar@outlook.com","LINDA","HOLTER","(832) 859-9227","","TX","78620","Default","False","0","S00064706-4","0.0000","2026-09-17 00:00:00","2026-09-21 00:00:00","","D03","","00:00","","Neither","","","","","","2026-09-21 00:00:00","2026-07-20 00:00:00","S","L1","0.0000","","","D2","Rate 1","0.0000","","LOC","329.9500","0.0000","L1","","COD","","","","EHM","","0.0000","2026-09-22 00:00:00","L1","0.0000","1035 WESTLAND RIDGE RD","","DRIPPING SPRINGS","8328599227","","lindicar@outlook.com","LINDA","HOLTER","(832) 859-9227","","TX","78620","Open","","","","","","","","","","","","No Warranty","","","0.0000","0.0000","0.0000","","","","","","Other","","Major","Home service","","","","","False","","","","","","","","0.0000","TAX","","8.2500","0.0000","","0.0000","SPR","WKE","Neither","","","","","","0.0000"
"271831","False","False","","","","","","0.0000","","","","","","","","","False","Complete Ship","14:05","","","0","","","Invoice","07:00","","0.0000","False","","","","","30.185365","-97.900014","","False","","","","","","","False","False","False","False","False","False","False","False","","","","","","DELIVERY","APPROVED","","","","","","","0.0000","0.0000","2026-09-19 00:00:00","","0.0000","","False","0.0000","0","","","","False","","False","","","","2026-09-17 14:05:11","2026-09-17 14:51:07","","False","False","False","False","SPR_9/17/2026_774740","","","","","","","","False","","","6605 ADEN LANE","","AUSTIN","5126537424","robert.b.cardwell@gmail.com","ROBERT & TERRY","CARDWELL","(512) 653-7424","","TX","78739","Default","False","0","R00015756","0.0000","2026-09-17 00:00:00","","","","","00:00","","Neither","","","","","","2026-09-17 00:00:00","2026-09-17 00:00:00","R","L1","0.0000","","","CPU2","Rate 1","0.0000","","LOC","0.0000","0.0000","L1","","COD","2026-09-18 00:00:00","","","CSH","","0.0000","","L1","598.0000","6605 ADEN LANE","","AUSTIN","5126537424","","teresa.hinojosa-cardwell@intel.com","ROBERT & TERRY","CARDWELL","(512) 653-7424","","TX","78739","Open","","","","","","","","","","","","No Warranty","","","0.0000","0.0000","0.0000","","","","","","Other","","Major","Home service","","","","","False","","","","","","","","0.0000","TAX","","8.2500","49.3400","","0.0000","SPR","","Neither","","","","","","0.0000"
"271851","False","False","","","","","","0.0000","","","","","","","SPR","","False","Complete Ship","17:34","12:31","12:31","0","","","Invoice","07:00","","0.0000","False","","","","","30.278095","-97.822390","","False","","","","","","","False","True","False","False","False","True","False","False","","","","","","DELIVERY","APPROVED","","","","","","","0.0000","0.0000","2026-09-19 00:00:00","","0.0000","","False","0.0000","0","2026-09-21 00:00:00","","","False","","False","","","","2026-09-17 17:34:28","2026-09-21 12:31:45","","False","False","False","False","SPR_9/17/2026_790480","","","","","","","","False","","","1313 SHANNON OAKS TRAIL","","AUSTIN","5125698004","katie@averybellenterprises.com","KATIE","TAYLOR","(512) 569-8004","","TX","78746","Default","False","0","R00015761","-162.3400","2026-09-17 00:00:00","2026-09-21 00:00:00","","","","00:00","","Neither","","","","","","2026-09-21 00:00:00","2026-09-17 00:00:00","R","L1","0.0000","","","CPU3","Rate 1","0.0000","","LOC","-149.9700","0.0000","L1","","COD","2026-09-17 00:00:00","","","SPR","","0.0000","","L1","0.0000","1313 SHANNON OAKS TRAIL","","AUSTIN","5125698004","","katie@averybellenterprises.com","KATIE","TAYLOR","(512) 569-8004","","TX","78746","Not Posted","","","","","","","","","","","","No Warranty","","","0.0000","0.0000","0.0000","","","","","","Other","","Major","Home service","","","","","False","","","","","","","","0.0000","TAX","","8.2500","-12.3700","","0.0000","SPR","SPR","Neither","","","","","","0.0000"
"271720","False","False","","","","CAB","","0.0000","","","","","","","","","False","Complete Ship","09:46","","","1","","","Invoice","07:00","","","","","","","","30.379705","-97.827325","","False","","","","","","","False","True","False","False","False","True","False","False","","","","","","CABINETS","APPROVED","","","","","","","0.0000","0.0000","2026-06-20 00:00:00","","0.0000","","False","0.0000","0","","","","False","","","","","","2026-09-16 09:46:26","2026-09-17 08:30:42","","False","False","False","False","","","","","","","","","","","","9200 BELL MOUNTAIN DR","","AUSTIN","4254069171","jeromeberniere@yahoo.com","JEROME & DELPHINE","BERNIERE","(425) 406-9171","","TX","78730","Default","False","0","MD00010101-1","499.0000","2026-09-16 00:00:00","","","ABC","","00:00","","Neither","","","","","","2026-09-16 00:00:00","2026-08-24 00:00:00","MOD","L1","0.0000","","","D2R","Rate 1","0.0000","","LOCAL","499.0000","0.0000","L1","","COD","1899-12-30 00:00:00","","","CBS","LTC","0.0000","2026-10-01 00:00:00","L1","0.0000","9200 BELL MOUNTAIN DR","","AUSTIN","4254069171","","jeromeberniere@yahoo.com","JEROME & DELPHINE","BERNIERE","(425) 406-9171","","TX","78730","Open","","","","","","","","","","","","No Warranty","","","0.0000","0.0000","0.0000","","","","","","Other","","Major","Home service","","","","","False","","","","","","","","0.0000","TAX","","8.2500","0.0000","","0.0000","CBS","","Neither","","","","","","0.0000"
"271721","False","False","","","","CAB","","0.0000","","","","","","","","","False","Complete Ship","09:47","","","1","","","Invoice","07:00","","","","","","","","30.379705","-97.827325","","False","","","","","","","False","True","False","False","False","True","False","False","","","","","","CABINETS","APPROVED","","","","","","","0.0000","0.0000","2026-06-20 00:00:00","","0.0000","","False","0.0000","0","","","","False","","","","","","2026-09-16 09:47:19","2026-09-17 08:30:42","","False","False","False","False","","","","","","","","","","","","9200 BELL MOUNTAIN DR","","AUSTIN","4254069171","jeromeberniere@yahoo.com","JEROME & DELPHINE","BERNIERE","(425) 406-9171","","TX","78730","Default","False","0","MD00010101-2","499.0000","2026-09-16 00:00:00","","","ABC","","00:00","","Neither","","","","","","2026-09-16 00:00:00","2026-08-24 00:00:00","MOD","L1","0.0000","","","D2R","Rate 1","0.0000","","LOCAL","499.0000","0.0000","L1","","COD","1899-12-30 00:00:00","","","CBS","LTC","0.0000","2026-09-29 00:00:00","L1","0.0000","9200 BELL MOUNTAIN DR","","AUSTIN","4254069171","","jeromeberniere@yahoo.com","JEROME & DELPHINE","BERNIERE","(425) 406-9171","","TX","78730","Open","","","","","","","","","","","","No Warranty","","","0.0000","0.0000","0.0000","","","","","","Other","","Major","Home service","","","","","False","","","","","","","","0.0000","TAX","","8.2500","0.0000","","0.0000","CBS","","Neither","","","","","","0.0000"
"271759","False","False","","","","CAB","","0.0000","","","","","","","","","False","Complete Ship","13:31","13:34","","1","","","Invoice","07:00","","0.0000","False","","","","","30.373191","-97.796373","","False","","","","","","","True","False","False","False","True","False","False","False","","","","","","CABINETS","APPROVED","","","","","","","0.0000","0.0000","2026-09-18 00:00:00","","0.0000","","False","0.0000","0","","","","False","","False","","","","2026-09-16 13:31:29","2026-09-16 13:34:27","","False","False","False","False","CBS_9/16/2026_705547","","","","","","","","False","","","6805 WINTERBERRY DR","","AUSTIN","5125605100","janispowers@gmail.com","JANIS","POWERS","(512) 560-5100","","TX","78750","Default","False","0","MD00010114","0.0000","2026-09-16 00:00:00","2026-09-16 00:00:00","","ABC","1st stop, service coming late AM","00:00","","Neither","","","","","","2026-09-16 00:00:00","2026-09-16 00:00:00","MOD","L1","0.0000","","","D4","Rate 1","0.0000","","LOCAL","0.0000","0.0000","L1","","COD","","","","CBS","","0.0000","2026-09-21 00:00:00","L1","0.0000","6805 WINTERBERRY DR","","AUSTIN","5125605100","","janispowers@gmail.com","JANIS","POWERS","(512) 560-5100","","TX","78750","Open","","","","","","","","","","","","No Warranty","","","0.0000","0.0000","0.0000","","","","","","Other","","Major","Home service","","","","","False","","","","","","","","0.0000","TAX","","8.2500","0.0000","","0.0000","CBS","CBS","Neither","","","","","","0.0000"
"271760","False","False","","","","CAB","","0.0000","","","","","","","","","False","Complete Ship","13:46","13:21","","1","","","Invoice","07:00","","0.0000","False","","","","","30.202185","-97.976890","","False","","","","","","","False","False","False","False","False","False","False","False","","","","","","CABINETS","APPROVED","","","","","","","0.0000","0.0000","2026-07-24 00:00:00","","0.0000","","False","0.0000","0","","","","False","","False","","","","2026-09-16 13:46:34","2026-09-17 13:21:29","","False","False","False","False","CBS_9/16/2026_533424","","","","","","","","False","","","140 ATWATER COVE","","AUSTIN","9255180425","ftenconi@mac.com","FRANCESCA","TENCONI","(925) 518-0425","","TX","78737","Default","False","0","MD00010115","499.0000","2026-09-16 00:00:00","2026-09-17 00:00:00","","ABC","","00:00","","Neither","","","","","","2026-09-17 00:00:00","2026-09-16 00:00:00","MOD","L1","0.0000","","","D2R","Rate 1","0.0000","","LOCAL","499.0000","0.0000","L1","","COD","","","","CBS","","0.0000","2026-10-12 00:00:00","L1","0.0000","140 ATWATER COVE","","AUSTIN","9255180425","","ftenconi@mac.com","FRANCESCA","TENCONI","(925) 518-0425","","TX","78737","Open","","","","","","","","","","","","No Warranty","","","0.0000","0.0000","0.0000","","","","","","Other","","Major","Home service","","","","","False","","","","","","","","0.0000","TAX","","8.2500","0.0000","","0.0000","CBS","CBS","Neither","","","","","","0.0000"
"271762","False","False","","","","CAB","","0.0000","","","","","","","","","False","Complete Ship","14:06","14:07","","1","","","Invoice","07:00","","0.0000","False","","","","","30.202185","-97.976890","","False","","","","","","","False","False","False","False","False","False","False","False","","","","","","CABINETS","APPROVED","","","","","","","0.0000","0.0000","2026-07-24 00:00:00","","0.0000","","False","0.0000","0","","","","False","","False","","","","2026-09-16 14:06:46","2026-09-17 13:20:55","","False","False","False","False","CBS_9/16/2026_579518","","","","","","","","False","","","140 ATWATER COVE","","AUSTIN","9255180425","ftenconi@mac.com","FRANCESCA","TENCONI","(925) 518-0425","","TX","78737","Default","False","0","MD00010115-1","499.0000","2026-09-16 00:00:00","2026-09-16 00:00:00","","ABC","","00:00","","Neither","","","","","","2026-09-17 00:00:00","2026-09-16 00:00:00","MOD","L1","0.0000","","","D2R","Rate 1","0.0000","","LOCAL","499.0000","0.0000","L1","","COD","","","","CBS","","0.0000","2026-10-12 00:00:00","L1","0.0000","140 ATWATER COVE","","AUSTIN","9255180425","","ftenconi@mac.com","FRANCESCA","TENCONI","(925) 518-0425","","TX","78737","Open","","","","","","","","","","","","No Warranty","","","0.0000","0.0000","0.0000","","","","","","Other","","Major","Home service","","","","","False","","","","","","","","0.0000","TAX","","8.2500","0.0000","","0.0000","CBS","CBS","Neither","","","","","","0.0000"
"271763","False","False","","","","","","0.0000","","","","","","","","","False","Complete Ship","14:08","12:36","","0","","","Invoice","07:00","","0.0000","False","","","","","30.202185","-97.976890","","False","","","","","","","False","False","False","False","False","False","False","False","","","","","","DELIVERY","APPROVED","","","","","","","0.0000","0.0000","2026-08-20 00:00:00","","0.0000","","False","0.0000","0","","","","False","","False","","","","2026-09-16 14:08:20","2026-09-18 12:36:55","","False","False","False","False","CBS_9/16/2026_289562","","","","","","","","False","","","140 ATWATER COVE","","AUSTIN","9255180425","ftenconi@mac.com","FRANCESCA","TENCONI","(925) 518-0425","","TX","78737","Default","False","0","R00015558-1","599.6500","2026-09-16 00:00:00","2026-09-18 00:00:00","","ABC","TONY TO TAKE MICROWAVE WITH HIM FOR CABINET MODIFICATION","00:00","","Neither","","","","","","2026-09-18 00:00:00","2026-08-24 00:00:00","R","L1","0.0000","","","D4","Rate 1","0.0000","","LOC","19.9500","0.0000","L1","","COD","","","","LTC","CBS","0.0000","2026-10-12 00:00:00","L1","534.0000","140 ATWATER COVE","","AUSTIN","9255180425","","ftenconi@mac.com","FRANCESCA","TENCONI","(925) 518-0425","","TX","78737","Open","","","","","","","","","","","","No Warranty","","","0.0000","0.0000","0.0000","","","","","","Other","","Major","Home service","","","","","False","","","","","","","","0.0000","TAX","","8.2500","45.7000","","0.0000","CBS","LTC","Neither","","","","","","0.0000"
"271781","False","False","","","","CAB","","0.0000","","","","","","","","","False","Complete Ship","16:30","12:34","","1","","","Invoice","07:00","","0.0000","False","","","","","30.173528","-98.081895","","False","","","","","","","False","False","False","False","False","False","False","False","","","","","","CABINETS","APPROVED","","","","","","","0.0000","0.0000","2026-09-18 00:00:00","","0.0000","","False","0.0000","0","","","","False","","False","","","","2026-09-16 16:30:11","2026-09-18 11:13:25","","False","False","False","False","CBS_9/16/2026_301948","","","","","","","","False","","","275 POST OAK","","DRIPPINGS SPRINGS","5129130383","jacobtailaw@gmail.com","JACOB","WADE","(512) 913-0383","","TX","78620","Default","False","0","CB00010205","16000.0000","2026-09-16 00:00:00","2026-09-17 00:00:00","","","","00:00","","Neither","","","","","","2026-09-17 00:00:00","2026-09-16 00:00:00","CAB","L1","0.0000","","","D2","Rate 1","0.0000","","LOCAL","34495.4200","0.0000","L1","","COD","","","","CBS","","0.0000","2026-12-01 00:00:00","L1","0.0000","275 POST OAK","","DRIPPINGS SPRINGS","5129130383","","jacobtailaw@gmail.com","JACOB","WADE","(512) 913-0383","","TX","78620","Open","","","","","","","","","","","","No Warranty","","","0.0000","0.0000","0.0000","","","","","","Other","","Major","Home service","","","","","False","","","","","","","","0.0000","TAX","","8.2500","2465.5500","","0.0000","CBS","CBS","Neither","","","","","","0.0000"
"271715","False","False","","","","","","0.0000","","","","","","","","","False","Complete Ship","08:40","11:27","","4","","","Invoice","07:00","","0.0000","False","","","","","30.404055","-97.532736","","False","","","","","","","False","True","False","False","False","True","False","False","","","","","","","APPROVED","","","","","","","0.0000","0.0000","2026-09-16 00:00:00","","0.0000","","False","0.0000","0","","","","False","","False","","","","2026-09-16 08:40:28","2026-09-21 11:27:18","","False","False","False","False","CSH_9/16/2026_705547","","","","","","","","False","","","10200 SCHMIDT LN","","MANOR","5125772137","taylorlynnwa@gmail.com","ADAM & TAYLOR","ZACHARSKI","(512) 577-2137","","TX","78653","Default","False","0","S00064998","16623.6300","2026-09-16 00:00:00","2026-09-21 00:00:00","","","","00:00","","Neither","","","","","","2026-09-21 00:00:00","2026-09-16 00:00:00","S","L1","0.0000","","","D2","Rate 1","0.0000","","OUT","-988.1500","0.0000","L1","","COD","","","","CSH","","0.0000","2026-10-04 00:00:00","L1","16370.0000","10200 SCHMIDT LN","","MANOR","5125772137","","taylorlynnwa@gmail.com","ADAM & TAYLOR","ZACHARSKI","(512) 577-2137","","TX","78653","Open","","","","","","","","","","","","No Warranty","","","0.0000","0.0000","0.0000","","","","","","Other","","Major","Home service","","","","","False","","","","","","","","0.0000","TAX","","8.2500","1241.7800","","0.0000","CSH","CSH","Neither","","","","","","0.0000"
"271733","False","False","","","","","","0.0000","","","","","","","","","False","Complete Ship","10:58","13:48","","3","","","Invoice","07:00","","0.0000","False","","","","","29.961352","-98.159712","","False","","","","","","","False","False","False","False","False","False","False","False","","","","","","","APPROVED","","","","","","","0.0000","0.0000","2026-09-06 00:00:00","","0.0000","","False","0.0000","0","","","","False","","False","","","","2026-09-16 10:58:23","2026-09-17 08:30:43","","False","False","False","False","CSH_9/16/2026_705547","","","","","","","","False","","","330 CANYON OAKS","","WIMBERLEY","2812207839","pquarles@mac.com","PAT","QUARLES","(281) 220-7839","","TX","78676","Default","False","0","R00015744","2327.0500","2026-09-16 00:00:00","2026-09-16 00:00:00","","D02","","00:00","","Neither","","","","","","2026-09-16 00:00:00","2026-09-16 00:00:00","R","L1","0.0000","","","D4","Rate 1","0.0000","","LOC","350.7000","0.0000","L1","","COD","","","","LTC","","0.0000","2026-09-23 00:00:00","L1","1799.0000","330 CANYON OAKS","","WIMBERLEY","2812207839","","pquarles@mac.com","PAT","QUARLES","(713) 562-8600","(281) 220-7839","TX","78676","Open","","","","","","","","","","","","No Warranty","","","0.0000","0.0000","0.0000","","","","","","Other","","Major","Home service","","","","","False","","","","","","","","0.0000","TAX","","8.2500","177.3500","","0.0000","CSH","LBF","Neither","","","","","","0.0000"
"271783","False","False","","","","","","0.0000","","","","","","","","","False","Complete Ship","16:42","16:50","","5","","","Invoice","07:00","","0.0000","False","","","","","0.000000","0.000000","","False","","","","","","","False","False","False","False","False","False","False","False","","","","","","","APPROVED","","","","","","","0.0000","0.0000","2026-09-18 00:00:00","","0.0000","","False","0.0000","0","","","","False","","False","","","","2026-09-16 16:42:25","2026-09-17 08:30:43","","False","False","False","False","CSH_9/16/2026_289562","","","","","","","","False","","","1415 PATTERSON RD","","AUSTIN","5129708271","camilletracey@me.com","CAMILLE","TRACEY","(512) 970-8271","(512) 970-8271","TX","78733","Default","False","0","S00065003","3510.0500","2026-09-16 00:00:00","2026-09-16 00:00:00","","","","00:00","","Neither","","","","","","2026-09-16 00:00:00","2026-09-16 00:00:00","S","L1","27.0000","","","D2","Rate 1","0.0000","","LOC","517.6000","0.0000","L1","","COD","","","","CSH","","0.0000","2026-10-11 00:00:00","L1","2198.0000","1415 PATTERSON RD","","AUSTIN","5129708271","","camilletracey@me.com","CAMILLE","TRACEY","(512) 970-8271","(512) 970-8271","TX","78733","Open","","","","","","","","","","","","No Warranty","","","0.0000","0.0000","0.0000","","","","","","Other","","Major","Home service","","","","","False","","","","","","","","0.0000","TAX","","8.2500","267.5100","","0.0000","CSH","CSH","Neither","","","","","","499.9400"
"271726","True","False","","","","INST","WTY","0.0000","","","","","","","","","False","Complete Ship","10:22","10:30","","3","","","Invoice","07:00","","0.0000","False","","","","","30.191367","-97.912210","","False","","","","","","","True","False","False","False","False","False","False","False","","","","","","DELIVERY","APPROVED","","","","","","","0.0000","0.0000","2026-09-18 00:00:00","","0.0000","","False","0.0000","0","","","","False","","False","","","","2026-09-16 10:22:50","2026-09-21 13:57:13","","False","False","False","False","JKO_9/16/2026_705547","","","","","","","","False","","","CLAIM SUBMISSION:","SERVICE BENCH","DRIPPING SPRINGS","WHIRLPOOL","cxcsrsescalationretsowest@whirlpool.com","*","WHIRLPOOL WARRANTY","(800) 253-1301","","TX","78620","Default","False","0","R00015743","0.0000","2026-09-16 00:00:00","2026-09-16 00:00:00","","D05","RETURN/SWAP","00:00","","Neither","","","","","","2026-09-17 00:00:00","2026-09-16 00:00:00","R","L1","0.0000","","","D4","Rate 1","0.0000","","LOC","195.0000","0.0000","L1","","AR","","","","JKO","","0.0000","2026-09-21 00:00:00","L1","0.0000","7524 HARLOW DR","","AUSTIN","5129478240","","","ANITA","WALLACE","(512) 940-4543","","TX","78739","Open","","","JA","","69066","","PEX","2025-03-21 00:00:00","","WILSON AC & APPLIANCE","","No Warranty","","","0.0000","0.0000","0.0000","JJW2830LL01","","","","","Other","OVELE","Major","Home service","","1","DD5011326","","False","","","","","","","","0.0000","TAX","EXEMPT","8.2500","0.0000","","0.0000","JKO","LBF","Neither","","","","","","0.0000"
"271784","False","False","","","","APPL","","0.0000","","","","","","","","","False","Complete Ship","16:44","","","0","","","Invoice","07:00","","0.0000","False","","","","","29.621151","-98.122323","","False","","","","","","","False","True","False","False","False","True","False","False","","","","","","DELIVERY","APPROVED","","","","","","","0.0000","0.0000","2026-09-18 00:00:00","","0.0000","","False","0.0000","0","","","","False","","False","","","","2026-09-16 16:44:42","2026-09-16 16:46:29","","False","False","False","False","JKO_9/16/2026_289562","","","","","","","","False","","","4962 CORK CROSSING","","NEW BRAUNFELS","8303878949","connor.mon92@gmail.com","CONNOR","MONTGOMERY","(830) 387-8949","","TX","78130","Default","False","0","S00065004","0.0000","2026-09-16 00:00:00","","","","","00:00","","Neither","","","","","","2026-09-16 00:00:00","2026-09-16 00:00:00","S","L1","0.0000","","","CPU","Rate 1","0.0000","","SOUTH","29.9500","0.0000","L1","","COD","2026-09-30 00:00:00","","","CSH","","0.0000","","L1","450.0000","4962 CORK CROSSING","","NEW BRAUNFELS","8303878949","","cmontgomery@wilsonappliance.com","CONNOR","MONTGOMERY","(830) 387-8949","","TX","78130","Open","","","","","","","","","","","","No Warranty","","","0.0000","0.0000","0.0000","","","","","","Other","","Major","Home service","","","","","False","","","","","","","","0.0000","TAX","","8.2500","39.6000","","0.0000","JKO","","Neither","","","","","","0.0000"
"271739","False","False","","","","","","0.0000","","","","","","","","","False","Complete Ship","11:24","09:24","","10","","","Invoice","07:00","","0.0000","False","","","","","30.338039","-97.809181","","False","","","","","","","False","True","False","False","False","True","False","False","","","","","","DELIVERY","APPROVED","","","","","","","0.0000","0.0000","2025-11-21 00:00:00","","0.0000","","False","0.0000","7","","","","False","","False","","","","2026-09-16 11:24:14","2026-09-17 09:24:40","","False","False","False","False","LBF_9/16/2026_289562","","","","","","","","False","","","6636 DOGWOOD CREEK DR","","AUSTIN","5125162020","j.fernandez@ipgrupo.com","BEGONA","ALGUACIL","(512) 516-2020","","TX","78746","Default","False","0","R00015745","0.0000","2026-09-16 00:00:00","2026-09-17 00:00:00","","D03","GC 1901# / FIRST STOP! MEETING MARK PERKS FOR ASSISTANCE.","00:00","","Neither","","","","","","2026-09-17 00:00:00","2026-09-16 00:00:00","R","L1","0.0000","","","D4","Rate 1","0.0000","","LOC","0.0000","0.0000","L1","","COD","","","","SAD","","0.0000","2026-09-23 00:00:00","L1","0.0000","6636 DOGWOOD CREEK DR","","AUSTIN","5125162020","","j.fernandez@ipgrupo.com","BEGONA","ALGUACIL","(512) 516-2020","","TX","78746","Open","","","","","","","","","","","","No Warranty","","","0.0000","0.0000","0.0000","","","","","","Other","","Major","Home service","","","","","False","","","","","","","","0.0000","TAX","","8.2500","0.0000","","0.0000","LBF","LBF","Neither","","","","","","0.0000"
"271752","False","False","","","","IMUC","","0.0000","","","","","","","","","False","Complete Ship","12:28","16:04","","3","","","Invoice","07:00","","0.0000","False","","","","","30.333777","-97.783566","","False","","","","","","","False","False","False","False","False","False","False","False","","","","","","DELIVERY","APPROVED","","","","","","","0.0000","0.0000","2025-04-03 00:00:00","","0.0000","","False","0.0000","0","","","","False","","False","","","","2026-09-16 12:28:30","2026-09-18 16:04:35","","False","False","False","False","LBF_9/16/2026_705547","","","","","","","","False","","","4220 DAUPHINE DRIVE","","AUSTIN","5125418352","nelson@nelsonrockwood.com","*","NELSON ROCKWOOD HOMES, LLC","(512) 541-8352","","TX","78727","Default","False","0","S00063872-7","0.0000","2026-09-16 00:00:00","2026-09-18 00:00:00","","","","00:00","","Neither","","","","","","2026-09-18 00:00:00","2026-01-19 00:00:00","S","L1","0.0000","","","D3","Rate 1","0.0000","","LOC","449.9500","0.0000","L1","","AR","","","","RDW","","0.0000","2026-09-20 00:00:00","L1","0.0000","1306 ROCKCLIFF ROAD","","AUSTIN","5125418352","","chris@thepinnaclecompanies.com","CHRIS & SHANNON","RENNER","(970) 453-0706","(970) 389-5095","TX","78746","Open","","","","","","","","","","","","No Warranty","","","0.0000","0.0000","0.0000","","","","","","Other","","Major","Home service","","","","","False","","","","","","","","0.0000","TAX","","8.2500","37.1200","","0.0000","LBF","LBF","Neither","","","","","","0.0000"
"271758","False","False","","","","CAB","","0.0000","","","","","","","","","False","Complete Ship","13:26","15:02","","2","","","Invoice","07:00","","0.0000","False","","","","","29.803416","-98.141136","","False","","","","","","","False","True","False","False","False","True","False","False","","","","","","DELIVERY","APPROVED","","","","","","","0.0000","0.0000","2026-08-19 00:00:00","","0.0000","","False","0.0000","0","","","","False","","False","","","","2026-09-16 13:26:11","2026-09-21 15:02:30","","False","False","False","False","LBF_9/16/2026_579518","","","","","","","","False","","","1457 RIVER CHASE DR","","NEW BRAUNFELS","7135694172","","DAVID","HEMINGER","(713) 569-4172","","TX","78132","Default","False","0","R00015520-2","249.9500","2026-09-16 00:00:00","2026-09-21 00:00:00","","","42"" LYNX GRILL ONSITE - L42ATR-LP","00:00","","Neither","","","","","","2026-09-21 00:00:00","2026-08-18 00:00:00","R","L1","0.0000","","","D3","Rate 1","0.0000","","LOC","249.9500","0.0000","L1","","COD","","","","SPR","CBS","0.0000","2026-10-04 00:00:00","L1","0.0000","1457 RIVER CHASE DR","","NEW BRAUNFELS","7135694172","","","DAVID","HEMINGER","(713) 569-4172","","TX","78132","Open","","","","","","","","","","","","No Warranty","","","0.0000","0.0000","0.0000","","","","","","Other","","Major","Home service","","","","","False","","","","","","","","0.0000","TAX","","8.2500","0.0000","","0.0000","LBF","SPR","Neither","","","","","","0.0000"
"271773","False","False","","","","IMUC","","0.0000","","","","","","","","","False","Complete Ship","15:18","15:23","","1","","","Invoice","07:00","","0.0000","False","","","","","29.768163","-98.180751","","False","","","","","","","False","True","False","False","False","True","False","False","","","","","","DELIVERY","APPROVED","","","","","","","0.0000","0.0000","2026-05-07 00:00:00","","0.0000","","False","0.0000","0","","","","False","","False","","","","2026-09-16 15:18:15","2026-09-18 08:57:31","","False","False","False","False","LBF_9/16/2026_533424","","","","","","","","False","","","1013 ELM CREEK RD","","NEW BRAUNFELS","3253387594","","JONATHAN","OCHOA","(325) 338-7594","","TX","78132","Default","False","0","R00015747","0.0000","2026-09-16 00:00:00","2026-09-16 00:00:00","","D04","SITE WALK","00:00","","Neither","","","","","","2026-09-18 00:00:00","2026-09-16 00:00:00","R","L1","0.0000","","","D4","Rate 1","0.0000","","LOC","0.0000","0.0000","L1","","COD","","","","SPR","","0.0000","2026-10-01 00:00:00","L1","0.0000","1013 ELM CREEK RD","","NEW BRAUNFELS","3253387594","","","JONATHAN","OCHOA","(325) 338-7594","","TX","78132","Open","","","","","","","","","","","","No Warranty","","","0.0000","0.0000","0.0000","","","","","","Other","","Major","Home service","","","","","False","","","","","","","","0.0000","TAX","","8.2500","0.0000","","0.0000","LBF","LBF","Neither","","","","","","0.0000"
"271774","False","False","78624","","","","","0.0000","","","","","","","","","False","Complete Ship","15:24","15:25","","1","","","Invoice","07:00","","0.0000","False","","","","","30.152392","-98.825311","","False","","","","","","","False","False","False","False","False","True","False","False","","","","","","","APPROVED","","","","","","","0.0000","0.0000","2024-06-12 00:00:00","","0.0000","","False","0.0000","0","","","","False","","False","","","","2026-09-16 15:24:07","2026-09-18 09:00:56","","False","False","False","False","LBF_9/16/2026_579518","","","","","","","","False","","","228 WASHINGTON ST.","","KERRVILLE","2104147996","hunter@butcherbehrens.com","*","BUTCHER BREHENS SIGNATURE HOMES","(210) 414-7996","","TX","78028","Default","False","0","S00065001","0.0000","2026-09-16 00:00:00","2026-09-16 00:00:00","","D04","SITE WALK","00:00","","Neither","","","","","","2026-09-18 00:00:00","2026-09-16 00:00:00","S","L1","0.0000","","","D4","Rate 1","0.0000","","WEST","0.0000","0.0000","L1","","COD","","","","MEP","","0.0000","2026-10-02 00:00:00","L1","0.0000","343 WATCHMAN WAY","","FREDERICKSBURG","5127312438","","bryanne@brydesign.com","*","BRY DESIGN","(512) 731-2438","","TX","78624","Open","","","","","","","","","","","","No Warranty","","","0.0000","0.0000","0.0000","","","","","","Other","","Major","Home service","","","","","False","","","","","","","","0.0000","TAX","","8.2500","0.0000","","0.0000","LBF","LBF","Neither","","","","","","0.0000"
"271754","False","False","","","","","","0.0000","","","","","","","","","False","Complete Ship","12:42","12:50","","3","","","Invoice","07:00","","0.0000","False","","","","","29.796553","-98.127514","","False","","","","","","","False","True","False","False","False","True","False","False","","","","","","","APPROVED","","","","","","","0.0000","0.0000","2026-09-18 00:00:00","","0.0000","","False","0.0000","0","","","","False","","False","","","","2026-09-16 12:42:10","2026-09-21 12:41:27","","False","False","False","False","LBF_9/16/2026_533424","","","","","","","","False","","","1540 ISAAC CREEK CIR","","NEW BRAUNFELS","8306608496","","VIRGINIA","JACKSON","(830) 660-8496","","TX","78132","Default","False","0","R00015746","3635.7400","2026-09-16 00:00:00","2026-09-16 00:00:00","","D05","","00:00","","Neither","","","","","","2026-09-16 00:00:00","2026-09-16 00:00:00","R","L1","0.0000","","","D4","Rate 1","0.0000","","SOUTH","360.6500","0.0000","L1","","COD","","","","LTC","","0.0000","2026-09-22 00:00:00","L1","2998.0000","1540 ISAAC CREEK CIR","","NEW BRAUNFELS","8306608496","","","VIRGINIA","JACKSON","(830) 660-8496","","TX","78132","Open","","","","","","","","","","","","No Warranty","","","0.0000","0.0000","0.0000","","","","","","Other","","Major","Home service","","","","","False","","","","","","","","0.0000","TAX","","8.2500","277.0900","","0.0000","LTC","LTC","Neither","","","","","","0.0000"
"271775","False","False","","","","","","0.0000","","","","","","","","","False","Complete Ship","15:39","16:54","","3","","","Invoice","07:00","","0.0000","False","","","","","30.203060","-97.872139","","False","","","","","","","False","False","False","False","False","False","False","False","","","","","","","APPROVED","","","","","","","0.0000","0.0000","2026-09-18 00:00:00","","0.0000","","False","0.0000","0","","","","False","","False","","","","2026-09-16 15:39:22","2026-09-21 12:41:22","","False","False","False","False","LBF_9/16/2026_289562","","","","","","","","False","","","6417 YORK BRIDGE CIRCLE","","AUSTIN","5126325765","ghall7575@gmail.com","GERALDINE","HALL","(512) 632-5765","","TX","78749","Default","False","0","R00015748","3605.4800","2026-09-16 00:00:00","2026-09-16 00:00:00","","D01","BEFORE 3PM","00:00","","Neither","","","","","","2026-09-16 00:00:00","2026-09-16 00:00:00","R","L1","0.0000","","","D4","Rate 1","0.0000","","LOC","332.7000","0.0000","L1","","COD","","","","LTC","","0.0000","2026-09-22 00:00:00","L1","2998.0000","6417 YORK BRIDGE CIRCLE","","AUSTIN","5126325765","","ghall7575@gmail.com","GERALDINE","HALL","(512) 632-5765","","TX","78749","Open","","","","","","","","","","","","No Warranty","","","0.0000","0.0000","0.0000","","","","","","Other","","Major","Home service","","","","","False","","","","","","","","0.0000","TAX","","8.2500","274.7800","","0.0000","LTC","LTC","Neither","","","","","","0.0000"
"271778","False","False","","","","","","0.0000","","","","","","","","","False","Complete Ship","15:53","15:58","","3","","","Invoice","07:00","","0.0000","False","","","","","30.330311","-98.003599","","False","","","","","","","False","True","False","False","False","True","False","False","","","","","","","APPROVED","","","","","","","0.0000","0.0000","2026-09-18 00:00:00","","0.0000","","False","0.0000","0","","","","False","","False","","","","2026-09-16 15:53:40","2026-09-17 08:30:43","","False","False","False","False","LTC_9/16/2026_533424","","","","","","","","False","","","1108 CRESTONE STREAM DR","","AUSTIN","5124020656","","JOSEPH","TROMBLEY","(512) 402-0656","","TX","78738","Default","False","0","R00015749","2109.7900","2026-09-16 00:00:00","2026-09-16 00:00:00","","D01","","00:00","","Neither","","","","","","2026-09-16 00:00:00","2026-09-16 00:00:00","R","L1","0.0000","","","D4","Rate 1","0.0000","","LOC","200.0000","0.0000","L1","","COD","","","","LTC","","0.0000","2026-09-22 00:00:00","L1","1749.0000","1108 CRESTONE STREAM DR","","AUSTIN","5124020656","","","JOSEPH","TROMBLEY","(512) 402-0656","","TX","78738","Open","","","","","","","","","","","","No Warranty","","","0.0000","0.0000","0.0000","","","","","","Other","","Major","Home service","","","","","False","","","","","","","","0.0000","TAX","","8.2500","160.7900","","0.0000","LTC","LTC","Neither","","","","","","0.0000"
"271717","False","False","","","","","","0.0000","","","","","","","","","False","Complete Ship","09:25","12:28","","0","","","Invoice","07:00","","0.0000","False","","","","","30.199343","-98.158837","","False","","","","","","","False","True","False","False","False","True","False","False","","","","","","DELIVERY","APPROVED","","","","","","","0.0000","0.0000","2026-09-13 00:00:00","","0.0000","","False","0.0000","0","","","","False","","False","","","","2026-09-16 09:25:39","2026-09-18 12:38:38","","False","False","False","False","RR_9/16/2026_705547","","","","","","","","False","","","4205 US-290","","DRIPPING SPRINGS","LOSTINVENTORY","","*","WACA LOST INVENTORY","(512) 894-0907","","TX","78620","Default","False","0","S00064999","0.0000","2026-09-16 00:00:00","2026-09-18 00:00:00","","","","00:00","","Neither","","","","","","2026-09-18 00:00:00","2026-09-16 00:00:00","S","L1","0.0000","","","CPU3","Rate 1","0.0000","","","0.0000","0.0000","L1","","COD","2026-09-18 00:00:00","","","WKE","","0.0000","","L1","0.0000","4205 US-290","","DRIPPING SPRINGS","LOSTINVENTORY","","","*","WACA LOST INVENTORY","(512) 894-0907","","TX","78620","Open","","","","","","","","","","","","No Warranty","","","0.0000","0.0000","0.0000","","","","","","Other","","Major","Home service","","","","","False","","","","","","","","0.0000","TAX","","8.2500","0.0000","","0.0000","RR","RR","Neither","","","","","","0.0000"
"271657","False","False","","","","CAB","","0.0000","","","","","","","","","False","Complete Ship","10:01","09:48","","1","","","Invoice","07:00","","0.0000","False","","","","","30.379705","-97.827325","","False","","","","","","","False","True","False","False","False","True","False","False","","","","","","DELIVERY","APPROVED","","","","","","","0.0000","0.0000","2026-06-20 00:00:00","","0.0000","","False","0.0000","0","","","","False","","False","","","","2026-09-15 10:01:00","2026-09-18 12:06:38","","False","False","False","False","CBS_9/15/2026_705547","","","","","","","","False","","","9200 BELL MOUNTAIN DR","","AUSTIN","4254069171","jeromeberniere@yahoo.com","JEROME & DELPHINE","BERNIERE","(425) 406-9171","","TX","78730","Default","False","0","R00015566-1","216.4500","2026-09-15 00:00:00","2026-09-16 00:00:00","","D02","1st stop, if possible.  Remove existing built in refrigerator and separate freezer in preparation for cabinet modification.","00:00","","Neither","","","","","","2026-09-18 00:00:00","2026-08-24 00:00:00","R","L1","0.0000","","","D4","Rate 1","0.0000","","LOC","199.9500","0.0000","L1","","COD","","","","CBS","LTC","0.0000","2026-09-30 00:00:00","L1","0.0000","9200 BELL MOUNTAIN DR","","AUSTIN","4254069171","","jeromeberniere@yahoo.com","JEROME & DELPHINE","BERNIERE","(425) 406-9171","","TX","78730","Open","","","","","","","","","","","","No Warranty","","","0.0000","0.0000","0.0000","","","","","","Other","","Major","Home service","","","","","False","","","","","","","","0.0000","TAX","","8.2500","16.5000","","0.0000","CBS","CBS","Neither","","","","","","0.0000"
"271691","False","False","","","","CAB","","0.0000","","","","","","","","","False","Complete Ship","14:33","12:49","","1","","","Invoice","07:00","","0.0000","False","","","","","30.289950","-97.804175","","False","","","","","","","False","False","False","False","False","False","False","False","","","","","","CABINETS","APPROVED","","","","","","","0.0000","0.0000","2026-05-13 00:00:00","","0.0000","","False","0.0000","0","","","","False","","False","","","","2026-09-15 14:33:24","2026-09-17 12:49:20","","False","False","False","False","CBS_9/15/2026_705547","","","","","","","","False","","","104 WESTON LN S","","AUSTIN","5124135992","michael@johnson-powers.com","*","JOHNSON-POWERS CONSTRUCTION","(512) 413-5992","(512) 980-3690","TX","78733","Default","False","0","CB00010193-3","757.7300","2026-09-15 00:00:00","2026-09-17 00:00:00","","ABC","","00:00","","Neither","","","","","","2026-09-17 00:00:00","2026-08-21 00:00:00","CAB","L1","0.0000","","","D4","Rate 1","0.0000","","AUS W","699.9800","0.0000","L1","","COD","","","RDW","CBS","","0.0000","2026-09-22 00:00:00","L1","0.0000","203 BUCKEYE TRAIL","","AUSTIN","5124135992","","michael@johnson-powers.com","*","JOHNSON-POWERS CONSTRUCTION","(512) 413-5992","(512) 980-3690","TX","78746","Open","","","","","","","","","","","","No Warranty","","","0.0000","0.0000","0.0000","","","","","","Other","","Major","Home service","","","","","False","","","","","","","","0.0000","TAX","","8.2500","57.7500","","0.0000","CBS","CBS","Neither","","","","","","0.0000"
"271693","False","False","","","","CAB","","0.0000","","","","","","","","","False","Complete Ship","14:42","09:43","","10","","","Invoice","07:00","","0.0000","False","","","","","30.288045","-98.883443","","False","","","","","","","False","True","False","False","False","True","False","False","","","","","","","APPROVED","","","","","","","0.0000","0.0000","2026-09-12 00:00:00","","0.0000","","False","0.0000","0","","","","False","","False","","","","2026-09-15 14:42:36","2026-09-21 09:43:11","","False","False","False","False","CSH_9/17/2026_579518","","","","","","","","False","","","906 W TRAVIS ST","","FREDERICKSBURG","2144603283","brenda.cole@yahoo.com","BRENDA","COLE","(214) 460-3283","","TX","78624","Default","False","0","S00064997","0.0000","2026-09-15 00:00:00","2026-09-21 00:00:00","","","","00:00","","Neither","","","","","","2026-09-21 00:00:00","2026-09-15 00:00:00","S","L1","0.0000","","","D2","Rate 1","0.0000","","WEST","1901.7000","13806.0000","L1","","COD","","","","CSH","CBS","0.0000","2026-09-27 00:00:00","L1","23225.0000","906 W TRAVIS ST","","FREDERICKSBURG","2144603283","","brenda.cole@yahoo.com","BRENDA","COLE","(214) 460-3283","","TX","78624","Open","","","","","","","","","","","","No Warranty","","","0.0000","0.0000","0.0000","","","","","","Other","","Major","Home service","","","","","False","","","","","","","","0.0000","TAX","","8.2500","1944.2700","","0.0000","CSH","CSH","Neither","","","","","","0.0000"
"271655","False","False","","","","IMUC","","0.0000","","","","","","","","","False","Complete Ship","09:32","09:36","","1","","","Invoice","07:00","","0.0000","False","","","","","30.211680","-98.007118","","False","","","","","","","True","False","False","False","True","False","False","False","","","","","","","APPROVED","","","","","","","0.0000","0.0000","2026-06-21 00:00:00","","0.0000","","False","0.0000","0","","","","False","","False","","","","2026-09-15 09:32:48","2026-09-15 09:36:59","","False","False","False","False","LBF_9/15/2026_705547","","","","","","","","False","","","171 FERDINAND CT","","AUSTIN","41259993669","","ALISA","McILRATH","(415) 999-3669","","TX","78737","Default","False","0","R00015735","0.0000","2026-09-15 00:00:00","2026-09-15 00:00:00","","D04","2nd Site walk - Armando 512-567-6885","00:00","","Neither","","","","","","2026-09-15 00:00:00","2026-09-15 00:00:00","R","L1","0.0000","","","D4","Rate 1","0.0000","","LOC","0.0000","0.0000","L1","","COD","","","","EHM","","0.0000","2026-09-22 00:00:00","L1","0.0000","171 FERDINAND CT","","AUSTIN","41259993669","","","ALISA","McILRATH","(415) 999-3669","","TX","78737","Open","","","","","","","","","","","","No Warranty","","","0.0000","0.0000","0.0000","","","","","","Other","","Major","Home service","","","","","False","","","","","","","","0.0000","TAX","","8.2500","0.0000","","0.0000","LBF","LBF","Neither","","","","","","0.0000"
"271687","False","False","","","","","","0.0000","","","","","","","","","False","Complete Ship","14:00","13:07","","3","","","Invoice","07:00","","0.0000","False","","","","","29.973872","-98.169839","","False","","","","","","","False","False","False","False","False","False","False","False","","","","","","DELIVERY","APPROVED","","","","","","","0.0000","0.0000","2026-09-13 00:00:00","","0.0000","","False","0.0000","0","","","","False","","False","","","","2026-09-15 14:00:44","2026-09-21 13:07:48","","False","False","False","False","LBF_9/15/2026_705547","","","","","","","","False","","","2550 OAK RUN DR","","WIMBERLEY","2039278473","edzen345@gmailcom","ED","VINCENT","(203) 996-9113","","TX","78676","Default","False","0","R00015713-1","216.5000","2026-09-15 00:00:00","2026-09-21 00:00:00","","","","00:00","","Neither","","","","","","2026-09-21 00:00:00","2026-09-11 00:00:00","R","L1","0.0000","","","D3","Rate 1","0.0000","","LOC","200.0000","0.0000","L1","","COD","","","","SPR","","0.0000","2026-10-04 00:00:00","L1","0.0000","2550 OAK RUN DR","","WIMBERLEY","2039278473","","edzen345@gmailcom","ED","VINCENT","(203) 996-9113","","TX","78676","Open","","","","","","","","","","","","No Warranty","","","0.0000","0.0000","0.0000","","","","","","Other","","Major","Home service","","","","","False","","","","","","","","0.0000","TAX","","8.2500","16.5000","","0.0000","LBF","SPR","Neither","","","","","","0.0000"
"271690","False","False","","","","MOD","","0.0000","","","","","","","","","False","Complete Ship","14:15","15:20","","3","","","Invoice","07:00","","0.0000","False","","","","","30.202011","-97.872891","","False","","","","","","","False","True","False","False","False","True","False","False","","","","","","","APPROVED","","","","","","","0.0000","0.0000","2026-04-11 00:00:00","","0.0000","","False","0.0000","0","","","","False","","False","","","","2026-09-15 14:15:04","2026-09-15 15:20:29","","False","False","False","False","LBF_9/15/2026_533424","","","","","","","","False","","","9321 MANIPARI LN","","AUSTIN","5124869176","","DAVID","GINGRICH","(512) 486-9176","","TX","78749","Default","False","0","R00015739","0.0000","2026-09-15 00:00:00","2026-09-15 00:00:00","","D02","check vent hood - it needs to be secured - PHOTOS IN DT","00:00","","Neither","","","","","","2026-09-15 00:00:00","2026-09-15 00:00:00","R","L1","0.0000","","","D4","Rate 1","0.0000","","LOC","0.0000","0.0000","L1","","COD","","","","SPR","","0.0000","2026-09-25 00:00:00","L1","0.0000","9321 MANIPARI LN","","AUSTIN","5124869176","","","DAVID","GINGRICH","(512) 486-9176","","TX","78749","Open","","","","","","","","","","","","No Warranty","","","0.0000","0.0000","0.0000","","","","","","Other","","Major","Home service","","","","","False","","","","","","","","0.0000","TAX","","8.2500","0.0000","","0.0000","LBF","LBF","Neither","","","","","","0.0000"
"271660","False","False","","","","","","0.0000","","","","","","","","","False","Complete Ship","10:30","09:02","","1","","","Invoice","07:00","","0.0000","False","","","","","30.175804","-98.049571","","False","","","","","","","False","False","False","False","False","False","False","False","","","","","","DELIVERY","APPROVED","","","","","","","0.0000","0.0000","2026-09-17 00:00:00","","0.0000","","False","0.0000","0","","","","False","","False","","","","2026-09-15 10:30:28","2026-09-18 09:02:04","","False","False","False","False","LTC_9/15/2026_705547","","","","","","","","False","","","1545 EAST CREEK DRIVE","","DRIPPING SPRINGS","5128582667","","BETH","JOHNSON","(415) 250-3770","","TX","78620","Default","False","0","R00015737","0.0000","2026-09-15 00:00:00","2026-09-18 00:00:00","","D01","","00:00","","Neither","","","","","","2026-09-18 00:00:00","2026-09-15 00:00:00","R","L1","0.0000","","","D4","Rate 1","0.0000","","LOC","0.0000","0.0000","L1","","COD","","","","LTC","","0.0000","2026-10-01 00:00:00","L1","0.0000","1545 EAST CREEK DRIVE","","DRIPPING SPRINGS","5128582667","","","BETH","JOHNSON","(415) 250-3770","","TX","78620","Open","","","","","","","","","","","","No Warranty","","","0.0000","0.0000","0.0000","","","","","","Other","","Major","Home service","","","","","False","","","","","","","","0.0000","TAX","","8.2500","0.0000","","0.0000","LTC","LBF","Neither","","","","","","0.0000"
"271686","False","False","","","","","","0.0000","","","","","","","","","False","Complete Ship","14:00","15:54","","2","","","Invoice","07:00","","0.0000","False","","","","","30.237701","-98.011172","","False","","","","","","","False","True","False","False","False","True","False","False","","","","","","","APPROVED","","","","","","","0.0000","0.0000","2026-09-17 00:00:00","","0.0000","","False","0.0000","0","","","","False","","False","","","","2026-09-15 14:00:34","2026-09-18 15:54:21","","False","False","False","False","LTC_9/15/2026_289562","","","","","","","","False","","","12330 PAULS VALLEY RD","","AUSTIN","3464265929","","GABBY","ORMONDE","(346) 426-5929","","TX","78737","Default","False","0","R00015738","756.5600","2026-09-15 00:00:00","2026-09-18 00:00:00","","D01","","00:00","","Neither","","","","","","2026-09-18 00:00:00","2026-09-15 00:00:00","R","L1","0.0000","","","D4","Rate 1","0.0000","","LOC","199.9000","0.0000","L1","","COD","","","","LTC","","0.0000","2026-09-25 00:00:00","L1","499.0000","12330 PAULS VALLEY RD","","AUSTIN","3464265929","","","GABBY","ORMONDE","(346) 426-5929","","TX","78737","Open","","","","","","","","","","","","No Warranty","","","0.0000","0.0000","0.0000","","","","","","Other","","Major","Home service","","","","","False","","","","","","","","0.0000","TAX","","8.2500","57.6600","","0.0000","LTC","LBF","Neither","","","","","","0.0000"
"271709","False","False","","","","","","0.0000","","","","","","","","","False","Complete Ship","16:54","09:07","","3","","","Invoice","07:00","","0.0000","False","","","","","30.184373","-97.979573","","False","","","","","","","False","False","False","False","False","False","False","False","","","","","","","APPROVED","","","","","","","0.0000","0.0000","2026-09-17 00:00:00","","0.0000","","False","0.0000","0","","","","False","","False","","","","2026-09-15 16:54:12","2026-09-16 10:11:08","","False","False","False","False","LTC_9/15/2026_774740","","","","","","","","False","","","122 CATALINA LN","","AUSTIN","5054634378","kinman505@gmail.com","KEVIN","INMAN","(505) 463-4378","","TX","78737","Default","False","0","R00015742","1064.2400","2026-09-15 00:00:00","2026-09-16 00:00:00","","D01","","00:00","","Neither","","","","","","2026-09-16 00:00:00","2026-09-15 00:00:00","R","L1","0.0000","","","D4","Rate 1","0.0000","","LOC","394.8000","0.0000","L1","","COD","","","","LTC","","0.0000","2026-10-05 00:00:00","L1","599.0000","122 CATALINA LN","","AUSTIN","5054634378","","kinman505@gmail.com","KEVIN","INMAN","(505) 463-4378","","TX","78737","Open","","","","","","","","","","","","No Warranty","","","0.0000","0.0000","0.0000","","","","","","Other","","Major","Home service","","","","","False","","","","","","","","0.0000","TAX","","8.2500","70.4400","","0.0000","LTC","LBF","Neither","","","","","","0.0000"
"271652","False","False","","","","","","0.0000","","","","","","","","","False","Complete Ship","09:16","15:53","","3","","","Invoice","07:00","","0.0000","False","","","","","30.215252","-98.043322","","False","","","","","","","False","False","False","False","False","False","False","False","","","","","","","APPROVED","","","","","","","0.0000","0.0000","2026-09-17 00:00:00","","0.0000","","False","0.0000","0","","","","False","","False","","","","2026-09-15 09:16:00","2026-09-18 15:57:38","","False","False","False","False","SPR_9/15/2026_533424","","","","","","","","False","","","612 OAK CREST DR","","DRIPPING SPRINGS","9168371633","laurence95631@mac.com","LAURENCE","SWEENEY","(916) 837-1633","","TX","78620","Default","False","0","R00015734","1811.7800","2026-09-15 00:00:00","2026-09-18 00:00:00","","D01","","00:00","","Neither","","","","","","2026-09-18 00:00:00","2026-09-15 00:00:00","R","L1","0.0000","","","D4","Rate 1","0.0000","","LOC","275.7000","0.0000","L1","","COD","","","","SPR","","0.0000","2026-09-25 00:00:00","L1","1398.0000","612 OAK CREST DR","","DRIPPING SPRINGS","9168371633","","laurence95631@mac.com","LAURENCE","SWEENEY","(916) 837-1633","","TX","78620","Open","","","","","","","","","","","","No Warranty","","","0.0000","0.0000","0.0000","","","","","","Other","","Major","Home service","","","","","False","","","","","","","","0.0000","TAX","","8.2500","138.0800","","0.0000","SPR","LBF","Neither","","","","","","0.0000"
"271658","False","False","","","","IMUC","","0.0000","","","","","","","","","False","Complete Ship","10:15","08:39","","5","","","Invoice","07:00","","0.0000","False","","","","","30.274503","-97.867376","","False","","","","(512) 879-8989","","(512) 879-8989","False","False","False","False","False","False","False","False","","","","","","","APPROVED","","","","","","","0.0000","0.0000","2026-06-27 00:00:00","","0.0000","","False","0.0000","0","","","","False","","False","","","","2026-09-15 10:15:45","2026-09-18 08:59:37","","False","False","False","False","SPR_9/15/2026_289562","","","","","","","","False","","","7921 ESCALA DRIVE","","AUSTIN","5124239664","drmwheat@aol.com","MARY & ALLEN","WHEAT","(512) 423-9664","(512) 879-8989 his c","TX","78735","Default","False","0","R00015736","3525.5900","2026-09-15 00:00:00","2026-09-18 00:00:00","","D06","ICE MACHINE","00:00","","Neither","","","","","","2026-09-18 00:00:00","2026-09-15 00:00:00","R","L1","0.0000","","","D4","Rate 1","0.0000","","LOC","689.9000","0.0000","L1","","COD","","","","EHM","","0.0000","2026-09-25 00:00:00","L1","2567.0000","7921 ESCALA DRIVE","","AUSTIN","5124239664","512-879 8989 his cell","drmwheat@aol.com","MARY & ALLEN","WHEAT","(512) 423-9664","(512) 879-8989 his c","TX","78735","Open","","","","","","","","","","","","No Warranty","","","0.0000","0.0000","0.0000","","","","","","Other","","Major","Home service","","","","","False","","","","","","","","0.0000","TAX","","8.2500","268.6900","","0.0000","SPR","LBF","Neither","","","","","","0.0000"
"271692","False","False","","","","","","0.0000","","","","","","","","","False","Complete Ship","14:33","15:00","","2","","","Invoice","07:00","","0.0000","False","","","","","30.094178","-98.048619","","False","","","","","","","False","True","False","False","False","True","False","False","","","","","","DELIVERY","APPROVED","","","","","","","0.0000","0.0000","2026-09-17 00:00:00","","0.0000","","False","0.0000","0","","","","False","","False","","","","2026-09-15 14:33:58","2026-09-17 15:00:55","","False","False","False","False","SPR_9/15/2026_533424","","","","","","","","False","","","128 HIDDEN CANYON LN","","DRIFTWOOD","5126940418","mis3boysrus@gmail.com","MARY","STEINBERG","(512) 694-0418","","TX","78619","Default","False","0","R00015740","2224.7400","2026-09-15 00:00:00","2026-09-17 00:00:00","","D01","DW","00:00","","Neither","","","","","","2026-09-17 00:00:00","2026-09-15 00:00:00","R","L1","0.0000","","","D4","Rate 1","0.0000","","LOC","269.9000","0.0000","L1","","COD","","","","SPR","","0.0000","2026-09-24 00:00:00","L1","1799.0000","128 HIDDEN CANYON LN","","DRIFTWOOD","5126940418","","mis3boysrus@gmail.com","MARY","STEINBERG","(512) 694-0418","","TX","78619","Open","","","","","","","","","","","","No Warranty","","","0.0000","0.0000","0.0000","","","","","","Other","","Major","Home service","","","","","False","","","","","","","","0.0000","TAX","","8.2500","155.8400","","0.0000","SPR","LBF","Neither","","","","","","0.0000"
"271701","False","False","","","","IMUC","","0.0000","","","","","","","","","False","Complete Ship","15:21","15:28","","4","","","Invoice","07:00","","0.0000","False","","","","","30.305523","-97.767619","","False","","","","","","","True","False","False","False","True","False","False","False","","","","","","DELIVERY","APPROVED","","","","","","","0.0000","0.0000","2026-09-17 00:00:00","","0.0000","","False","0.0000","0","","","","False","","False","","","","2026-09-15 15:21:02","2026-09-16 10:11:08","","False","False","False","False","SPR_9/15/2026_579518","","","","","","","","False","","","2700 VERDEBANK CIRCLE","","AUSTIN","5124680063","shughesqueen@gmail.com","SARAH","QUEEN","(512) 468-0063","","TX","78703","Default","False","0","R00015741","4115.1500","2026-09-15 00:00:00","2026-09-15 00:00:00","","D04","ICE MACHINE","00:00","","Neither","","","","","","2026-09-15 00:00:00","2026-09-15 00:00:00","R","L1","0.0000","","","D4","Rate 1","0.0000","","LOC","539.9000","0.0000","L1","","COD","","","","SPR","","0.0000","2026-09-23 00:00:00","L1","2615.0000","2700 VERDEBANK CIRCLE","","AUSTIN","5124680063","","shughesqueen@gmail.com","SARAH","QUEEN","(512) 468-0063","","TX","78703","Open","","","","","","","","","","","","No Warranty","","","0.0000","0.0000","0.0000","","","","","","Other","","Major","Home service","","","","","False","","","","","","","","0.0000","TAX","","8.2500","260.2800","","0.0000","SPR","LBF","Neither","","","","","","699.9700"
"271637","False","False","","","","CAB","","0.0000","","","","","","","","","False","Complete Ship","16:25","16:25","","1","","","Invoice","07:00","","0.0000","False","","","","","30.175099","-97.936793","","False","","","","","","","True","False","False","False","True","False","False","False","","","","","","CABINETS","APPROVED","","","","","","","0.0000","0.0000","2026-09-16 00:00:00","","0.0000","","False","0.0000","0","","","","False","","False","","","","2026-09-14 16:25:42","2026-09-14 16:25:57","","False","False","False","False","CAM_9/14/2026_579518","","","","","","","","False","","","8201 BEAR CREEK DR","","AUSTIN","8326713078","jeff.dacunha@yahoo.com","JEFF","DACUNHA","(832) 671-3078","","TX","78737","Default","False","0","CB00010204","0.0000","2026-09-14 00:00:00","2026-09-14 00:00:00","","","","00:00","","Neither","","","","","","2026-09-14 00:00:00","2026-09-14 00:00:00","CAB","L1","0.0000","","","QUOTE 1","Rate 1","0.0000","","","41.6900","0.0000","L1","","COD","2026-09-30 00:00:00","","","CAM","","0.0000","","L1","0.0000","8201 BEAR CREEK DR","","AUSTIN","8326713078","","jeff.dacunha@yahoo.com","JEFF","DACUNHA","(832) 671-3078","","TX","78737","Open","","","","","","","","","","","","No Warranty","","","0.0000","0.0000","0.0000","","","","","","Other","","Major","Home service","","","","","False","","","","","","","","0.0000","TAX","","8.2500","3.4400","","0.0000","CAM","CAM","Neither","","","","","","0.0000"
"271614","False","False","","","","CAB","","0.0000","","","","","","","","","False","Complete Ship","14:38","14:39","","1","","","Invoice","07:00","","0.0000","False","","","","","30.265590","-97.746559","","False","","","","","","","False","False","False","False","False","False","False","False","","","","","","CABINETS","APPROVED","","","","","","","0.0000","0.0000","2026-08-16 00:00:00","","0.0000","","False","0.0000","0","","","","False","","False","","","","2026-09-14 14:38:27","2026-09-15 08:22:09","","False","False","False","False","CBS_9/14/2026_705547","","","","","","","","False","","","210 LAVACA ST","UNIT 2102","AUSTIN","6108885128","irlbarg@gmail.com","IRL","BARG","(610) 888-5128","","TX","78701","Default","False","0","CB00010203","3134.4200","2026-09-14 00:00:00","2026-09-14 00:00:00","","","","00:00","","Neither","","","","","","2026-09-14 00:00:00","2026-09-11 00:00:00","CAB","L1","0.0000","","","D2","Rate 1","0.0000","","LOCAL","2933.6400","0.0000","L1","","COD","","","","CBS","EHM","0.0000","2026-11-11 00:00:00","L1","0.0000","210 LAVACA ST","UNIT 2102","AUSTIN","6108885128","","irlbarg@gmail.com","IRL","BARG","(610) 888-5128","","TX","78701","Open","","","","","","","","","","","","No Warranty","","","0.0000","0.0000","0.0000","","","","","","Other","","Major","Home service","","","","","False","","","","","","","","0.0000","TAX","","8.2500","200.7800","","0.0000","CBS","CBS","Neither","","","","","","0.0000"
"271622","False","False","","","","MOD  CAB","","0.0000","","","","","","","","","False","Complete Ship","15:34","13:59","","1","","","Invoice","07:00","","0.0000","False","","","","","0.000000","0.000000","","False","","","","","","","False","False","False","False","False","False","False","False","","","","","","CABINETS","APPROVED","","","","","","","0.0000","0.0000","2026-08-27 00:00:00","","0.0000","","False","0.0000","0","","","","False","","False","","","","2026-09-14 15:34:01","2026-09-17 14:00:02","","False","False","False","False","CBS_9/14/2026_533424","","","","","","","","False","","","1645 BEARKAT CANYON DR","","DRIPPING SPRINGS","5127513743","rhiggerson@seton.org","RENEE","HIGGERSON","(512) 751-3743 his c","(512) 751-1422 Her","TX","78620","Default","False","0","MD00010107-1","0.0000","2026-09-14 00:00:00","2026-09-17 00:00:00","","ABC","","00:00","","Neither","","","","","","2026-09-17 00:00:00","2026-08-26 00:00:00","MOD","L1","0.0000","","","D2","Rate 1","0.0000","","LOCAL","0.0000","0.0000","L1","","COD","","","","CBS","LTC","0.0000","2026-09-22 00:00:00","L1","0.0000","1645 BEARKAT CANYON DR","","DRIPPING SPRINGS","5127513743","512-751-3743 his c","rhiggerson@seton.org","RENEE","HIGGERSON","(512) 751-3743 his c","(512) 751-1422 Her","TX","78620","Open","","","","","","","","","","","","No Warranty","","","0.0000","0.0000","0.0000","","","","","","Other","","Major","Home service","","","","","False","","","","","","","","0.0000","TAX","","8.2500","0.0000","","0.0000","CBS","CBS","Neither","","","","","","0.0000"
"271583","False","False","","","","","","0.0000","","","","","","","","","False","Complete Ship","12:17","10:14","","3","","","Invoice","07:00","","0.0000","False","","","","","30.290154","-98.686779","","False","","","","","","","False","True","False","False","False","True","False","False","","","","","","DELIVERY","APPROVED","","","","","","","0.0000","0.0000","2026-09-16 00:00:00","","0.0000","","False","0.0000","0","","","","False","","False","","","","2026-09-14 12:17:32","2026-09-16 10:14:33","","False","False","False","False","CSH_9/14/2026_705547","","","","","","","","False","","","150 KLEIN AHRENS","","FREDERICKSBURG","2108608647","*","TIM & DARLA","STARWTHER","(210) 860-8647","","TX","78624","Default","False","0","R00015726","3680.3400","2026-09-14 00:00:00","2026-09-16 00:00:00","","D02","","00:00","","Neither","","","","","","2026-09-16 00:00:00","2026-09-14 00:00:00","R","L1","0.0000","","","D4","Rate 1","0.0000","","WEST","201.8500","0.0000","L1","","COD","","","","CSH","","0.0000","2026-09-23 00:00:00","L1","3198.0000","150 KLEIN AHRENS","","FREDERICKSBURG","2108608647","","*","TIM & DARLA","STARWTHER","(210) 860-8647","","TX","78624","Open","","","","","","","","","","","","No Warranty","","","0.0000","0.0000","0.0000","","","","","","Other","","Major","Home service","","","","","False","","","","","","","","0.0000","TAX","","8.2500","280.4900","","0.0000","CSH","LBF","Neither","","","","","","0.0000"
"271589","False","False","","","","IMUC","","0.0000","","","","","","","","","False","Complete Ship","12:38","10:39","","4","","","Invoice","07:00","","0.0000","False","","","","","30.299690","-97.767506","","False","","","","","","","True","True","False","False","True","True","False","False","","","","","","","APPROVED","","","","","","","0.0000","0.0000","2026-07-15 00:00:00","","0.0000","","False","0.0000","0","","","","False","","False","","","","2026-09-14 12:38:21","2026-09-21 08:41:29","","False","False","False","False","EHM_9/14/2026_533424","","","","","","","","False","","","2705 VERDE VISTA DR","","AUSTIN","5123910435","tdowling@verdevista.net","TIM & KIMBERLY","DOWLING","(917) 783-9627","(917) 428-4550","TX","78703","Default","False","0","S00064992","3397.8600","2026-09-14 00:00:00","2026-09-18 00:00:00","","D04","ICE MACHINE","00:00","","Neither","","","","","","2026-09-18 00:00:00","2026-09-14 00:00:00","S","L1","0.0000","","","D4","Rate 1","0.0000","","LOC","539.9000","0.0000","L1","","COD","","","","EHM","","0.0000","2026-09-23 00:00:00","L1","2599.0000","2705 VERDE VISTA DR","","AUSTIN","5123910435","917-428-4550 her c","tdowling@verdevista.net","TIM & KIMBERLY","DOWLING","(917) 783-9627","(917) 428-4550","TX","78703","Open","","","","","","","","","","","","No Warranty","","","0.0000","0.0000","0.0000","","","","","","Other","","Major","Home service","","","","","False","","","","","","","","0.0000","TAX","","8.2500","258.9600","","0.0000","EHM","EHM","Neither","","","","","","0.0000"
"271590","False","False","","","","","","0.0000","","","","","","","","","False","Complete Ship","12:41","12:46","","3","","","Invoice","07:00","","0.0000","False","","","","","30.362538","-97.763444","","False","","","","","","","False","False","False","False","False","False","False","False","","","","","","","APPROVED","","","","","","","0.0000","0.0000","2026-09-16 00:00:00","","0.0000","","False","0.0000","0","","","","False","","False","","","","2026-09-14 12:41:50","2026-09-16 10:11:07","","False","False","False","False","EHM_9/14/2026_579518","","","","","","","","False","","","4005 ENCLAVE MESA CIRCLE","","AUSTIN","5127992010","sandi@keystothevault.com","SANDRA","CUNNINGHAM","(512) 799-2010","","TX","78731","Default","False","0","R00015727","2250.4100","2026-09-14 00:00:00","2026-09-14 00:00:00","","","","00:00","","Neither","","","","","","2026-09-15 00:00:00","2026-09-14 00:00:00","R","L1","0.0000","","","D2","Rate 1","0.0000","","LOC","189.9000","0.0000","L1","","COD","","","","EHM","","0.0000","2026-09-27 00:00:00","L1","1889.0000","4005 ENCLAVE MESA CIRCLE","","AUSTIN","5127992010","","sandi@keystothevault.com","SANDRA","CUNNINGHAM","(512) 799-2010","","TX","78731","Open","","","","","","","","","","","","No Warranty","","","0.0000","0.0000","0.0000","","","","","","Other","","Major","Home service","","","","","False","","","","","","","","0.0000","TAX","","8.2500","171.5100","","0.0000","EHM","EHM","Neither","","","","","","0.0000"
"271576","False","False","","","","","","0.0000","","","","","","","","","False","Complete Ship","11:29","11:31","","1","","","Invoice","07:00","","0.0000","False","","","","","29.900251","-98.442280","","False","","","","","","","False","True","False","False","False","True","False","False","","","","","","","APPROVED","","","","","","","0.0000","0.0000","2025-12-17 00:00:00","","0.0000","","False","0.0000","0","","","","False","","False","","","","2026-09-14 11:29:49","2026-09-18 13:24:18","","False","False","False","False","LBF_9/14/2026_705547","","","","","","","","False","","","931 Georg Oaks","","BULVERDE","2108233251","",".","TIMELESS LUXURY HOMES","(210) 823-3251","","TX","78163","Default","False","0","S00064988","0.0000","2026-09-14 00:00:00","2026-09-14 00:00:00","","D04","SITE WALK","00:00","","Neither","","","","","","2026-09-18 00:00:00","2026-09-14 00:00:00","S","L1","0.0000","","","D4","Rate 1","0.0000","","OUTER","0.0000","0.0000","L1","MONOGRAM","COD","","","","SAD","","0.0000","2026-09-24 00:00:00","L1","0.0000","1017 Jurassic Ln","","Spring Branch","2108233251","","",".","TIMELESS LUXURY HOMES","(210) 823-3251","","TX","78070","Open","","","","","","","","","","","","No Warranty","","","0.0000","0.0000","0.0000","","","","","","Other","","Major","Home service","","","","","False","","","","","","","","0.0000","TAX","","8.2500","0.0000","","0.0000","LBF","LBF","Neither","","","","","","0.0000"
"271596","False","False","","","","INST","","0.0000","","","","","","","","","False","Complete Ship","13:17","11:08","","1","","","Invoice","07:00","","0.0000","False","","","","","30.250867","-98.163952","","False","","","","","","","False","False","False","False","False","False","False","False","","","","","","DELIVERY","APPROVED","","","","","","","0.0000","0.0000","2023-12-08 00:00:00","","0.0000","","False","0.0000","0","","","","False","","False","","","","2026-09-14 13:17:13","2026-09-18 11:08:34","","False","False","False","False","LBF_9/14/2026_705547","","","","","","","","False","","","200 TEXAS LONGHORN TRL","","DRIPPING SPRINGS","8586107247","hollymwatkinson@gmail.com","HOLLY","WATKINSON","(858) 610-7247","","TX","78620","Default","False","0","S00064993","179.9500","2026-09-14 00:00:00","2026-09-18 00:00:00","","D03","","00:00","","Neither","","","","","","2026-09-18 00:00:00","2026-09-14 00:00:00","S","L1","0.0000","","","D4","Rate 1","0.0000","","LOC","179.9500","0.0000","L1","","COD","","","","MEP","","0.0000","2026-09-23 00:00:00","L1","0.0000","200 TEXAS LONGHORN TRL","","DRIPPING SPRINGS","8586107247","","hollymwatkinson@gmail.com","HOLLY","WATKINSON","(858) 610-7247","","TX","78620","Open","","","","","","","","","","","","No Warranty","","","0.0000","0.0000","0.0000","","","","","","Other","","Major","Home service","","","","","False","","","","","","","","0.0000","TAX","","8.2500","0.0000","","0.0000","LBF","LBF","Neither","","","","","","0.0000"
"271599","False","False","","","","","","0.0000","","","","","","","","","False","Complete Ship","13:46","15:59","","6","","","Invoice","07:00","","0.0000","False","","","","","30.276507","-97.760486","","False","","","","","","","True","False","False","False","True","False","False","False","","","","","","DELIVERY","APPROVED","","","","","","","0.0000","0.0000","2025-03-29 00:00:00","","0.0000","","False","0.0000","0","","","","False","","False","","","","2026-09-14 13:46:49","2026-09-18 15:59:31","","False","False","False","False","LBF_9/14/2026_579518","","","","","","","","False","","","1101 BELMONT PKWY","","AUSTIN","5127622131","rshepherd345@gmail.com","ROBIN","SHEPHERD","(512) 762-2131","","TX","78703","Default","False","0","S00063767-2","599.9000","2026-09-14 00:00:00","2026-09-18 00:00:00","","","","00:00","","Neither","","","","","","2026-09-18 00:00:00","2025-12-22 00:00:00","S","L1","0.0000","","","D3","Rate 1","0.0000","","LOC","599.9000","0.0000","L1","","COD","","","","MAM","","0.0000","2026-09-20 00:00:00","L1","0.0000","708 HIGHLAND AVE","","AUSTIN","5127622131","","rshepherd345@gmail.com","","5 BIRDS DWELLINGS","(512) 762-2131","","TX","78703","Open","","","","","","","","","","","","No Warranty","","","0.0000","0.0000","0.0000","","","","","","Other","","Major","Home service","","","","","False","","","","","","","","0.0000","TAX","","8.2500","0.0000","","0.0000","LBF","LBF","Neither","","","","","","0.0000"
"271631","False","False","","","","","","0.0000","","","","","","","","","False","Complete Ship","15:59","13:12","","2","","","Invoice","07:00","","0.0000","False","","","","","30.316862","-97.811855","","False","","","","(512) 732-0947","","(512) 732-0947","False","False","False","False","False","False","False","False","","","","","","DELIVERY","APPROVED","","","","","","","0.0000","0.0000","2026-07-02 00:00:00","","0.0000","","False","0.0000","0","","","","False","","False","","","","2026-09-14 15:59:31","2026-09-21 13:12:21","","False","False","False","False","LBF_9/14/2026_705547","","","","","","","","False","","","1739 CANONERO DRIVE","","AUSTIN","5127320946","jason.nebeker@sbcglobal.net","JASON","NEBEKER","(512) 431-9026","","TX","78746","Default","False","0","R00015375-1","219.9500","2026-09-14 00:00:00","2026-09-21 00:00:00","","","INSTALL 2 PANEL READY DW'S","00:00","","Neither","","","","","","2026-09-21 00:00:00","2026-07-28 00:00:00","R","L1","0.0000","","","D3","Rate 1","0.0000","","LOC","219.9500","0.0000","L1","","COD","","","","CSH","","0.0000","2026-10-25 00:00:00","L1","0.0000","1739 CANONERO DRIVE","","AUSTIN","5127320946","","jason.nebeker@sbcglobal.net","JASON","NEBEKER","(512) 431-9026","","TX","78746","Open","","","","","","","","","","","","No Warranty","","","0.0000","0.0000","0.0000","","","","","","Other","","Major","Home service","","","","","False","","","","","","","","0.0000","TAX","","8.2500","0.0000","","0.0000","LBF","CSH","Neither","","","","","","0.0000"
"271611","False","False","","","","","","0.0000","","","","","","","","","False","Complete Ship","14:24","15:39","","3","","","Invoice","07:00","","0.0000","False","","","","","30.285235","-97.799306","","False","","","","","","","False","False","False","False","False","False","False","False","","","","","","","APPROVED","","","","","","","0.0000","0.0000","2026-09-16 00:00:00","","0.0000","","False","0.0000","0","","","","False","","False","","","","2026-09-14 14:24:47","2026-09-15 15:39:47","","False","False","False","False","LTC_9/14/2026_533424","","","","","","","","False","","","505 ROCKY LEDGE RD","","WEST LAKE HILLS","5123298189","","PAT","EPSTEIN","(512) 329-8189","","TX","78746","Default","False","0","R00015728","1372.0600","2026-09-14 00:00:00","2026-09-15 00:00:00","","D01","","00:00","","Neither","","","","","","2026-09-15 00:00:00","2026-09-14 00:00:00","R","L1","0.0000","","","D4","Rate 1","0.0000","","LOC","179.9500","0.0000","L1","","COD","","","","LTC","","0.0000","2026-09-26 00:00:00","L1","899.0000","505 ROCKY LEDGE RD","","WEST LAKE HILLS","5123298189","","pepstein1@austin.rr.com","PAT","EPSTEIN","(512) 329-8189","","TX","78746","Open","","","","","","","","","","","","No Warranty","","","0.0000","0.0000","0.0000","","","","","","Other","","Major","Home service","","","","","False","","","","","","","","0.0000","TAX","","8.2500","93.1400","","0.0000","LTC","LBF","Neither","","","","","","199.9700"
"271586","False","False","","","","","","0.0000","","","","","","","","","False","Complete Ship","12:31","15:05","","0","","","Invoice","07:00","","0.0000","False","","","","","29.970170","-97.900902","","False","","","","","","","False","True","False","False","False","True","False","False","","","","","","DELIVERY","APPROVED","","","","","","","0.0000","0.0000","2025-11-20 00:00:00","","0.0000","","False","0.0000","0","","","","False","","False","","","","2026-09-14 12:31:40","2026-09-15 08:22:11","","False","False","False","False","AVS_9/14/2026_705547","","","","","","","","False","","","135 STAGELINE DR","","KYLE","6053900131","lauraeese@gmail.com","LAURA AND TODD","ELLINGTON","(605) 390-0131","","TX","78640","Default","False","0","S00064991","129.9000","2026-09-14 00:00:00","2026-09-14 00:00:00","","D03","","00:00","","Neither","","","","","","2026-09-14 00:00:00","2026-09-14 00:00:00","S","L1","0.0000","","","D2","Rate 1","0.0000","","LOC","0.0000","0.0000","L1","","COD","","","","MAM","","0.0000","2026-10-15 00:00:00","L1","120.0000","135 STAGELINE DR","","KYLE","6053900131","","lauraeese@gmail.com","LAURA AND TODD","ELLINGTON","(512) 970-4097","(605) 390-0131","TX","78640","Open","","","","","","","","","","","","No Warranty","","","0.0000","0.0000","0.0000","","","","","","Other","","Major","Home service","","","","","False","","","","","","","","0.0000","TAX","","8.2500","9.9000","","0.0000","MAM","AVS","Neither","","","","","","0.0000"
"271581","False","False","78664","","","INST","","0.0000","","","","","","","","","False","Complete Ship","12:04","13:01","","8","","","Invoice","07:00","","0.0000","False","","","","","30.475190","-97.658538","","False","","","","","","","False","True","False","False","False","False","False","False","","","","","","DELIVERY","APPROVED","","","","","","","0.0000","0.0000","2023-07-08 00:00:00","","0.0000","","False","0.0000","4","","","","False","","False","","","","2026-09-14 12:04:26","2026-09-18 13:01:01","","False","False","False","False","MEP_9/14/2026_705547","","","","","","","","False","","","4407 BEE CAVE RD","STE 412","AUSTIN","5123068300","ap@keystonehomes.co","*","KEYSTONE HOMES","(512) 576-6134","(512) 402-8838","TX","78746","Default","False","0","S00062784-1","0.0000","2026-09-14 00:00:00","2026-09-18 00:00:00","","D01","","00:00","","Neither","","","","","","2026-09-18 00:00:00","2026-09-14 00:00:00","S","L1","0.0000","","","D2R","Rate 1","0.0000","","NOR E","250.0000","0.0000","L1","00001-01027 & M0453","AR","","","","MEP","","0.0000","2026-09-29 00:00:00","L1","2735.0000","2209 GRENACHE DR","","ROUND ROCK","5123068300","","Michael@keystonehomes.co","*","KEYSTONE HOMES","(512) 306-8300","","TX","78664","Open","","","","","","","","","","","","No Warranty","","","0.0000","0.0000","0.0000","","","","","","Other","","Major","Home service","","","","","False","","","","","","","","0.0000","TAX","","8.2500","246.2600","","0.0000","MEP","LBF","Neither","","","","","","0.0000"
"271584","False","False","","","","","","0.0000","","","","","","","","","False","Complete Ship","12:21","12:55","","33","","","Invoice","07:00","","0.0000","False","","","","","30.355257","-97.765242","","False","","","","","","","False","True","False","False","False","True","False","False","","","","","","DELIVERY","APPROVED","","","","","","","0.0000","0.0000","2025-09-12 00:00:00","","0.0000","","False","0.0000","0","","","","False","","False","","","","2026-09-14 12:21:57","2026-09-14 12:56:14","","False","False","False","False","","","","","","","","","False","","","6800 ROCKLEDGE COVE","","AUSTIN","5127515377","kristinschell@mac.com","KRISTIN","SCHELL","(512) 751-5377","","TX","78731","Default","False","0","S00064990","0.0000","2026-09-14 00:00:00","2026-09-14 00:00:00","","","","00:00","","Neither","","","","","","2026-09-14 00:00:00","2026-09-14 00:00:00","S","L1","0.0000","","","D1","Rate 1","0.0000","","LOC","881.1000","0.0000","L1","","COD","","","","RDW","","0.0000","2027-06-14 00:00:00","L1","76046.0000","6800 ROCKLEDGE COVE","","AUSTIN","5127515377","","kristinschell@mac.com","KRISTIN","SCHELL","(512) 751-5377","","TX","78731","Open","","","","","","","","","","","","No Warranty","","","0.0000","0.0000","0.0000","","","","","","Other","","Major","Home service","","","","","False","","","","","","","","0.0000","TAX","","8.2500","6137.7900","","0.0000","RDW","RDW","Neither","","","","","","0.0000"
"271594","False","False","","","","","","0.0000","","","","","","","","","False","Complete Ship","12:56","","","0","","","Invoice","07:00","","","","","","","","30.355257","-97.765242","","False","","","","","","","False","True","False","False","False","True","False","False","","","","","","DELIVERY","APPROVED","","","","","","","0.0000","0.0000","2025-09-12 00:00:00","","0.0000","","False","0.0000","0","","","","False","","","","","","2026-09-14 12:56:09","2026-09-14 12:56:13","","False","False","False","False","","","","","","","","","","","","6800 ROCKLEDGE COVE","","AUSTIN","5127515377","kristinschell@mac.com","KRISTIN","SCHELL","(512) 751-5377","","TX","78731","Default","False","0","S00064990-1","0.0000","2026-09-14 00:00:00","","","","","00:00","","Neither","","","","","","2026-09-14 00:00:00","2026-09-14 00:00:00","S","L1","0.0000","","","D1","Rate 1","0.0000","","LOC","33596.0000","0.0000","L1","","COD","1899-12-30 00:00:00","","","RDW","","0.0000","2027-06-14 00:00:00","L1","15901.0000","6800 ROCKLEDGE COVE","","AUSTIN","5127515377","","kristinschell@mac.com","KRISTIN","SCHELL","(512) 751-5377","","TX","78731","Open","","","","","","","","","","","","No Warranty","","","0.0000","0.0000","0.0000","","","","","","Other","","Major","Home service","","","","","False","","","","","","","","0.0000","TAX","","8.2500","3564.0800","","0.0000","RDW","","Neither","","","","","","0.0000"
"271627","False","False","78006","","","IMUC","","0.0000","","","","","","","","","False","Complete Ship","15:48","15:52","","49","","","Invoice","07:00","","0.0000","False","","","","","0.000000","0.000000","","False","","","","","","","False","True","False","False","False","True","False","False","","","","","","","APPROVED","","","","","","","0.0000","0.0000","2026-03-22 00:00:00","","0.0000","","False","0.0000","0","","","","False","","False","","","","2026-09-14 15:48:47","2026-09-14 16:36:43","","False","False","False","False","SAD_9/14/2026_705547","","","","","","","","False","","","23090 FM 3009","","SAN ANTONIO","2104050550","hello@pencsakbuilders.com","*","PENCSAK BUILDERS","(210) 405-0550","","TX","78266","Default","False","0","S00064994","0.0000","2026-09-14 00:00:00","2026-09-14 00:00:00","","","","00:00","","Neither","","","","","","2026-09-14 00:00:00","2026-09-14 00:00:00","S","L1","0.0000","","","D2","Rate 1","0.0000","","BOERN","4994.6500","0.0000","L1","","AR","","","","SAD","","0.0000","2027-03-07 00:00:00","L1","68341.9000","PECAN SPRINGS PARADE HOME","BARREAL STREET","BOERNE","2104050550","","hello@pencsakbuilders.com","*","PENCSAK BUILDERS","(210) 405-0550","","TX","78006","Open","","","","","","","","","","","","No Warranty","","","0.0000","0.0000","0.0000","","","","","","Other","","Major","Home service","","","","","False","","","","","","","","0.0000","TAX","","8.2500","5703.8400","","0.0000","SAD","SAD","Neither","","","","","","0.0000"
"271645","False","False","","","","","","0.0000","","","","","","","","","False","Complete Ship","17:37","16:02","","2","","","Invoice","07:00","","0.0000","False","","","","","30.259774","-97.718303","","False","","","","","","","False","True","False","False","False","True","False","False","","","","","","","APPROVED","","","","","","","0.0000","0.0000","2026-09-13 00:00:00","","0.0000","","False","0.0000","0","","","","False","","False","","","","2026-09-14 17:37:56","2026-09-17 16:02:58","","False","False","False","False","SPR_9/14/2026_814490","","","","","","","","False","","","2201 E 6TH ST","","AUSTIN","5127058778","csmith@endeavor-re.com","CONNER","SMITH","(512) 705-8778","","TX","78702","Default","False","0","R00015732","0.0000","2026-09-14 00:00:00","2026-09-17 00:00:00","","","","00:00","","Neither","","","","","","2026-09-17 00:00:00","2026-09-14 00:00:00","R","L1","0.0000","","","D3","Rate 1","0.0000","","LOC","299.8500","0.0000","L1","","COD","","","","SPR","","0.0000","2026-09-27 00:00:00","L1","848.0000","2201 E 6TH ST","","AUSTIN","5127058778","","csmith@endeavor-re.com","CONNER","SMITH","(512) 705-8778","","TX","78702","Open","","","","","","","","","","","","No Warranty","","","0.0000","0.0000","0.0000","","","","","","Other","","Major","Home service","","","","","False","","","","","","","","0.0000","TAX","","8.2500","79.8500","","0.0000","SPR","SPR","Neither","","","","","","0.0000"
"271522","False","False","","","","","","0.0000","","","","","","","","","False","Complete Ship","10:09","16:03","","3","","","Invoice","07:00","","0.0000","False","","","","","30.297612","-97.741840","","False","","","","","","","False","True","False","False","False","True","False","False","","","","","","DELIVERY","APPROVED","","","","","","","0.0000","0.0000","2026-09-14 00:00:00","","0.0000","","False","0.0000","0","","","","False","","False","","","","2026-09-12 10:09:23","2026-09-18 16:03:39","","False","False","False","False","CSH_9/12/2026_705547","","","","","","","","False","","","3016 GUADALUPE ST","APT 319","AUSTIN","3017874173","rex.c.moore@gmail.com","REX","MOORE","(301) 787-4173","","TX","78705","Default","False","0","R00015717","2555.5900","2026-09-12 00:00:00","2026-09-18 00:00:00","","D02","","00:00","","Neither","","","","","","2026-09-18 00:00:00","2026-09-12 00:00:00","R","L1","0.0000","","","D4","Rate 1","0.0000","","LOC","261.8500","0.0000","L1","","COD","","","","CSH","","0.0000","2026-09-28 00:00:00","L1","1799.0000","3016 GUADALUPE ST","APT 319","AUSTIN","3017874173","","rex.c.moore@gmail.com","REX","MOORE","(301) 787-4173","","TX","78705","Open","","","","","","","","","","","","No Warranty","","","0.0000","0.0000","0.0000","","","","","","Other","","Major","Home service","","","","","False","","","","","","","","0.0000","TAX","","8.2500","194.7700","","0.0000","CSH","CSH","Neither","","","","","","299.9700"
"271524","False","False","","","","","","0.0000","","","","","","","","","False","Complete Ship","10:51","11:15","","2","","","Invoice","07:00","","0.0000","False","","","","","30.321773","-97.859477","","False","","","","","","","False","False","False","False","False","False","False","False","","","","","","DELIVERY","APPROVED","","","","","","","0.0000","0.0000","2026-09-14 00:00:00","","0.0000","","False","0.0000","0","","","","False","","False","","","","2026-09-12 10:51:01","2026-09-14 11:31:58","","False","False","False","False","CSH_9/12/2026_705547","","","","","","","","False","","","209 BRANDON WAY","","AUSTIN","4325287897","afrey2758@yahoo.com","ALLISON","FREY","(432) 230-2630","","TX","78733","Default","False","0","S00064987","2070.6100","2026-09-12 00:00:00","2026-09-12 00:00:00","","","","00:00","","Neither","","","","","","2026-09-12 00:00:00","2026-09-12 00:00:00","S","L1","0.0000","","","D2","Rate 1","0.0000","","LOC","169.9000","0.0000","L1","","COD","","","","CSH","","0.0000","2026-09-27 00:00:00","L1","1749.0000","209 BRANDON WAY","","AUSTIN","4325287897","","afrey2758@yahoo.com","ALLISON","FREY","(432) 230-2630","","TX","78733","Open","","","","","","","","","","","","No Warranty","","","0.0000","0.0000","0.0000","","","","","","Other","","Major","Home service","","","","","False","","","","","","","","0.0000","TAX","","8.2500","151.7100","","0.0000","CSH","CSH","Neither","","","","","","0.0000"
"271537","False","False","","","","","","0.0000","","","","","","","","","False","Complete Ship","14:35","10:05","","0","","","Invoice","07:00","","0.0000","False","","","","","29.685426","-98.483714","","False","","","","","","","True","False","False","False","True","False","False","False","","","","","","DELIVERY","APPROVED","","","","","","","0.0000","0.0000","2026-09-14 00:00:00","","0.0000","","False","0.0000","0","","","","False","","False","","","","2026-09-12 14:35:03","2026-09-17 08:30:42","","False","False","False","False","CSH_9/12/2026_705547","","","","","","","","False","","","703 DEER CROSS LN","","SAN ANTONIO","2108427293","","LLORYE","FLORES","(210) 842-7293","","TX","78260","Default","False","0","R00015723","1761.1700","2026-09-12 00:00:00","2026-09-16 00:00:00","","","","00:00","","Neither","","","","","","2026-09-16 00:00:00","2026-09-12 00:00:00","R","L1","0.0000","","","CPU2","Rate 1","0.0000","","SOUTH","27.9500","0.0000","L1","","COD","2026-09-12 00:00:00","","","CSH","","0.0000","","L1","1599.0000","703 DEER CROSS LN","","SAN ANTONIO","2108427293","","","LLORYE","FLORES","(210) 842-7293","","TX","78260","Open","","","","","","","","","","","","No Warranty","","","0.0000","0.0000","0.0000","","","","","","Other","","Major","Home service","","","","","False","","","","","","","","0.0000","TAX","","8.2500","134.2200","","0.0000","CSH","CSH","Neither","","","","","","0.0000"
"271529","False","False","","","","","","0.0000","","","","","","","","","False","Complete Ship","12:23","14:13","","3","","","Invoice","07:00","","0.0000","False","","","","","30.305247","-98.439964","","False","","","","","","","False","False","False","False","False","False","False","False","","","","","","","APPROVED","","","","","","","0.0000","0.0000","2026-09-14 00:00:00","","0.0000","","False","0.0000","0","","","","False","","False","","","","2026-09-12 12:23:29","2026-09-18 14:30:30","","False","False","False","False","EHM_9/12/2026_289562","","","","","","","","False","","","PO BOX 1631","","JOHNSON CITY","8308682796","kculp007@gmail.com","KAY","CULP","","","TX","78636","Default","False","0","R00015719","548.7700","2026-09-12 00:00:00","2026-09-18 00:00:00","","D05","VENTED INTO KITCHEN, NOT THROUGH CEILING","00:00","","Neither","","","","","","2026-09-18 00:00:00","2026-09-12 00:00:00","R","L1","0.0000","","","D4","Rate 1","0.0000","","WEST","259.9000","0.0000","L1","","COD","","asap","","EHM","","0.0000","2026-09-30 00:00:00","L1","260.0000","1569 ALTHAUS RANCH RD","","JOHNSON CITY","8308682796","","kculp007@gmail.com","KAY","CULP","(512) 619-6817","(512) 507-9140","TX","78636","Open","","","","","","","","","","","","No Warranty","","","0.0000","0.0000","0.0000","","","","","","Other","","Major","Home service","","","","","False","","","","","","","","0.0000","TAX","","8.2500","28.8700","","0.0000","EHM","LBF","Neither","","","","","","0.0000"
"271534","False","False","","","","IMUC","","0.0000","","","","","","","","","False","Complete Ship","13:31","11:34","","4","","","Invoice","07:00","","0.0000","False","","","","","30.288586","-97.773039","","False","","","","","","","True","False","False","False","True","False","False","False","","","","","","","APPROVED","","","","","","","0.0000","0.0000","2026-09-14 00:00:00","","0.0000","","False","0.0000","0","","","","False","","False","","","","2026-09-12 13:31:44","2026-09-18 08:54:36","","False","False","False","False","EHM_9/12/2026_760723","","","","","","","","False","","","1305 EXPOSITION BLVD","UNIT 5","AUSTIN","5124136975","","DEBBY","BURNS","(512) 413-6975","","TX","78703","Default","False","0","R00015721","3377.2900","2026-09-12 00:00:00","2026-09-17 00:00:00","","D04","ICE MACHINE","00:00","","Neither","","","","","","2026-09-18 00:00:00","2026-09-12 00:00:00","R","L1","0.0000","","","D4","Rate 1","0.0000","","LOCAL","549.9000","0.0000","L1","","COD","","","","EHM","","0.0000","2026-09-22 00:00:00","L1","2570.0000","1305 EXPOSITION BLVD","UNIT 5","AUSTIN","5124136975","","","DEBBY","BURNS","(512) 413-6975","","TX","78703","Open","","","","","","","","","","","","No Warranty","","","0.0000","0.0000","0.0000","","","","","","Other","","Major","Home service","","","","","False","","","","","","","","0.0000","TAX","","8.2500","257.3900","","0.0000","EHM","LBF","Neither","","","","","","0.0000"
"271481","False","False","","","","CAB","","0.0000","","","","","","","","","False","Complete Ship","13:34","14:37","","7","","","Invoice","07:00","","0.0000","False","","","","","30.265590","-97.746559","","False","","","","","","","False","False","False","False","False","False","False","False","","","","","","DELIVERY","APPROVED","","","","","","","0.0000","0.0000","2026-08-16 00:00:00","","0.0000","","False","0.0000","0","","","","False","","False","","","","2026-09-11 13:34:33","2026-09-15 08:22:09","","False","False","False","False","CBS_9/11/2026_705547","","","","","","","","False","","","210 LAVACA ST","UNIT 2102","AUSTIN","6108885128","irlbarg@gmail.com","IRL","BARG","(610) 888-5128","","TX","78701","Default","False","0","R00015712","6865.5800","2026-09-11 00:00:00","2026-09-14 00:00:00","","","","00:00","","Neither","","","","","","2026-09-14 00:00:00","2026-09-11 00:00:00","R","L1","0.0000","","","D2","Rate 1","0.0000","","LOC","641.8000","0.0000","L1","","COD","","","","EHM","CBS","0.0000","2026-11-11 00:00:00","L1","14999.0000","210 LAVACA ST","UNIT 2102","AUSTIN","6108885128","","irlbarg@gmail.com","IRL","BARG","(610) 888-5128","","TX","78701","Open","","","","","","","","","","","","No Warranty","","","0.0000","0.0000","0.0000","","","","","","Other","","Major","Home service","","","","","False","","","","","","","","0.0000","TAX","","8.2500","1259.0200","","0.0000","CBS","CBS","Neither","","","","","","0.0000"
"271488","False","False","","","","CAB","","0.0000","","","","","","","","","False","Complete Ship","14:01","","","1","","","Invoice","07:00","","","","","","","","30.269717","-97.751601","","False","","","","","","","False","False","False","False","False","False","False","False","","","","","","CABINETS","APPROVED","","","","","","","0.0000","0.0000","2026-08-29 00:00:00","","0.0000","","False","0.0000","0","","","","False","","","","","","2026-09-11 14:01:52","2026-09-11 21:57:34","","False","False","False","False","","","","","","","","","","","","800 W 5TH ST","1206","AUSTIN","9172924737","jweiner.asia@gmail.com","JON","WEINER","(973) 699-1592","","TX","78703","Default","False","0","CB00010197-2","499.9900","2026-09-11 00:00:00","","","ABC","","00:00","","Neither","","","","","","2026-09-11 00:00:00","2026-08-31 00:00:00","CAB","L1","0.0000","","","D4","Rate 1","0.0000","","AUS C","499.9900","0.0000","L1","","COD","1899-12-30 00:00:00","","","CBS","","0.0000","2026-09-24 00:00:00","L1","0.0000","800 W 5TH ST","1206","AUSTIN","9172924737","","jweiner.asia@gmail.com","JON","WEINER","(973) 699-1592","","TX","78703","Open","","","","","","","","","","","","No Warranty","","","0.0000","0.0000","0.0000","","","","","","Other","","Major","Home service","","","","","False","","","","","","","","0.0000","TAX","","8.2500","0.0000","","0.0000","CBS","","Neither","","","","","","0.0000"
"271492","False","False","","","","CAB  MOD","","0.0000","","","","","","","","","False","Complete Ship","14:16","14:19","","1","","","Invoice","07:00","","0.0000","False","","","","","30.290334","-97.929492","","False","","","","","","","False","True","False","False","False","True","False","False","","","","","","CABINETS","APPROVED","","","","","","","0.0000","0.0000","2026-07-18 00:00:00","","0.0000","","False","0.0000","0","","","","False","","False","","","","2026-09-11 14:16:09","2026-09-17 14:02:39","","False","False","False","False","CBS_9/11/2026_579518","","","","","","","","False","","","16012 PONTEVEDRA PL","","AUSTIN","5128451335","drfranklin@victorymed.com","WILLIAM","FRANKLIN","(512) 845-1335","","TX","78738","Default","False","0","MD00010090-3","499.0000","2026-09-11 00:00:00","2026-09-11 00:00:00","","ABC","","00:00","","Neither","","","","","","2026-09-17 00:00:00","2026-07-16 00:00:00","MOD","L1","0.0000","","","D4","Rate 1","0.0000","","BCAVE","499.0000","0.0000","L1","","COD","","","","CBS","RDW","0.0000","2026-09-23 00:00:00","L1","0.0000","16012 PONTEVEDRA PL","","AUSTIN","5128451335","","drfranklin@victorymed.com","WILLIAM","FRANKLIN","(512) 845-1335","","TX","78738","Open","","","","","","","","","","","","No Warranty","","","0.0000","0.0000","0.0000","","","","","","Other","","Major","Home service","","","","","False","","","","","","","","0.0000","TAX","","8.2500","0.0000","","0.0000","CBS","CBS","Neither","","","","","","0.0000"
"271497","False","False","","","","MOD","","0.0000","","","","","","","","","False","Complete Ship","14:43","14:51","","1","","","Invoice","07:00","","0.0000","False","","","","","30.473875","-97.855975","","False","","","","","","","False","True","False","False","False","True","False","False","","","","","","DELIVERY","APPROVED","","","","","","","0.0000","0.0000","2026-09-11 00:00:00","","0.0000","","False","0.0000","0","","","","False","","False","","","","2026-09-11 14:43:01","2026-09-11 21:57:36","","False","False","False","False","CBS_9/11/2026_289562","","","","","","","","False","","","2802 ZAMBIA DR","","CEDAR PARK","4803531781","","CHRISTINE","CROCKETT","(480) 353-1781","","TX","78613","Default","False","0","MD00010112","541.2000","2026-09-11 00:00:00","2026-09-11 00:00:00","","ABC","","00:00","","Neither","","","","","","2026-09-11 00:00:00","2026-09-11 00:00:00","MOD","L1","0.0000","","","D2R","Rate 1","0.0000","","NOR E","499.9500","0.0000","L1","","COD","","","","CBS","SPR","0.0000","2026-09-29 00:00:00","L1","0.0000","2802 ZAMBIA DR","","CEDAR PARK","4803531781","","","CHRISTINE","CROCKETT","(480) 353-1781","","TX","78613","Open","","","","","","","","","","","","No Warranty","","","0.0000","0.0000","0.0000","","","","","","Other","","Major","Home service","","","","","False","","","","","","","","0.0000","TAX","","8.2500","41.2500","","0.0000","CBS","CBS","Neither","","","","","","0.0000"
"271503","False","False","","","","","","0.0000","","","","","","","","","False","Complete Ship","15:24","14:38","","7","","","Invoice","07:00","","0.0000","False","","","","","30.160007","-97.967384","","False","","","","","","","True","False","False","False","True","False","False","False","","","","","","","APPROVED","","","","","","","0.0000","0.0000","2026-04-02 00:00:00","","0.0000","","False","0.0000","0","","","","False","","False","","","","2026-09-11 15:24:48","2026-09-17 14:38:08","","False","False","False","False","CSH_9/11/2026_705547","","","","","","","","False","","","15415 FOX RUN DRIVE","","AUSTIN","5123011594","kfumagal@gmail.com","KIM","FUMAGALLI","(512) 644-7460","(512) 301-1594","TX","78737","Default","False","0","S00064984","2478.8200","2026-09-11 00:00:00","2026-09-17 00:00:00","","D03","CATURA DOWNDRAFT - FOSTER","00:00","","Neither","","","","","","2026-09-17 00:00:00","2026-09-11 00:00:00","S","L1","0.0000","","","D4","Rate 1","0.0000","","LOC","489.9000","0.0000","L1","","COD","","","","CSH","","0.0000","2026-10-01 00:00:00","L1","1800.0000","15415 FOX RUN DRIVE","","AUSTIN","5123011594","","kfumagal@gmail.com","KIM","FUMAGALLI","(512) 644-7460","(512) 301-1594","TX","78737","Open","","","","","","","","","","","","No Warranty","","","0.0000","0.0000","0.0000","","","","","","Other","","Major","Home service","","","","","False","","","","","","","","0.0000","TAX","","8.2500","188.9200","","0.0000","CSH","LBF","Neither","","","","","","0.0000"
"271437","False","False","","","","MOD","","0.0000","","","","","","","","","False","Complete Ship","08:45","16:05","","6","","","Invoice","07:00","","0.0000","False","","","","","30.162133","-97.995669","","False","","","","","","","False","True","False","False","False","True","False","False","","","","","","","APPROVED","","","","","","","0.0000","0.0000","2026-06-06 00:00:00","","0.0000","","False","0.0000","0","","","","False","","False","","","","2026-09-11 08:45:33","2026-09-18 17:18:12","","False","False","False","False","EHM_9/11/2026_579518","","","","","","","","False","","","430 BIG MEADOW","","AUSTIN","5125070762","jessier@stedwards.edu","JJ","RIEHL","(512) 507-0762","","TX","78737","Default","False","0","R00015708","4555.9900","2026-09-11 00:00:00","2026-09-18 00:00:00","","D01","","00:00","","Neither","","","","","","2026-09-18 00:00:00","2026-09-11 00:00:00","R","L1","0.0000","","","D4","Rate 1","0.0000","","LOC","914.7500","0.0000","L1","","COD","","asap","","SPR","CBS","0.0000","2026-09-26 00:00:00","L1","2828.0000","430 BIG MEADOW","","AUSTIN","5125070762","","jessier@stedwards.edu","JJ","RIEHL","(512) 507-0762","","TX","78737","Open","","","","","","","","","","","","No Warranty","","","0.0000","0.0000","0.0000","","","","","","Other","","Major","Home service","","","","","False","","","","","","","","0.0000","TAX","","8.2500","334.2700","","0.0000","EHM","SPR","Neither","","","","","","478.9700"
"271445","False","False","","","","","","0.0000","","","","","","","","","False","Complete Ship","09:17","07:49","","11","","","Invoice","07:00","","0.0000","False","","","","","30.028171","-98.088170","","False","","","","","(512) 847-2180","","True","False","False","False","True","False","False","False","","","","","","","APPROVED","","","","","","","0.0000","0.0000","2026-02-12 00:00:00","","0.0000","","False","0.0000","0","","","","False","","False","","","","2026-09-11 09:17:36","2026-09-15 07:49:42","","False","False","False","False","EHM_9/11/2026_705547","","","","","","","","False","","","PO BOX 2443","","WIMBERLEY","5127483760","jimkothmann@yahoo.com","*","JW KOTHMANN","(512) 748-3760","","TX","78676","Default","False","0","S00064978","0.0000","2026-09-11 00:00:00","2026-09-15 00:00:00","","","3 PPL - Mason Kothmann 6078823571","00:00","","Neither","","","","","","2026-09-15 00:00:00","2026-09-11 00:00:00","S","L1","0.0000","","","D2","Rate 1","0.0000","","LOC","1411.5500","0.0000","L1","","AR","","","","EHM","","0.0000","2026-10-25 00:00:00","L1","39738.0000","470 MOONRIDGE LN","","WIMBERLEY","7132534423","","","Mason Kothmann","O'NEAL","(607) 882-3571","","TX","78676","Open","","","","","","","","","","","","No Warranty","","","0.0000","0.0000","0.0000","","","","","","Other","","Major","Home service","","","","","False","","","","","","","","0.0000","TAX","","8.2500","3293.3800","","0.0000","EHM","LBF","Neither","","","","","","0.0000"
"271447","False","False","","","","IMUC","","0.0000","","","","","","","","","False","Complete Ship","09:46","09:32","","4","","","Invoice","07:00","","0.0000","False","","","","","30.332688","-98.409408","","False","","","","(512) 312-0688","","(512) 312-0688","False","False","False","False","False","False","False","False","","","","","","","APPROVED","","","","","","","0.0000","0.0000","2025-01-24 00:00:00","","0.0000","","False","0.0000","0","","","","False","","False","","","","2026-09-11 09:46:50","2026-09-17 09:32:01","","False","False","False","False","EHM_9/11/2026_289562","","","","","","","","False","","","251 N FM 1626","STE 2D","BUDA","5123121717","melissa@startexrealestate.com","*","M & M CUSTOM HOMES","(512) 312-1717","(512) 750-9990 MARK","TX","78610","Default","False","0","S00064979","0.0000","2026-09-11 00:00:00","2026-09-17 00:00:00","","D02","ICE MACHINE Great gate code to enter subdivision is 7863
Once you pull up to gate at property you will have to get out and push the black button on opener. Turn left and road will lead you to new house. - SEE NOTES FOR SUPPLIES NEEDED!","00:00","","Neither","","","","","","2026-09-17 00:00:00","2026-09-11 00:00:00","S","L1","0.0000","","","D4","Rate 1","0.0000","","WEST","-251.0000","0.0000","L1","","AR","","","","EHM","","0.0000","2026-09-23 00:00:00","L1","251.0000","1376 SANDY OAKS RANCH RD","","JOHNSON CITY","5123121717","","marksmyers74@gmail.com","WHIT & AMANDA","SMITH","(512) 312-1717","(512) 750-9990 MARK","TX","78636","Open","","","","","","","","","","","","No Warranty","","","0.0000","0.0000","0.0000","","","","","","Other","","Major","Home service","","","","","False","","","","","","","","0.0000","TAX","","8.2500","0.0000","","0.0000","EHM","LBF","Neither","","","","","","0.0000"
"271454","False","False","","","","","","0.0000","","","","","","","","","False","Complete Ship","10:29","08:00","","3","","","Invoice","07:00","","0.0000","False","","","","","30.317667","-97.768277","","False","","","","","","","False","False","False","False","False","False","False","False","","","","","","DELIVERY","APPROVED","","","","","","","0.0000","0.0000","2026-09-04 00:00:00","","0.0000","","False","0.0000","0","","","","False","","False","","","","2026-09-11 10:29:08","2026-09-21 08:00:19","","False","False","False","False","LBF_9/11/2026_579518","","","","","","","","False","","","3702 EASTLEDGE DR","","AUSTIN","5127626453","cattheid@gmail.com","CATHERINE","HEIDRICH","(512) 762-6453","","TX","78731","Default","False","0","R00015629-1","2109.7900","2026-09-11 00:00:00","2026-09-21 00:00:00","","D04","1-5pm REQUESTED","00:00","","Neither","","","","","","2026-09-21 00:00:00","2026-09-02 00:00:00","R","L1","0.0000","","","D4","Rate 1","0.0000","","LOC","150.0000","0.0000","L1","","COD","","","","EHM","","0.0000","2026-09-30 00:00:00","L1","1799.0000","3702 EASTLEDGE DR","","AUSTIN","5127626453","","cattheid@gmail.com","CATHERINE","HEIDRICH","(512) 762-6453","","TX","78731","Open","","","","","","","","","","","","No Warranty","","","0.0000","0.0000","0.0000","","","","","","Other","","Major","Home service","","","","","False","","","","","","","","0.0000","TAX","","8.2500","160.7900","","0.0000","EHM","LBF","Neither","","","","","","0.0000"
"271517","False","False","","","","APPL IMUC","","0.0000","","","","","","","","","False","Complete Ship","17:06","","","5","","","Invoice","07:00","","0.0000","","","","","","30.273531","-97.752707","","False","","","","","","","False","False","False","False","False","False","False","False","","","","","","","APPROVED","","","","","","","0.0000","0.0000","2026-09-09 00:00:00","","0.0000","","False","0.0000","0","","","","False","","","","","","2026-09-11 17:06:13","2026-09-16 10:11:08","","False","False","False","False","","","","","","","","","","","","901 W 9TH ST","UNIT 903","AUSTIN","5124269307","quesomary@gmail.com","JOHN & MARY","JONES","(512) 426-9307","(512) 656-7457","TX","78703","Default","False","0","S00064985","3525.5900","2026-09-11 00:00:00","","","","","00:00","","Neither","","","","","","2026-09-15 00:00:00","2026-09-11 00:00:00","S","L1","0.0000","","","D2","Rate 1","0.0000","","LOC","689.9000","0.0000","L1","","COD","1899-12-30 00:00:00","","","EHM","","0.0000","2026-09-27 00:00:00","L1","2567.0000","901 W 9TH ST","UNIT 903","AUSTIN","5124269307","","quesomary@gmail.com","JOHN & MARY","JONES","(512) 426-9307","(512) 656-7457","TX","78703","Open","","","","","055699","","","","","","","No Warranty","","","0.0000","0.0000","0.0000","","","","","","Other","","Major","Home service","","","","","False","","","","","","","","0.0000","TAX","","8.2500","268.6900","","0.0000","EHM","","Neither","","","","","","0.0000"
"271432","False","False","78610","","","","","0.0000","","","","","","","","","False","Complete Ship","08:31","20:17","","3","","","Invoice","07:00","","0.0000","False","","","","","30.071040","-97.919424","","False","","","","","","","False","False","False","False","False","False","False","False","","","","","","DELIVERY","APPROVED","","","","","","","0.0000","0.0000","2026-06-12 00:00:00","","0.0000","","False","0.0000","0","","","","False","","False","","","","2026-09-11 08:31:47","2026-09-16 20:17:15","","False","False","False","False","LBF_9/11/2026_705547","","","","","","","","False","","","12908 WINDING CREEK ROAD","","AUSTIN","5125895201","","*","LAURA ROBERTS DESIGN","(512) 589-5201","","TX","78737","Default","False","0","S00064683-4","259.6900","2026-09-11 00:00:00","2026-09-16 00:00:00","","","","00:00","","Neither","","","","","","2026-09-16 00:00:00","2026-07-10 00:00:00","S","L1","0.0000","","","D3","Rate 1","0.0000","","LOC","239.9000","0.0000","L1","","COD","","","","RDW","","0.0000","2026-10-04 00:00:00","L1","0.0000","208 RICHARDS DRIVE","","BUDA","5125895201","","laura@laurarobertsdesign.com","VERONICA & DAN","SNYDER","(512) 589-5201","","TX","78610","Open","","","","","","","","","","","","No Warranty","","","0.0000","0.0000","0.0000","","","","","","Other","","Major","Home service","","","","","False","","","","","","","","0.0000","TAX","","8.2500","19.7900","","0.0000","LBF","RDW","Neither","","","","","","0.0000"
"271505","False","False","","","","","","0.0000","","","","","","","","","False","Complete Ship","15:36","12:35","","5","","","Invoice","07:00","","0.0000","False","","","","","0.000000","0.000000","","False","","","","","","","False","False","False","False","False","False","False","False","","","","","","DELIVERY","APPROVED","","","","","","","0.0000","0.0000","2025-12-04 00:00:00","","0.0000","","False","0.0000","0","","","","False","","False","","","","2026-09-11 15:36:10","2026-09-18 12:35:43","","False","False","False","False","LBF_9/11/2026_533424","","","","","","","","False","","","12400 W. HWY 71, SUITE 350159","","AUSTIN","5129137642","rb@rominablack.com","*","ROMINA BLACK INTERIORS","(512) 913-7642","","TX","78737","Default","False","0","S00064364-2","199.9500","2026-09-11 00:00:00","2026-09-18 00:00:00","","D01","","00:00","","Neither","","","","","","2026-09-18 00:00:00","2026-05-08 00:00:00","S","L1","0.0000","","","D4","Rate 1","0.0000","","LOC","199.9500","0.0000","L1","","COD","","","","MAM","","0.0000","2026-09-24 00:00:00","L1","0.0000","10617 POINTE VIEW","","AUSTIN","5129137642","","rb@rominablack.com","*","TROW RESIDENCE","(512) 913-7642","","TX","78738","Open","","","","","","","","","","","","No Warranty","","","0.0000","0.0000","0.0000","","","","","","Other","","Major","Home service","","","","","False","","","","","","","","0.0000","TAX","","8.2500","0.0000","","0.0000","LBF","LBF","Neither","","","","","","0.0000"
"271442","False","False","","","","","","0.0000","","","","","","","","","False","Complete Ship","09:06","08:37","","3","","","Invoice","07:00","","0.0000","False","","","","","30.211769","-97.793599","","False","","","","","","","True","False","False","False","True","False","False","False","","","","","","","APPROVED","","","","","","","0.0000","0.0000","2026-09-04 00:00:00","","0.0000","","False","0.0000","0","","","","False","","False","","","","2026-09-11 09:06:24","2026-09-18 11:13:34","","False","False","False","False","LTC_9/11/2026_289562","","","","","","","","False","","","5707 SWAYDEN","","AUSTIN","5129838556","reinae@austinhomegirlsrealty.com","REINAE & KURT","KESSLER","(512) 983-8556","","TX","78745","Default","False","0","R00015709","1747.4400","2026-09-11 00:00:00","2026-09-18 00:00:00","","D01","","00:00","","Neither","","","","","","2026-09-18 00:00:00","2026-09-11 00:00:00","R","L1","0.0000","","","D4","Rate 1","0.0000","","LOC","-284.7400","0.0000","L1","","COD","","","","LTC","","0.0000","2026-09-25 00:00:00","L1","1899.0000","5707 SWAYDEN","","AUSTIN","5129838556","","reinae@austinhomegirlsrealty.com","REINAE & KURT","KESSLER","(512) 983-8556","","TX","78745","Open","","","","","","","","","","","","No Warranty","","","0.0000","0.0000","0.0000","","","","","","Other","","Major","Home service","","","","","False","","","","","","","","0.0000","TAX","","8.2500","133.1800","","0.0000","LTC","LBF","Neither","","","","","","0.0000"
"271473","False","False","","","","","","0.0000","","","","","","","","","False","Complete Ship","12:44","09:56","","1","","","Invoice","07:00","","0.0000","False","","","","","30.017262","-98.046381","","False","","","","","","","False","False","False","False","False","False","False","False","","","","","","DELIVERY","APPROVED","","","","","","","0.0000","0.0000","2026-09-13 00:00:00","","0.0000","","False","0.0000","0","","","","False","","False","","","","2026-09-11 12:44:44","2026-09-21 10:04:39","","False","False","False","False","LTC_9/11/2026_579518","","","","","","","","False","","","112 RANCHO GRANDE DRIVE","","WIMBERLEY","5125695035","tonya_admas@workplaceresourcetx.com","TONYA","ADAMS","(512) 569-5035","512 D-381-8492","TX","78676","Default","False","0","S00064983","0.0000","2026-09-11 00:00:00","2026-09-21 00:00:00","","D04","SITE WALK","00:00","","Neither","","","","","","2026-09-21 00:00:00","2026-09-11 00:00:00","S","L1","0.0000","","","D4","Rate 1","0.0000","","LOC","0.0000","0.0000","L1","","COD","","","","LTC","","0.0000","2026-09-23 00:00:00","L1","0.0000","112 RANCHO GRANDE DRIVE","","WIMBERLEY","5125695035","","tonya_admas@workplaceresourcetx.com","TONYA","ADAMS","(512) 569-5035","512 D-381-8492","TX","78676","Open","","","","","","","","","","","","No Warranty","","","0.0000","0.0000","0.0000","","","","","","Other","","Major","Home service","","","","","False","","","","","","","","0.0000","TAX","","8.2500","0.0000","","0.0000","LTC","LBF","Neither","","","","","","0.0000"
"271463","False","False","","","","","","0.0000","","","","","","","","","False","Complete Ship","11:19","11:27","","7","","","Invoice","07:00","","0.0000","False","","","","","0.000000","0.000000","","False","","","","","","","False","False","False","False","False","False","False","False","","","","","","","APPROVED","","","","","","","0.0000","0.0000","2026-09-11 00:00:00","","0.0000","","False","0.0000","0","","","","False","","False","","","","2026-09-11 11:19:43","2026-09-11 11:45:57","","False","False","False","False","MAM_9/11/2026_533424","","","","","","","","False","","","414 STAGECOACH","","SAN MARCOS","5128261198","ahstandard@gmail.com;alejaroc@hotmail.com;gwstandard@gmail.com","*","STANDARD CUSTOM HOMES, LLC","(512) 826-1836","","TX","78666","Default","False","0","S00064981","0.0000","2026-09-11 00:00:00","2026-09-11 00:00:00","","","","00:00","","Neither","","","","","","2026-09-11 00:00:00","2026-09-11 00:00:00","S","L1","0.0000","","","D2","Rate 1","0.0000","","EAST","660.6000","0.0000","L1","","AR","","","","MAM","","0.0000","2026-10-25 00:00:00","L1","2630.0000","123 MOKU CT","","SAN MARCOS","5128261198","","ahstandard@gmail.com","*","STANDARD CUSTOM HOMES","(512) 826-1836","","TX","78666","Open","","","","","","","","","","","","No Warranty","","","0.0000","0.0000","0.0000","","","","","","Other","","Major","Home service","","","","","False","","","","","","","","0.0000","TAX","","8.2500","242.6100","","0.0000","MAM","MAM","Neither","","","","","","0.0000"
"271452","False","False","","","","INST","","0.0000","","","","","","","","","False","Complete Ship","10:09","12:01","","7","","","Invoice","07:00","","0.0000","False","","","","","0.000000","0.000000","","False","","","","","","","False","False","False","False","False","False","False","False","","","","","","DELIVERY","APPROVED","","","","","","","0.0000","0.0000","2022-02-16 00:00:00","","0.0000","","False","0.0000","4","","","","False","","False","","","","2026-09-11 10:09:22","2026-09-18 12:01:38","","False","False","False","False","RDW_9/11/2026_705547","","","","","","","","False","","","2215 WESTLAKE DR","STE 201","AUSTIN","5123289974","accounting@crowellbuilders.com","*","CROWELL BUILDERS","(512) 328-9974","","TX","78746","Default","False","0","S00064980","0.0000","2026-09-11 00:00:00","2026-09-18 00:00:00","","D01","737-351-6344 mo gc 1224","00:00","","Neither","","","","","","2026-09-18 00:00:00","2026-09-11 00:00:00","S","L1","0.0000","","","D4","Rate 1","0.0000","","LOC","369.8500","0.0000","L1","","AR","","","","RDW","","0.0000","2026-10-02 00:00:00","L1","1999.0000","4105 SHIMMERING CV","","AUSTIN","5123289974","","info@crowellbuilders.com","KRISTEN & ERIK","RANNALA","(512) 406-1553","","TX","78731","Open","","","","","","","","","","","","No Warranty","","","0.0000","0.0000","0.0000","","","","","","Other","","Major","Home service","","","","","False","","","","","","","","0.0000","TAX","","8.2500","195.4300","","0.0000","RDW","LBF","Neither","","","","","","0.0000"
"271515","False","False","78701","","","","","0.0000","","","","","","","","","False","Complete Ship","16:39","","","0","","","Invoice","07:00","","","","","","","","30.326439","-97.779581","","False","","","(512) 987-9114 andy","","(512) 987-9114 andy","","False","False","False","False","False","False","False","False","","","","","","DELIVERY","APPROVED","","","","","","","0.0000","0.0000","2023-09-07 00:00:00","","0.0000","","False","0.0000","0","","","","False","","","","","","2026-09-11 16:39:18","2026-09-11 16:39:24","","False","False","False","False","","","","","","","","","","","","353 MUSTANG MESA","","LIBERTY HILL","5122380104","mary@jeffturnerhomes.com","*","JEFF TURNER HOMES, LLC","(512) 238-0104","(512) 750-9224","TX","78642","Default","False","0","S00062618-1","0.0000","2026-09-11 00:00:00","","","","","00:00","","Neither","","","","","","2026-09-11 00:00:00","2025-04-23 00:00:00","S","L1","0.0000","","","D2","Rate 1","0.0000","","LOC","0.0000","0.0000","L1","","AR","1899-12-30 00:00:00","","","RDW","","0.0000","2026-12-13 00:00:00","L1","0.0000","3817 WESTLAKE DRIVE","","AUSTIN","5122380104","","jeff@jeffturnerhomes.com;mary@jeffturnerhomes.com","*","WESTCLIFF","(512) 238-0104","(512) 750-9224","TX","78746","Open","","","","","","","","","","","","No Warranty","","","0.0000","0.0000","0.0000","","","","","","Other","","Major","Home service","","","","","False","","","","","","","","0.0000","TAX","","8.2500","0.0000","","0.0000","RDW","","Neither","","","","","","0.0000"
"271491","False","False","","","","","","0.0000","","","","","","","","","False","Complete Ship","14:15","15:54","","3","","","Invoice","07:00","","0.0000","False","","","","","30.215252","-98.043322","","False","","","","","","","False","False","False","False","False","False","False","False","","","","","","","APPROVED","","","","","","","0.0000","0.0000","2026-09-13 00:00:00","","0.0000","","False","0.0000","0","","","","False","","False","","","","2026-09-11 14:15:48","2026-09-18 15:54:07","","False","False","False","False","SPR_9/11/2026_289562","","","","","","","","False","","","612 OAK CREST DR","","DRIPPING SPRINGS","9168371633","laurence95631@mac.com","LAURENCE","SWEENEY","(916) 837-1633","","TX","78620","Default","False","0","R00015714","2254.9900","2026-09-11 00:00:00","2026-09-18 00:00:00","","D05","need 1st stop please","00:00","","Neither","","","","","","2026-09-18 00:00:00","2026-09-11 00:00:00","R","L1","0.0000","","","D4","Rate 1","0.0000","","LOC","394.8000","0.0000","L1","","COD","","","","SPR","","0.0000","2026-09-25 00:00:00","L1","1699.0000","612 OAK CREST DR","","DRIPPING SPRINGS","9168371633","","laurence95631@mac.com","LAURENCE","SWEENEY","(916) 837-1633","","TX","78620","Open","","","","","","","","","","","","No Warranty","","","0.0000","0.0000","0.0000","","","","","","Other","","Major","Home service","","","","","False","","","","","","","","0.0000","TAX","","8.2500","161.1900","","0.0000","SPR","LBF","Neither","","","","","","0.0000"
"271400","False","False","","","","CAB","","0.0000","","","","","","","","","False","Complete Ship","11:54","11:54","","1","","","Invoice","07:00","","0.0000","False","","","","","30.163455","-98.070198","","False","","","","","","","False","False","False","False","False","False","False","False","","","","","","CABINETS","APPROVED","","","","","","","0.0000","0.0000","2026-08-23 00:00:00","","0.0000","","False","0.0000","0","","","","False","","False","","","","2026-09-10 11:54:51","2026-09-10 11:54:57","","False","False","False","False","CAM_9/10/2026_533424","","","","","","","","False","","","1601 WOODS LOOP","","DRIFTWOOD","5128881415","christian@burgundybuilders.com","*","BURGUNDY BUILDERS","(512) 888-1415","","TX","78619","Default","False","0","CB00010202","0.0000","2026-09-10 00:00:00","2026-09-10 00:00:00","","","","00:00","","Neither","","","","","","2026-09-10 00:00:00","2026-09-10 00:00:00","CAB","L1","0.0000","","","QUOTE 1","Rate 1","0.0000","","","586.5900","0.0000","L1","","COD","2026-10-07 00:00:00","","","CAM","","0.0000","","L1","0.0000","1601 WOODS LOOP","","DRIFTWOOD","5128881415","","christian@burgundybuilders.com","*","BURGUNDY BUILDERS","(512) 888-1415","","TX","78619","Open","","","","","","","","","","","","No Warranty","","","0.0000","0.0000","0.0000","","","","","","Other","","Major","Home service","","","","","False","","","","","","","","0.0000","TAX","","8.2500","48.3900","","0.0000","CAM","CAM","Neither","","","","","","0.0000"
"271414","False","False","","","","CAB","","0.0000","","","","","","","","","False","Complete Ship","14:38","14:40","","1","","","Invoice","07:00","","0.0000","False","","","","","30.279533","-97.873304","","False","","","","","","","False","True","False","False","False","True","False","False","","","","","","CABINETS","APPROVED","","","","","","","0.0000","0.0000","2026-08-19 00:00:00","","0.0000","","False","0.0000","0","","","","False","","False","","","","2026-09-10 14:38:53","2026-09-21 10:09:47","","False","False","False","False","CBS_9/10/2026_705547","","","","","","","","False","","","3707 WINDING CREEK DR","","AUSTIN","8587743495","christina.schwarz.ca@gmail.com","CHRISTINA","SCHWARZ","(858) 774-3495","","TX","78735","Default","False","0","MD00010111","499.0000","2026-09-10 00:00:00","2026-09-10 00:00:00","","ABC","APPLIANCE INSTALL CRREW TO UNINSTALL FRIDGE 1ST STOP","00:00","","Neither","","","","","","2026-09-10 00:00:00","2026-08-27 00:00:00","MOD","L1","0.0000","","","D4","Rate 1","0.0000","","LOCAL","499.0000","0.0000","L1","","COD","","","","CBS","CSH","0.0000","2026-09-21 00:00:00","L1","0.0000","3707 WINDING CREEK DR","","AUSTIN","8587743495","","christina.schwarz.ca@gmail.com","CHRISTINA","SCHWARZ","(858) 774-3495","","TX","78735","Open","","","","","","","","","","","","No Warranty","","","0.0000","0.0000","0.0000","","","","","","Other","","Major","Home service","","","","","False","","","","","","","","0.0000","TAX","","8.2500","0.0000","","0.0000","CBS","CBS","Neither","","","","","","0.0000"
"271415","False","False","","","","CAB","","0.0000","","","","","","","","","False","Complete Ship","14:41","08:19","","2","","","Invoice","07:00","","0.0000","False","","","","","30.279533","-97.873304","","False","","","","","","","False","True","False","False","False","True","False","False","","","","","","DELIVERY","APPROVED","","","","","","","0.0000","0.0000","2026-08-19 00:00:00","","0.0000","","False","0.0000","0","","","","False","","False","","","","2026-09-10 14:41:24","2026-09-21 08:19:41","","False","False","False","False","CBS_9/10/2026_533424","","","","","","","","False","","","3707 WINDING CREEK DR","","AUSTIN","8587743495","christina.schwarz.ca@gmail.com","CHRISTINA","SCHWARZ","(858) 774-3495","","TX","78735","Default","False","0","S00064909-1","173.1500","2026-09-10 00:00:00","2026-09-21 00:00:00","","D01","1st STOP - REMOVE EXISTING 42"" UNIT FOR CABINET MODIFICATIONS","00:00","","Neither","","","","","","2026-09-21 00:00:00","2026-08-27 00:00:00","S","L1","0.0000","","","D4","Rate 1","0.0000","","LOC","159.9500","0.0000","L1","","COD","","","","CSH","CBS","0.0000","2026-09-21 00:00:00","L1","0.0000","3707 WINDING CREEK DR","","AUSTIN","8587743495","","christina.schwarz.ca@gmail.com","CHRISTINA","SCHWARZ","(858) 774-3495","","TX","78735","Open","","","","","","","","","","","","No Warranty","","","0.0000","0.0000","0.0000","","","","","","Other","","Major","Home service","","","","","False","","","","","","","","0.0000","TAX","","8.2500","13.2000","","0.0000","CBS","LBF","Neither","","","","","","0.0000"
"271422","False","False","","","","CAB","","0.0000","","","","","","","","","False","Complete Ship","15:51","12:48","","1","","","Invoice","07:00","","0.0000","False","","","","","30.289950","-97.804175","","False","","","","","","","False","False","False","False","False","False","False","False","","","","","","CABINETS","APPROVED","","","","","","","0.0000","0.0000","2026-05-13 00:00:00","","0.0000","","False","0.0000","0","","","","False","","False","","","","2026-09-10 15:51:51","2026-09-17 12:48:22","","False","False","False","False","CBS_9/17/2026_705547","","","","","","","","False","","","104 WESTON LN S","","AUSTIN","5124135992","michael@johnson-powers.com","*","JOHNSON-POWERS CONSTRUCTION","(512) 413-5992","(512) 980-3690","TX","78733","Default","False","0","CB00010193-1","3575.0000","2026-09-10 00:00:00","2026-09-17 00:00:00","","ABC","","00:00","","Neither","","","","","","2026-09-17 00:00:00","2026-08-21 00:00:00","CAB","L1","0.0000","","","D4","Rate 1","0.0000","","AUS W","3575.0000","0.0000","L1","","COD","","","RDW","CBS","","0.0000","2026-09-17 00:00:00","L1","0.0000","203 BUCKEYE TRAIL","","AUSTIN","5124135992","","michael@johnson-powers.com","*","JOHNSON-POWERS CONSTRUCTION","(512) 413-5992","(512) 980-3690","TX","78746","Open","","","","","","","","","","","","No Warranty","","","0.0000","0.0000","0.0000","","","","","","Other","","Major","Home service","","","","","False","","","","","","","","0.0000","TAX","","8.2500","0.0000","","0.0000","CBS","CBS","Neither","","","","","","0.0000"
"271423","False","False","","","","CAB","","0.0000","","","","","","","","","False","Complete Ship","15:54","14:37","","1","","","Invoice","07:00","","0.0000","False","","","","","30.289950","-97.804175","","False","","","","","","","False","False","False","False","False","False","False","False","","","","","","CABINETS","APPROVED","","","","","","","0.0000","0.0000","2026-05-13 00:00:00","","0.0000","","False","0.0000","0","","","","False","","False","","","","2026-09-10 15:54:35","2026-09-16 10:11:07","","False","False","False","False","CBS_9/15/2026_533424","","","","","","","","False","","","104 WESTON LN S","","AUSTIN","5124135992","michael@johnson-powers.com","*","JOHNSON-POWERS CONSTRUCTION","(512) 413-5992","(512) 980-3690","TX","78733","Default","False","0","CB00010193-2","18369.0000","2026-09-10 00:00:00","2026-09-15 00:00:00","","","","00:00","","Neither","","","","","","2026-09-15 00:00:00","2026-08-21 00:00:00","CAB","L1","0.0000","","","D3","Rate 1","0.0000","","AUS W","18369.0000","0.0000","L1","","COD","","","RDW","CBS","","0.0000","2026-09-30 00:00:00","L1","0.0000","203 BUCKEYE TRAIL","","AUSTIN","5124135992","","michael@johnson-powers.com","*","JOHNSON-POWERS CONSTRUCTION","(512) 413-5992","(512) 980-3690","TX","78746","Open","","","","","","","","","","","","No Warranty","","","0.0000","0.0000","0.0000","","","","","","Other","","Major","Home service","","","","","False","","","","","","","","0.0000","TAX","","8.2500","0.0000","","0.0000","CBS","CBS","Neither","","","","","","0.0000"
"271380","False","False","78028","","","","","0.0000","","","","","","","","","False","Complete Ship","08:25","10:06","","7","","","Invoice","07:00","","0.0000","False","","","","","30.039970","-99.128727","","False","","","","","","","False","True","False","False","False","True","False","False","","","","","","","APPROVED","","","","","","","0.0000","0.0000","2026-08-12 00:00:00","","0.0000","","False","0.0000","0","","","","False","","False","","","","2026-09-10 08:25:41","2026-09-19 10:06:33","","False","False","False","False","CSH_9/18/2026_705547","","","","","","","","False","","","600 YORKTOWN BLVD","","KERRVILLE","8058902880","tuttlehomesandremodel@gmail.com","RICHARD","TUTTLE","(805) 890-2880","","TX","78028","Default","False","0","S00064970","0.0000","2026-09-10 00:00:00","2026-09-19 00:00:00","","","","00:00","","Neither","","","","","","2026-09-19 00:00:00","2026-09-10 00:00:00","S","L1","0.0000","","","D1","Rate 1","0.0000","","WEST","807.7000","0.0000","L1","","COD","","","","CSH","","0.0000","2026-11-15 00:00:00","L1","4660.0000","420 TRAVIS ST","","KERRVILLE","8058902880","","tuttlehomesandremodel@gmail.com","RICHARD","TUTTLE","(805) 890-2880","","TX","78028","Open","","","","","","","","","","","","No Warranty","","","0.0000","0.0000","0.0000","","","","","","Other","","Major","Home service","","","","","False","","","","","","","","0.0000","TAX","","8.2500","402.4200","","0.0000","CSH","CSH","Neither","","","","","","0.0000"
"271391","False","False","","","","","","0.0000","","","","","","","","","False","Complete Ship","09:45","13:50","","10","","","Invoice","07:00","","0.0000","False","","","","","30.429200","-98.940296","","False","","","","","","","False","True","False","False","False","True","False","False","","","","","","","APPROVED","","","","","","","0.0000","0.0000","2026-09-03 00:00:00","","0.0000","","False","0.0000","0","","","","False","","False","","","","2026-09-10 09:45:39","2026-09-21 13:50:51","","False","False","False","False","CSH_9/10/2026_533424","","","","","","","","False","","","685 HODGES RANCH RD","","STONEWALL","9707655092","lark@reagan.com","HOMES","RANSLEBEN BUILT","(830) 644-8395","","TX","78671","Default","False","0","S00064971","0.0000","2026-09-10 00:00:00","2026-09-21 00:00:00","","","","00:00","","Neither","","","","","","2026-09-21 00:00:00","2026-09-10 00:00:00","S","L1","141.0000","","","D1","Rate 1","0.0000","","WEST","1061.5500","0.0000","L1","","COD","","","","CSH","","0.0000","2026-12-06 00:00:00","L1","7480.0000","1058 G W CRENWELGE LOOP","","FREDERICKSBURG","9365521372","","rsizard@asp-inc.com","RYAN","IZARD","(936) 552-1372","","TX","78624","Open","","","","","","","","","","","","No Warranty","","","0.0000","0.0000","0.0000","","","","","","Other","","Major","Home service","","","","","False","","","","","","","","0.0000","TAX","","8.2500","652.8000","","0.0000","CSH","CSH","Neither","","","","","","0.0000"
"271426","False","False","","","","","","0.0000","","","","","","","","","False","Complete Ship","16:35","12:37","","6","","","Invoice","07:00","","0.0000","False","","","","","29.638268","-98.314116","","False","","","","","","","False","True","False","False","False","True","False","False","","","","","","","APPROVED","","","","","","","0.0000","0.0000","2026-09-12 00:00:00","","0.0000","","False","0.0000","0","","","","False","","False","","","","2026-09-10 16:35:03","2026-09-18 12:37:25","","False","False","False","False","CSH_9/10/2026_579518","","","","","","","","False","","","21619 FOREST WATERS CRL","","GARDEN RIDGE","2104730153","rphkasner@gmail.com","GINGER","KASNER","(210) 473-0153","","TX","78266","Default","False","0","R00015707","3895.5400","2026-09-10 00:00:00","2026-09-18 00:00:00","","D02","","00:00","","Neither","","","","","","2026-09-18 00:00:00","2026-09-10 00:00:00","R","L1","0.0000","","","D4","Rate 1","0.0000","","SOUTH","400.6500","0.0000","L1","","COD","","","","CSH","","0.0000","2026-09-24 00:00:00","L1","3198.0000","21619 FOREST WATERS CRL","","GARDEN RIDGE","2104730153","","rphkasner@gmail.com","GINGER","KASNER","(210) 473-0153","","TX","78266","Open","","","","","","","","","","","","No Warranty","","","0.0000","0.0000","0.0000","","","","","","Other","","Major","Home service","","","","","False","","","","","","","","0.0000","TAX","","8.2500","296.8900","","0.0000","CSH","LBF","Neither","","","","","","0.0000"
"271397","False","False","","","","","","0.0000","","","","","","","","","False","Complete Ship","11:01","15:34","","2","","","Invoice","07:00","","0.0000","False","","","","","29.977478","-98.082794","","False","","","","","","","False","False","False","False","False","False","False","False","","","","","","","APPROVED","","","","","","","0.0000","0.0000","2026-09-12 00:00:00","","0.0000","","False","0.0000","0","","","","False","","False","","","","2026-09-10 11:01:52","2026-09-18 15:34:59","","False","False","False","False","EHM_9/10/2026_533424","","","","","","","","False","","","1998 HILLTOP","","WIMBERLEY","2817939646","nmallis@sbcglobal.net","NANCY","MALLIS","(281) 793-9646","","TX","78676","Default","False","0","R00015706","810.6300","2026-09-10 00:00:00","2026-09-18 00:00:00","","","will call when ready for install (9/17)","00:00","","Neither","","","","","","2026-09-18 00:00:00","2026-09-10 00:00:00","R","L1","0.0000","","","D3","Rate 1","0.0000","","LOC","199.8500","0.0000","L1","","COD","","","","EHM","","0.0000","2026-10-04 00:00:00","L1","549.0000","1998 HILLTOP","","WIMBERLEY","2817939646","","nmallis@sbcglobal.net","NANCY","MALLIS","(281) 793-9646","","TX","78676","Open","","","","","","","","","","","","No Warranty","","","0.0000","0.0000","0.0000","","","","","","Other","","Major","Home service","","","","","False","","","","","","","","0.0000","TAX","","8.2500","61.7800","","0.0000","EHM","EHM","Neither","","","","","","0.0000"
"271417","False","False","78669","","","","","0.0000","","","","","","","","","False","Complete Ship","14:54","14:56","","1","","","Invoice","07:00","","0.0000","False","","","","","0.000000","0.000000","","False","","","","","","","False","True","False","False","False","True","False","False","","","","","","DELIVERY","APPROVED","","","","","","","0.0000","0.0000","2023-12-06 00:00:00","","0.0000","","False","0.0000","0","","","","False","","False","","","","2026-09-10 14:54:49","2026-09-21 08:37:15","","False","False","False","False","LBF_9/10/2026_705547","","","","","","","","False","","","13413 GALLERIA CIRCLE # 300","","AUSTIN","5128156965","","*","WATS, LLC","(512) 815-6965","","TX","78738","Default","False","0","S00064975","0.0000","2026-09-10 00:00:00","2026-09-10 00:00:00","","D04","- HARD HATS/VESTS, PANTS AND STEEL TOE, GC 52309","00:00","","Neither","","","","","","2026-09-10 00:00:00","2026-09-10 00:00:00","S","L1","0.0000","","","D4","Rate 1","0.0000","","LOC","0.0000","0.0000","L1","","COD","","","","RDW","","0.0000","2026-09-21 00:00:00","L1","0.0000","24422 HIGHWAY 71","Spicewood Ranch","SPICEWOOD","5128156965","","","*","WATS, LLC","(512) 815-6965","","TX","78669","Open","","","","","","","","","","","","No Warranty","","","0.0000","0.0000","0.0000","","","","","","Other","","Major","Home service","","","","","False","","","","","","","","0.0000","TAX","","8.2500","0.0000","","0.0000","LBF","LBF","Neither","","","","","","0.0000"
"271393","False","False","","","","","","0.0000","","","","","","","","","False","Complete Ship","09:49","10:04","","4","","","Invoice","07:00","","0.0000","False","","","","","30.146118","-98.014183","","False","","","","","","","False","False","False","False","False","False","False","False","","","","","","","APPROVED","","","","","","","0.0000","0.0000","2026-09-05 00:00:00","","0.0000","","False","0.0000","0","","","","False","","False","","","","2026-09-10 09:49:09","2026-09-21 10:04:18","","False","False","False","False","LBF_9/10/2026_579518","","","","","","","","False","","","675 ONION CREEK RANCH ROAD","","DRIFTWOOD","5122660046","hharkavy@austin.rr.com","HAL","HARKAVY","(512) 266-0046","","TX","78619","Default","False","0","R00015704","4599.3800","2026-09-10 00:00:00","2026-09-21 00:00:00","","D04","","00:00","","Neither","","","","","","2026-09-21 00:00:00","2026-09-10 00:00:00","R","L1","0.0000","","","D4","Rate 1","0.0000","","LOC","429.8000","0.0000","L1","","COD","","","","LTC","","0.0000","2026-09-23 00:00:00","L1","3848.0000","675 ONION CREEK RANCH ROAD","","DRIFTWOOD","5122660046","","hharkavy@austin.rr.com","HAL","HARKAVY","(512) 266-0046","","TX","78619","Open","","","","","","","","","","","","No Warranty","","","0.0000","0.0000","0.0000","","","","","","Other","","Major","Home service","","","","","False","","","","","","","","0.0000","TAX","","8.2500","321.5800","","0.0000","LTC","LBF","Neither","","","","","","0.0000"
"271412","False","False","","","","","","0.0000","","","","","","","","","False","Complete Ship","14:17","15:01","","4","","","Invoice","07:00","","0.0000","False","","","","","30.458605","-98.101790","","False","","","","","","","False","False","False","False","False","False","False","False","","","","","","","APPROVED","","","","","","","0.0000","0.0000","2026-09-12 00:00:00","","0.0000","","False","0.0000","0","","","","False","","False","","","","2026-09-10 14:17:03","2026-09-17 15:01:02","","False","False","False","False","LTC_9/10/2026_289562","","","","","","","","False","","","27004 WATER FALL HILL","","SPICEWOOD","9403671528","diebelphil@gmail.com","PHIL","DIEBLE","(940) 367-1528","","TX","78669","Default","False","0","S00064974","16206.8700","2026-09-10 00:00:00","2026-09-17 00:00:00","","D01","3 PPL","00:00","","Neither","","","","","","2026-09-17 00:00:00","2026-09-10 00:00:00","S","L1","0.0000","","","D4","Rate 1","0.0000","","LOC","-988.1500","0.0000","L1","","COD","","","","LTC","","0.0000","2026-09-24 00:00:00","L1","15985.0000","27004 WATER FALL HILL","","SPICEWOOD","9403671528","","diebelphil@gmail.com","PHIL","DIEBLE","(940) 367-1528","","TX","78669","Open","","","","","","","","","","","","No Warranty","","","0.0000","0.0000","0.0000","","","","","","Other","","Major","Home service","","","","","False","","","","","","","","0.0000","TAX","","8.2500","1210.0200","","0.0000","LTC","LBF","Neither","","","","","","0.0000"
"271404","False","False","","","","","","0.0000","","","","","","","","","False","Complete Ship","12:56","13:04","","0","","","Invoice","07:00","","0.0000","False","","","","","27.728141","-97.446989","","False","","","","","","","False","False","False","False","False","False","False","False","","","","","","DELIVERY","APPROVED","","","","","","","0.0000","0.0000","2023-06-24 00:00:00","","0.0000","","False","0.0000","0","","","","False","","False","","","","2026-09-10 12:56:09","2026-09-10 13:05:25","","False","False","False","False","MEP_9/10/2026_705547","","","","","","","","False","","","HOME  IN A WEEK MISSION","14657 SWEETWATER CREEK DR.","CORPUS CHRISTI","5126570405","pastormark1010@gmail.com","MARK","HOME IN A WEEK","(512) 657-0405","","TX","78410","Default","False","0","S00064972","0.0000","2026-09-10 00:00:00","2026-09-10 00:00:00","","","","00:00","","Neither","","","","","","2026-09-10 00:00:00","2026-09-10 00:00:00","S","L1","0.0000","","","CPU","Rate 1","0.0000","","LOC","0.0000","0.0000","L1","","COD","2027-02-07 00:00:00","","","MEP","","0.0000","","L1","3307.0000","HOME  IN A WEEK MISSION","14657 SWEETWATER CREEK DR.","CORPUS CHRISTI","5126570405","","pastormark1010@gmail.com","MARK","HOME IN A WEEK","(512) 657-0405","","TX","78410","Open","","","","","","","","","","","","No Warranty","","","0.0000","0.0000","0.0000","","","","","","Other","","Major","Home service","","","","","False","","","","","","","","0.0000","TAX","","8.2500","272.8300","","0.0000","MEP","MEP","Neither","","","","","","0.0000"
"271428","False","False","","","","","","0.0000","","","","","","","","","False","Complete Ship","16:59","08:38","","2","","","Invoice","07:00","","0.0000","False","","","","","30.331002","-97.789916","","False","","","","","","","True","False","False","False","True","False","False","False","","","","","","","APPROVED","","","","","","","0.0000","0.0000","2026-07-26 00:00:00","","0.0000","","False","0.0000","0","","","","False","","False","","","","2026-09-10 16:59:23","2026-09-21 09:59:16","","False","False","False","False","MEP_9/10/2026_705547","","","","","","","","False","","","3903 TORO CANYON RD","","AUSTIN","5124944571","lyonsthomasg@gmail.com","DOUG","MAUND","(516) 761-5127","(512) 761-5127","TX","78746","Default","False","0","S00064976","3772.6600","2026-09-10 00:00:00","2026-09-21 00:00:00","","","","00:00","","Neither","","","","","","2026-09-21 00:00:00","2026-09-10 00:00:00","S","L1","0.0000","","","D2","Rate 1","0.0000","","LOC","299.8500","0.0000","L1","","COD","","","","MEP","","0.0000","2026-09-27 00:00:00","L1","3199.0000","3903 TORO CANYON RD","","AUSTIN","5124944571","cc on file under ""thom lyons""","lyonsthomasg@gmail.com","DOUG","MAUND","(516) 761-5127","(512) 761-5127","TX","78746","Open","","","","","","","","","","","","No Warranty","","","0.0000","0.0000","0.0000","","","","","","Other","","Major","Home service","","","","","False","","","","","","","","0.0000","TAX","","8.2500","273.8100","","0.0000","MEP","LBF","Neither","","","","","","0.0000"
"271429","False","False","78737","","","IMUC","","0.0000","","","","","","","","","False","Complete Ship","17:20","08:57","","0","","","Invoice","07:00","","0.0000","False","","","","","30.128563","-97.941952","","False","","","","","","","False","False","False","False","False","False","False","False","","","","","","DELIVERY","APPROVED","","","","","","","0.0000","0.0000","2023-03-15 00:00:00","","0.0000","","False","0.0000","0","","","","False","","False","","","","2026-09-10 17:20:23","2026-09-17 08:57:59","","False","False","False","False","MEP_9/17/2026_705547","","","","","","","","False","","","274 LONELY PINE COVE","","DRIFTWOOD","8172622360","jones.charis@yahoo.com","CHARIS","JONES","(817) 262-2360","","TX","78619","Default","False","0","S00064977","2795.3700","2026-09-10 00:00:00","2026-09-17 00:00:00","","","","00:00","","Neither","","","","","","2026-09-17 00:00:00","2026-09-10 00:00:00","S","L1","0.0000","","","D2","Rate 1","0.0000","","LOC","0.0000","0.0000","L1","","COD","","","","MEP","","0.0000","2026-09-27 00:00:00","L1","2582.3300","11300 LIBERTY RANCH ROAD","","AUSTIN","8172622360","","jones.charis@yahoo.com","CHARIS","JONES","(817) 262-2360","","TX","78737","Open","","","","","","","","","","","","No Warranty","","","0.0000","0.0000","0.0000","","","","","","Other","","Major","Home service","","","","","False","","","","","","","","0.0000","TAX","","8.2500","213.0400","","0.0000","MEP","MEP","Neither","","","","","","0.0000"
"271395","False","False","","","","","","0.0000","","","","","","","","","False","Complete Ship","10:55","13:09","","0","","","Invoice","07:00","","0.0000","False","","","","","0.000000","0.000000","","False","","","","","","","False","True","False","False","False","True","False","False","","","","","","DELIVERY","APPROVED","","","","","","","0.0000","0.0000","2026-09-11 00:00:00","","0.0000","","False","0.0000","0","","","","False","","False","","","","2026-09-10 10:55:16","2026-09-18 13:22:01","","False","False","False","False","LBF_9/17/2026_301948","","","","","","","","False","","","262 VERDE TRCE","","BULVERDE","3619441414","tommy.johnson@live.com","TOMMY","JOHNSON","(361) 944-1414","","TX","78163","Default","False","0","R00015697-1","1730.9200","2026-09-10 00:00:00","2026-09-17 00:00:00","","D04","DROP OFF","00:00","","Neither","","","","","","2026-09-17 00:00:00","2026-09-09 00:00:00","R","L1","0.0000","","","D4","Rate 1","0.0000","","SOUTH","0.0000","0.0000","L1","","COD","","","","SPR","","0.0000","2026-09-24 00:00:00","L1","1599.0000","262 VERDE TRCE","","BULVERDE","3619441414","","tommy.johnson@live.com","TOMMY","JOHNSON","(361) 944-1414","","TX","78163","Open","","","","","","","","","","","","No Warranty","","","0.0000","0.0000","0.0000","","","","","","Other","","Major","Home service","","","","","False","","","","","","","","0.0000","TAX","","8.2500","131.9200","","0.0000","SPR","LBF","Neither","","","","","","0.0000"
"271396","False","False","","","","","","0.0000","","","","","","","","","False","Complete Ship","10:58","15:01","","1","","","Invoice","07:00","","0.0000","False","","","","","29.881756","-98.254791","","False","","","","","","","False","True","False","False","False","True","False","False","","","","","","","APPROVED","","","","","","","0.0000","0.0000","2026-09-10 00:00:00","","0.0000","","False","0.0000","0","","","","False","","False","","","","2026-09-10 10:58:39","2026-09-21 15:01:38","","False","False","False","False","SPR_9/14/2026_705547","","","","","","","","False","","","1164 LAKEBREEZE DR","","CANYON LAKE","8324442033","susan.durchholz@gmail.com","SUSAN","DURCHHOLZ","(832) 444-2033","","TX","78133","Default","False","0","R00015705","14558.5400","2026-09-10 00:00:00","2026-09-21 00:00:00","","","","00:00","","Neither","","","","","","2026-09-21 00:00:00","2026-09-10 00:00:00","R","L1","0.0000","","","D2","Rate 1","0.0000","","SOUTH","-180.0000","0.0000","L1","","COD","","","","SPR","","0.0000","2026-10-04 00:00:00","L1","13629.0000","1164 LAKEBREEZE DR","","CANYON LAKE","8324442033","","susan.durchholz@gmail.com","SUSAN","DURCHHOLZ","(832) 444-2033","","TX","78133","Open","","","","","","","","","","","","No Warranty","","","0.0000","0.0000","0.0000","","","","","","Other","","Major","Home service","","","","","False","","","","","","","","0.0000","TAX","","8.2500","1109.5400","","0.0000","SPR","SPR","Neither","","","","","","0.0000"
"271369","False","False","","","","MOD","","0.0000","","","","","","","","","False","Complete Ship","16:18","11:26","","7","","","Invoice","07:00","","0.0000","False","","","","","29.915427","-98.081783","","False","","","","","","","False","True","False","False","False","True","False","False","","","","","","","APPROVED","","","","","","","0.0000","0.0000","2026-08-29 00:00:00","","0.0000","","False","0.0000","0","","","","False","","False","","","","2026-09-09 16:18:16","2026-09-21 11:26:02","","False","False","False","False","CSH_9/11/2026_533424","","","","","","","","False","","","755 CASCADE TRL","","SAN MARCOS","2816821299","*","JANICE","SNITKIN","(281) 682-1299","","TX","78666","Default","False","0","S00064968","1937.6900","2026-09-09 00:00:00","2026-09-21 00:00:00","","","","00:00","","Neither","","","","","","2026-09-21 00:00:00","2026-09-09 00:00:00","S","L1","0.0000","","","D2","Rate 1","0.0000","","LOC","1204.7500","0.0000","L1","","COD","","","","CSH","CBS","0.0000","2026-09-27 00:00:00","L1","2389.0000","755 CASCADE TRL","","SAN MARCOS","2816821299","","*","JANICE","SNITKIN","(281) 682-1299","","TX","78666","Open","","","","","","","","","","","","No Warranty","","","0.0000","0.0000","0.0000","","","","","","Other","","Major","Home service","","","","","False","","","","","","","","0.0000","TAX","","8.2500","281.6400","","0.0000","CSH","CSH","Neither","","","","","","0.0000"
"271320","False","False","","","","","","0.0000","","","","","","","","","False","Complete Ship","10:36","16:47","","0","","","Invoice","07:00","","0.0000","False","","","","","0.000000","0.000000","","False","","","","","","","False","False","False","False","False","False","False","False","","","","","","DELIVERY","APPROVED","","","","","","","0.0000","0.0000","2022-09-17 00:00:00","","0.0000","","False","0.0000","0","","","","False","","False","","","","2026-09-09 10:36:39","2026-09-10 16:47:41","","False","False","False","False","EHM_9/9/2026_533424","","","","","","","","False","","","*","","DRIPPING SPRINGS","5126800538","emullen@wilsonappliance.com","ELLIOTT","MULLEN","(512) 680-0538","","TX","78620","Default","False","0","R00015691","508.0000","2026-09-09 00:00:00","2026-09-10 00:00:00","","","","00:00","","Neither","","","","","","2026-09-10 00:00:00","2026-09-09 00:00:00","R","L1","53.0000","","","CPU3","Rate 1","0.0000","","SHOP","0.0000","0.0000","L1","","COD","2026-09-09 00:00:00","","","EHM","","0.0000","","L1","0.0000","*","","DRIPPING SPRINGS","5126800538","","emullen@wilsonappliance.com","ELLIOTT","MULLEN","(512) 680-0538","","TX","78620","Open","","","","","","","","","","","","No Warranty","","","0.0000","0.0000","0.0000","","","","","","Other","","Major","Home service","","","","","False","","","","","","","","0.0000","EX","","0.0000","0.0000","","0.0000","EHM","KKD","Neither","","","","","","455.0000"
"271327","False","False","","","","IMUC","","0.0000","","","","","","","","","False","Complete Ship","11:17","","","39","","","Invoice","07:00","","","","","","","","0.000000","0.000000","","False","","","","","","","False","False","False","False","False","False","False","False","","","","","","DELIVERY","APPROVED","","","","","","","0.0000","0.0000","2022-06-22 00:00:00","","0.0000","","False","0.0000","0","","","","False","","","","","","2026-09-09 11:17:29","2026-09-09 11:17:38","","False","False","False","False","","","","","","","","","","","","284 OLD KYLE RD.","","WIMBERLEY","5128479040","admin@burnettebuilders.com","*","GRADY BURNETTE BUILDERS","(512) 748-3753","(512) 847-5247","TX","78676","Default","False","0","S00064960-1","0.0000","2026-09-09 00:00:00","","","","","00:00","","Neither","","","","","","2026-09-09 00:00:00","2026-09-09 00:00:00","S","L1","0.0000","","","D2","Rate 1","0.0000","","LOC","3829.0500","0.0000","L1","","AR","1899-12-30 00:00:00","","","EHM","","0.0000","2026-10-04 00:00:00","L1","0.0000","1671 FM 3237","","WIMBERLEY","7133052057","","brenda@loveadv.com","ED/BRENDA","JONES/LOVE","(713) 305-2057","(713) 419-9994(CELL)","TX","78676","Open","","","","","","","","","","","","No Warranty","","","0.0000","0.0000","0.0000","","","","","","Other","","Major","Home service","","","","","False","","","","","","","","0.0000","TAX","","8.2500","72.5800","","0.0000","EHM","","Neither","","","","","","0.0000"
"271370","False","False","","","","CAB","","0.0000","","","","","","","","","False","Complete Ship","16:22","14:03","","5","","","Invoice","07:00","","0.0000","False","","","","","30.302199","-97.889059","","False","","","","","","","True","False","False","False","True","False","False","False","","","","","","","APPROVED","","","","","","","0.0000","0.0000","2026-08-10 00:00:00","","0.0000","","False","0.0000","0","","","","False","","False","","","","2026-09-09 16:22:31","2026-09-17 14:03:37","","False","False","False","False","CBS_9/17/2026_579518","","","","","","","","False","","","2113 CLIFFS EDGE DR","","AUSTIN","5126585266","","JOHN","KAMM","(512) 658-5266","","TX","78733","Default","False","0","S00064969","4391.8300","2026-09-09 00:00:00","2026-09-17 00:00:00","","","","00:00","","Neither","","","","","","2026-09-17 00:00:00","2026-09-09 00:00:00","S","L1","0.0000","","","D2","Rate 1","0.0000","","LOC","1229.7500","0.0000","L1","","COD","","","","EHM","CBS","0.0000","2026-09-27 00:00:00","L1","2899.0000","2113 CLIFFS EDGE DR","","AUSTIN","5126585266","","","JOHN","KAMM","(512) 658-5266","","TX","78733","Open","","","","","","","","","","","","No Warranty","","","0.0000","0.0000","0.0000","","","","","","Other","","Major","Home service","","","","","False","","","","","","","","0.0000","TAX","","8.2500","263.0800","","0.0000","EHM","CBS","Neither","","","","","","0.0000"
"271303","False","False","78163","","","","","0.0000","","","","","","","","","False","Complete Ship","07:45","","","0","","","Invoice","07:00","","0.0000","","","","","","0.000000","0.000000","","False","","","","","","","False","False","False","False","False","False","False","False","","","","","","DELIVERY","APPROVED","","","","","","","0.0000","0.0000","2025-11-20 00:00:00","","0.0000","","False","0.0000","0","","","","False","","","","","","2026-09-09 07:45:22","2026-09-09 07:45:22","","False","False","False","False","","","","","","","","","","","","602 MAIN ST","BOX 1663","BLANCO","2104215467","rallison1998@yahoo.com","*","ROBERT ALLISON CUSTOM HOMES","(210) 421-5467","","TX","78606","Default","False","0","S00064958","0.0000","2026-09-09 00:00:00","","","D03","GC 5138 - Bring two straight plugs for hoods","00:00","","Neither","","","","","","2026-09-09 00:00:00","2026-09-09 00:00:00","S","L1","0.0000","","","D3","Rate 1","0.0000","","SOUTH","0.0000","0.0000","L1","","AR","1899-12-30 00:00:00","","","MAM","","0.0000","2026-09-13 00:00:00","L1","0.0000","5850 BOB PERKINS","","BULVERDE","2104215467","","rallison1998@yahoo.com","JAMES AND ERIN","EBROM","(210) 421-5467","","TX","78163","Open","","","","","","","","","","","","No Warranty","","","0.0000","0.0000","0.0000","","","","","","Other","","Major","Home service","","","","","False","","","","","","","","0.0000","TAX","","8.2500","0.0000","","0.0000","LBF","","Neither","","","","","","0.0000"
"271344","False","False","","","","IMUC","","0.0000","","","","","","","","","False","Complete Ship","13:44","11:08","","1","","","Invoice","07:00","","0.0000","False","","","","","30.308110","-97.775055","","False","","","","","","","False","True","False","False","False","True","False","False","","","","","","DELIVERY","APPROVED","","","","","","","0.0000","0.0000","2023-07-23 00:00:00","","0.0000","","False","0.0000","0","","","","False","","False","","","","2026-09-09 13:44:52","2026-09-17 11:08:29","","False","False","False","False","LBF_9/9/2026_533424","","","","","","","","False","","","901 MOPAC EXPRESSWAY","BUILDING 5, SUITE 240","AUSTIN","2145284130","info@sebastiancg.com","*","SEBASTIAN CONSTRUCTION GROUP, LLC","(214) 528-4130","","TX","78746","Default","False","0","S00062395-21","0.0000","2026-09-09 00:00:00","2026-09-17 00:00:00","","","","00:00","","Neither","","","","","","2026-09-17 00:00:00","2025-03-17 00:00:00","S","L1","0.0000","","","D3","Rate 1","0.0000","","LOC","0.0000","0.0000","L1","","AR","","","","RDW","","0.0000","2026-09-20 00:00:00","L1","0.0000","2708 SCENIC DRIVE","Upper","AUSTIN","2145284130","","info@sebastiancg.com","*","SEBASTIAN CONSTRUCTION GROUP, LLC","(214) 528-4130","","TX","78703","Open","","","","","","","","","","","","No Warranty","","","0.0000","0.0000","0.0000","","","","","","Other","","Major","Home service","","","","","False","","","","","","","","0.0000","TAX","","8.2500","0.0000","","0.0000","LBF","LBF","Neither","","","","","","0.0000"
"271353","False","False","","","","","","0.0000","","","","","","","","","False","Complete Ship","14:44","14:53","","10","","","Invoice","07:00","","0.0000","False","","","","","29.966568","-97.960444","","False","","","","","","","False","False","False","False","False","False","False","False","","","","","","","APPROVED","","","","","","","0.0000","0.0000","2026-09-04 00:00:00","","0.0000","","False","0.0000","0","","","","False","","False","","","","2026-09-09 14:44:50","2026-09-09 14:53:41","","False","False","False","False","MAM_9/9/2026_533424","","","","","","","","False","","","414 STAGECOACH","","SAN MARCOS","5128261198","ahstandard@gmail.com;alejaroc@hotmail.com;gwstandard@gmail.com","*","STANDARD CUSTOM HOMES, LLC","(512) 826-1836","","TX","78666","Default","False","0","S00064964","0.0000","2026-09-09 00:00:00","2026-09-09 00:00:00","","","","00:00","","Neither","","","","","","2026-09-09 00:00:00","2026-09-09 00:00:00","S","L1","0.0000","","","D2","Rate 1","0.0000","","EAST","1051.4000","0.0000","L1","","AR","","","","MAM","","0.0000","2026-12-20 00:00:00","L1","5687.0000","801 PIEDRAS PASS","","SAN MARCOS","5128261198","","ahstandard@gmail.com","*","MCCAFFERTY RESIDENCE","(512) 826-1836","","TX","78666","Open","","","","","","","","","","","","No Warranty","","","0.0000","0.0000","0.0000","","","","","","Other","","Major","Home service","","","","","False","","","","","","","","0.0000","TAX","","8.2500","513.8500","","0.0000","MAM","MAM","Neither","","","","","","0.0000"
"271366","False","False","78701","","","","","0.0000","","","","","","","","","False","Complete Ship","16:09","16:09","","24","","","Invoice","07:00","","0.0000","False","","","","","0.000000","0.000000","","False","","","","","","","False","False","False","False","False","False","False","False","","","","","","","APPROVED","","","","","","","0.0000","0.0000","2024-11-23 00:00:00","","0.0000","","False","0.0000","0","","","","False","","False","","","","2026-09-09 16:09:14","2026-09-09 16:14:22","","False","False","False","False","MAM_9/9/2026_579518","","","","","","","","False","","","715 DISCOVERY BLVD #408","","CEDAR PARK","5124336875","fsb@fsbcustom.com","*","FSB CUSTOM HOMES","(512) 433-6875","","TX","78613","Default","False","0","S00064967","0.0000","2026-09-09 00:00:00","2026-09-09 00:00:00","","","","00:00","","Neither","","","","","","2026-09-09 00:00:00","2026-09-09 00:00:00","S","L1","0.0000","","","D2","Rate 1","0.0000","","LOC","2032.5100","0.0000","L1","","AR","","","","MAM","","0.0000","2026-12-20 00:00:00","L1","32475.0000","4100 SANDY ACRES","","AUSTIN","5124336875","","fsb@fsbcustom.com","*","CRENSHAW RESIDENCE","(512) 433-6875","","TX","78746","Open","","","","","","","","","","","","No Warranty","","","0.0000","0.0000","0.0000","","","","","","Other","","Major","Home service","","","","","False","","","","","","","","0.0000","TAX","","8.2500","2717.1800","","0.0000","MAM","MAM","Neither","","","","","","0.0000"
"271333","False","False","","","","","","0.0000","","","","","","","","","False","Complete Ship","12:02","12:46","","4","","","Invoice","07:00","","0.0000","False","","","","","30.048949","-98.380653","","False","","","","","","","False","True","False","False","False","True","False","False","","","","","","","APPROVED","","","","","","","0.0000","0.0000","2026-09-10 00:00:00","","0.0000","","False","0.0000","0","","","","False","","False","","","","2026-09-09 12:02:11","2026-09-10 08:37:20","","False","False","False","False","MEP_9/9/2026_579518","","","","","","","","False","","","104 DC CADY","","BLANCO","9729986996","scalf.lin@gmail.com","LINDA","SCALF","(972) 998-6996","","TX","78606","Default","False","0","S00064961","3486.2300","2026-09-09 00:00:00","2026-09-09 00:00:00","","","","00:00","","Neither","","","","","","2026-09-09 00:00:00","2026-09-09 00:00:00","S","L1","0.0000","","","D3","Rate 1","0.0000","","SOUTH","320.6000","0.0000","L1","","COD","","","","MEP","","0.0000","2026-10-25 00:00:00","L1","2500.0000","104 DC CADY","","BLANCO","9729986996","","scalf.lin@gmail.com","LINDA","SCALF","(972) 998-6996","","TX","78606","Open","","","","","","","","","","","","No Warranty","","","0.0000","0.0000","0.0000","","","","","","Other","","Major","Home service","","","","","False","","","","","","","","0.0000","TAX","","8.2500","265.6900","","0.0000","MEP","MEP","Neither","","","","","","399.9400"
"271357","False","False","","","","","","0.0000","","","","","","","","","False","Complete Ship","15:17","13:04","","3","","","Invoice","07:00","","0.0000","False","","","","","30.067589","-97.995237","","False","","","","","","","False","True","False","False","False","True","False","False","","","","","","","APPROVED","","","","","","","0.0000","0.0000","2026-09-11 00:00:00","","0.0000","","False","0.0000","0","","","","False","","False","","","","2026-09-09 15:17:43","2026-09-21 09:50:30","","False","False","False","False","MEP_9/9/2026_705547","","","","","","","","False","","","200 GRANDE","","DRIFTWOOD","5128589999","bba124@gmail.com","BOB","AZAR","(512) 858-9999","","TX","78619","Default","False","0","S00064965","2460.1600","2026-09-09 00:00:00","2026-09-18 00:00:00","","D01","","00:00","","Neither","","","","","","2026-09-18 00:00:00","2026-09-09 00:00:00","S","L1","0.0000","","","D4","Rate 1","0.0000","","LOC","289.9000","0.0000","L1","","COD","","","","MEP","","0.0000","2026-09-22 00:00:00","L1","1998.0000","200 GRANDE","","DRIFTWOOD","5128589999","","bba124@gmail.com","BOB","AZAR","(512) 858-9999","","TX","78619","Open","","","","","","","","","","","","No Warranty","","","0.0000","0.0000","0.0000","","","","","","Other","","Major","Home service","","","","","False","","","","","","","","0.0000","TAX","","8.2500","172.2600","","0.0000","MEP","LBF","Neither","","","","","","0.0000"
"271305","False","False","","","","","","0.0000","","","","","","","","","False","Complete Ship","08:18","12:32","","0","","","Invoice","07:00","","0.0000","False","","","","","30.342364","-97.990888","","False","","","","","","","False","True","False","False","False","True","False","False","","","","","","DELIVERY","APPROVED","","","","","","","0.0000","0.0000","2026-09-11 00:00:00","","0.0000","","False","0.0000","0","","","","False","","False","","","","2026-09-09 08:18:14","2026-09-21 12:32:24","","False","False","False","False","SPR_9/9/2026_705547","","","","","","","","False","","","8 SWIFTWATER TRAIL","","THE HILLS","5122842124","klas@gothager.com","KLAS","GOTHAGER","(512) 284-2124","","TX","78738","Default","False","0","R00015689","140.7300","2026-09-09 00:00:00","2026-09-21 00:00:00","","","","00:00","","Neither","","","","","","2026-09-21 00:00:00","2026-09-09 00:00:00","R","L1","0.0000","","","CPU","Rate 1","0.0000","","LOC","0.0000","0.0000","L1","","COD","2026-09-25 00:00:00","","","SPR","","0.0000","","L1","130.0000","8 SWIFTWATER TRAIL","","THE HILLS","5122842124","","klas@gothager.com","KLAS","GOTHAGER","(512) 284-2124","","TX","78738","Open","","","","","","","","","","","","No Warranty","","","0.0000","0.0000","0.0000","","","","","","Other","","Major","Home service","","","","","False","","","","","","","","0.0000","TAX","","8.2500","10.7300","","0.0000","SPR","SPR","Neither","","","","","","0.0000"
"271319","False","False","","","","","","0.0000","","","","","","","","","False","Complete Ship","10:26","13:07","","2","","","Invoice","07:00","","0.0000","False","","","","","30.291892","-97.806737","","False","","","","","","","False","True","False","False","False","True","False","False","","","","","","","APPROVED","","","","","","","0.0000","0.0000","2026-09-11 00:00:00","","0.0000","","False","0.0000","0","","","","False","","False","","","","2026-09-09 10:26:16","2026-09-21 13:07:25","","False","False","False","False","SPR_9/9/2026_289562","","","","","","","","False","","","404 BUCKEYE TRAIL","","WEST LAKE HILLS","2146971683","","SUSAN","LESTER","(214) 697-1683","","TX","78746","Default","False","0","R00015690","1894.1000","2026-09-09 00:00:00","2026-09-21 00:00:00","","","","00:00","","Neither","","","","","","2026-09-21 00:00:00","2026-09-09 00:00:00","R","L1","0.0000","","","D3","Rate 1","0.0000","","LOC","250.7500","0.0000","L1","","COD","","","","SPR","","0.0000","2026-10-04 00:00:00","L1","1499.0000","404 BUCKEYE TRAIL","","WEST LAKE HILLS","2146971683","","","SUSAN","LESTER","(214) 697-1683","","TX","78746","Open","","","","","","","","","","","","No Warranty","","","0.0000","0.0000","0.0000","","","","","","Other","","Major","Home service","","","","","False","","","","","","","","0.0000","TAX","","8.2500","144.3500","","0.0000","SPR","SPR","Neither","","","","","","0.0000"
"271355","False","False","","","","","","0.0000","","","","","","","","","False","Complete Ship","15:02","13:21","","20","","","Invoice","07:00","","0.0000","False","","","","","30.564896","-97.914263","","False","","","","","","","False","True","False","False","False","True","False","False","","","","","","","APPROVED","","","","","","","0.0000","0.0000","2026-08-20 00:00:00","","0.0000","","False","0.0000","0","","","","False","","False","","","","2026-09-09 15:02:13","2026-09-21 13:21:06","","False","False","False","False","SPR_9/9/2026_760723","","","","","","","","False","","","901 C R 290","","LEANDER","2035613080","","CRAIG/CARLA","FARNSWORTH","(203) 561-3080","","TX","78641","Default","False","0","R00015695","51891.3200","2026-09-09 00:00:00","2026-09-21 00:00:00","","","","00:00","","Neither","","","","","","2026-09-21 00:00:00","2026-09-09 00:00:00","R","L1","0.0000","","","D2","Rate 1","0.0000","","NOR E","-761.0000","0.0000","L1","","COD","","","","SPR","","0.0000","2026-10-04 00:00:00","L1","48787.0000","901 C R 290","","LEANDER","2035613080","","","CRAIG/CARLA","FARNSWORTH","(203) 561-3080","","TX","78641","Open","","","","","","","","","","","","No Warranty","","","0.0000","0.0000","0.0000","","","","","","Other","","Major","Home service","","","","","False","","","","","","","","0.0000","TAX","","8.2500","3865.3200","","0.0000","SPR","SPR","Neither","","","","","","0.0000"
"271363","False","False","","","","","","0.0000","","","","","","","","","False","Complete Ship","15:56","13:05","","0","","","Invoice","07:00","","0.0000","False","","","","","0.000000","0.000000","","False","","","","","","","False","True","False","False","False","True","False","False","","","","","","DELIVERY","APPROVED","","","","","","","0.0000","0.0000","2026-09-11 00:00:00","","0.0000","","False","0.0000","0","","","","False","","False","","","","2026-09-09 15:56:19","2026-09-17 13:05:57","","False","False","False","False","SPR_9/9/2026_45352","","","","","","","","False","","","262 VERDE TRCE","","BULVERDE","3619441414","tommy.johnson@live.com","TOMMY","JOHNSON","(361) 944-1414","","TX","78163","Default","False","0","R00015697","6490.6700","2026-09-09 00:00:00","2026-09-17 00:00:00","","D04","wrap and box if possible - DROP OFF","00:00","","Neither","","","","","","2026-09-17 00:00:00","2026-09-09 00:00:00","R","L1","0.0000","","","D4","Rate 1","0.0000","","SOUTH","0.0000","0.0000","L1","","COD","","","","SPR","","0.0000","2026-09-24 00:00:00","L1","5996.0000","262 VERDE TRCE","","BULVERDE","3619441414","","tommy.johnson@live.com","TOMMY","JOHNSON","(361) 944-1414","","TX","78163","Open","","","","","","","","","","","","No Warranty","","","0.0000","0.0000","0.0000","","","","","","Other","","Major","Home service","","","","","False","","","","","","","","0.0000","TAX","","8.2500","494.6700","","0.0000","SPR","SPR","Neither","","","","","","0.0000"
"271372","False","False","","","","MOD","","0.0000","","","","","","","","","False","Complete Ship","16:32","14:52","","2","","","Invoice","07:00","","0.0000","False","","","","","30.473875","-97.855975","","False","","","","","","","False","True","False","False","False","True","False","False","","","","","","DELIVERY","APPROVED","","","","","","","0.0000","0.0000","2026-09-11 00:00:00","","0.0000","","False","0.0000","0","","","","False","","False","","","","2026-09-09 16:32:00","2026-09-18 22:27:30","","False","False","False","False","SPR_9/9/2026_414032","","","","","","","","False","","","2802 ZAMBIA DR","","CEDAR PARK","4803531781","","CHRISTINE","CROCKETT","(480) 353-1781","","TX","78613","Default","False","0","R00015698","2786.5500","2026-09-09 00:00:00","2026-09-11 00:00:00","","D02","","00:00","","Neither","","","","","","2026-09-11 00:00:00","2026-09-09 00:00:00","R","L1","0.0000","","","D2R","Rate 1","0.0000","","NOR E","264.8500","0.0000","L1","","COD","","","","SPR","","0.0000","2026-09-30 00:00:00","L1","2320.0000","2802 ZAMBIA DR","","CEDAR PARK","4803531781","","","CHRISTINE","CROCKETT","(480) 353-1781","","TX","78613","Open","","","","","","","","","","","","No Warranty","","","0.0000","0.0000","0.0000","","","","","","Other","","Major","Home service","","","","","False","","","","","","","","0.0000","TAX","","8.2500","201.7000","","0.0000","SPR","LBF","Neither","","","","","","0.0000"
"271376","False","False","","","","IMUC","","0.0000","","","","","","","","","False","Complete Ship","16:44","09:05","","10","","","Invoice","07:00","","0.0000","False","","","","","30.410465","-97.996630","","False","","","","","","","False","True","False","False","False","True","False","False","","","","","","DELIVERY","APPROVED","","","","","","","0.0000","0.0000","2026-09-11 00:00:00","","0.0000","","False","0.0000","0","","","","False","","False","","","","2026-09-09 16:44:33","2026-09-18 09:05:02","","False","False","False","False","SPR_9/9/2026_862619","","","","","","","","False","","","2001 RUFFIAN HEIGHTS LN","","SPICEWOOD","7135986526","davidw@genplastics.com","DAVID","WALSTAD","(713) 598-6526","","TX","78669","Default","False","0","R00015699","11536.6100","2026-09-09 00:00:00","2026-09-18 00:00:00","","D04","ice machines","00:00","","Neither","","","","","","2026-09-18 00:00:00","2026-09-09 00:00:00","R","L1","0.0000","","","D4","Rate 1","0.0000","","LOC","1083.7500","0.0000","L1","","COD","","","","SPR","","0.0000","2026-09-22 00:00:00","L1","8927.0000","2001 RUFFIAN HEIGHTS LN","","SPICEWOOD","7135986526","","davidw@genplastics.com","DAVID","WALSTAD","(713) 598-6526","","TX","78669","Open","","","","","","","","","","","","No Warranty","","","0.0000","0.0000","0.0000","","","","","","Other","","Major","Home service","","","","","False","","","","","","","","0.0000","TAX","","8.2500","825.8900","","0.0000","SPR","LBF","Neither","","","","","","699.9700"
"271283","False","False","","","","CAB","","0.0000","","","","","","","","","False","Complete Ship","14:28","14:29","","1","","","Invoice","07:00","","0.0000","False","","","","","30.355153","-97.742502","","False","","","","","","","False","True","False","False","False","True","False","False","","","","","","CABINETS","APPROVED","","","","","","","0.0000","0.0000","2026-09-05 00:00:00","","0.0000","","False","0.0000","0","","","","False","","False","","","","2026-09-08 14:28:43","2026-09-08 14:29:34","","False","False","False","False","CAM_9/8/2026_533424","","","","","","","","False","","","3103 Yellowpine Terrace","","AUSTIN","5126262578","keli_ray@yahoo.com","Catherine and Jim","Ray","(512) 626-2578","","TX","78757","Default","False","0","CB00010200","0.0000","2026-09-08 00:00:00","2026-09-08 00:00:00","","","","00:00","","Neither","","","","","","2026-09-08 00:00:00","2026-09-08 00:00:00","CAB","L1","0.0000","","","QUOTE 1","Rate 1","0.0000","","","0.0000","0.0000","L1","","COD","2026-09-25 00:00:00","","","CAM","","0.0000","","L1","0.0000","3103 Yellowpine Terrace","","AUSTIN","5126262578","","keli_ray@yahoo.com","Catherine and Jim","Ray","(512) 626-2578","","TX","78757","Open","","","","","","","","","","","","No Warranty","","","0.0000","0.0000","0.0000","","","","","","Other","","Major","Home service","","","","","False","","","","","","","","0.0000","TAX","","8.2500","0.0000","","0.0000","CAM","CAM","Neither","","","","","","0.0000"
"271284","False","False","","","","CAB","","0.0000","","","","","","","","","False","Complete Ship","14:30","14:30","","1","","","Invoice","07:00","","0.0000","False","","","","","29.907332","-98.093545","","False","","","","","","","False","True","False","False","False","True","False","False","","","","","","CABINETS","APPROVED","","","","","","","0.0000","0.0000","2026-09-10 00:00:00","","0.0000","","False","0.0000","0","","","","False","","False","","","","2026-09-08 14:30:29","2026-09-11 08:51:03","","False","False","False","False","CAM_9/8/2026_579518","","","","","","","","False","","","1500 CASCADE TRAIL","","SAN MARCOS","2143548533","","SUZANNE","WALLACE","(214) 354-8533","","TX","78666","Default","False","0","CB00010201","79.8900","2026-09-08 00:00:00","2026-09-08 00:00:00","","","","00:00","","Neither","","","","","","2026-09-10 00:00:00","2026-09-08 00:00:00","CAB","L1","0.0000","","","QUOTE 1","Rate 1","0.0000","","","73.8000","0.0000","L1","","COD","2026-09-25 00:00:00","","","CAM","","0.0000","","L1","0.0000","1500 CASCADE TRAIL","","SAN MARCOS","2143548533","","suzannewallace1968@gmail.com","SUZANNE","WALLACE","(214) 354-8533","","TX","78666","Open","","","","","","","","","","","","No Warranty","","","0.0000","0.0000","0.0000","","","","","","Other","","Major","Home service","","","","","False","","","","","","","","0.0000","TAX","","8.2500","6.0900","","0.0000","CAM","CAM","Neither","","","","","","0.0000"
"271235","False","False","","","","INST","","0.0000","","","","","","","","","False","Complete Ship","09:41","08:33","","4","","","Invoice","07:00","","0.0000","False","","","","","30.501837","-97.744257","","False","","","","","","","False","True","False","False","False","True","False","False","","","","","","","APPROVED","","","","","","","0.0000","0.0000","2026-05-27 00:00:00","","0.0000","","False","0.0000","0","","","","False","","False","","","","2026-09-08 09:41:29","2026-09-21 08:33:05","","False","False","False","False","CSH_9/8/2026_533424","","","","","","","","False","","","8906 SPLITARROW DR","","AUSTIN","5127502006","vinkesh@sbcglobal.net","VINKY","MEHTA","(512) 750-2006","","TX","78717","Default","False","0","S00064957","17055.6000","2026-09-08 00:00:00","2026-09-21 00:00:00","","D05","***installers need to bring Yeats (low doorway)***","00:00","","Neither","","","","","","2026-09-21 00:00:00","2026-09-08 00:00:00","S","L1","0.0000","","","D4","Rate 1","0.0000","","LOC","-1019.1000","0.0000","L1","","COD","","","","CSH","","0.0000","2026-09-21 00:00:00","L1","16800.0000","8906 SPLITARROW DR","","AUSTIN","5127502006","","vinkesh@sbcglobal.net","VINKY","MEHTA","(512) 750-2006","","TX","78717","Open","","","","","","","","","","","","No Warranty","","","0.0000","0.0000","0.0000","","","","","","Other","","Major","Home service","","","","","False","","","","","","","","0.0000","TAX","","8.2500","1274.7000","","0.0000","CSH","LBF","Neither","","","","","","0.0000"
"271252","False","False","","","","","","0.0000","","","","","","","","","False","Complete Ship","10:49","12:59","","2","","","Invoice","07:00","","0.0000","False","","","","","30.539532","-97.791156","","False","","","","","","","False","False","False","False","False","False","False","False","","","","","","","APPROVED","","","","","","","0.0000","0.0000","2026-09-04 00:00:00","","0.0000","","False","0.0000","0","","","","False","","False","","","","2026-09-08 10:49:47","2026-09-21 12:59:33","","False","False","False","False","CSH_9/8/2026_579518","","","","","","","","False","","","4820 PECAN CHASE","","AUSTIN","5124978467","dzielinski@hotmail.com","DONALD","ZIELINSKI","(512) 497-8467","","TX","78738","Default","False","0","R00015679","1243.6300","2026-09-08 00:00:00","2026-09-21 00:00:00","","D06","","00:00","","Neither","","","","","","2026-09-21 00:00:00","2026-09-08 00:00:00","R","L1","0.0000","","","D4","Rate 1","0.0000","","NOR E","219.8500","0.0000","L1","","COD","","","","CSH","","0.0000","2026-09-21 00:00:00","L1","929.0000","13701 RONALD REAGAN BLVD","UNIT 4","CEDAR PARK","5124978467","","dzielinski@hotmail.com","DONALD","ZIELINSKI","(512) 497-8467","","TX","78613","Open","","","","","","","","","","","","No Warranty","","","0.0000","0.0000","0.0000","","","","","","Other","","Major","Home service","","","","","False","","","","","","","","0.0000","TAX","","8.2500","94.7800","","0.0000","CSH","CSH","Neither","","","","","","0.0000"
"271273","False","False","","","","","","0.0000","","","","","","","LBF","","False","Complete Ship","13:09","10:07","10:07","3","","","Invoice","07:00","","0.0000","False","","","","","30.196817","-98.186866","","False","","","","","","","True","False","False","False","True","False","False","False","","","","","","","APPROVED","","","","","","","0.0000","0.0000","2026-08-08 00:00:00","","0.0000","","False","0.0000","0","2026-09-21 00:00:00","","","False","","False","","","","2026-09-08 13:09:58","2026-09-21 10:07:35","","False","False","False","False","CSH_9/8/2026_705547","","","","","","","","False","","","800 GLOSSON RANCH RD","","DRIPPING SPRINGS","5122399871","herenow3@gmail.com","JEWELL","PIETY","(512) 239-9871","","TX","78620","Default","False","0","R00015682","1155.5900","2026-09-08 00:00:00","2026-09-21 00:00:00","","D01","","00:00","","Neither","","","","","","2026-09-21 00:00:00","2026-09-08 00:00:00","R","L1","0.0000","","","D7","Rate 1","0.0000","","LOC","179.9500","0.0000","L1","","COD","","","","CSH","","0.0000","2026-09-19 00:00:00","L1","899.0000","800 GLOSSON RANCH RD","","DRIPPING SPRINGS","5122399871","","herenow3@gmail.com","JEWELL","PIETY","(512) 239-9871","","TX","78620","Not Posted","","","","","","","","","","","","No Warranty","","","0.0000","0.0000","0.0000","","","","","","Other","","Major","Home service","","","","","False","","","","","","","","0.0000","TAX","","8.2500","76.6400","","0.0000","CSH","LBF","Neither","","","","","","0.0000"
"271245","False","False","","","","","","0.0000","","","","","","","","","False","Complete Ship","10:21","10:49","","8","","","Invoice","07:00","","0.0000","False","","","","","30.287551","-97.772498","","False","","","","","","","True","False","False","False","True","False","False","False","","","","","","DELIVERY","APPROVED","","","","","","","0.0000","0.0000","2026-05-08 00:00:00","","0.0000","","False","0.0000","0","","","","False","","False","","","","2026-09-08 10:21:51","2026-09-15 08:22:09","","False","False","False","False","LBF_9/8/2026_289562","","","","","","","","False","","","1205 A NORWALK LN","","AUSTIN","5124130056","shannonumstattd@gmail.com","SHANNON","UMSTATTD","(512) 413-0056","","TX","78703","Default","False","0","R00015676","512.3700","2026-09-08 00:00:00","2026-09-08 00:00:00","","D02","UNINSTALLING UNITS - PLACE IN GARAGE","00:00","","Neither","","","","","","2026-09-14 00:00:00","2026-09-08 00:00:00","R","L1","0.0000","","","D4","Rate 1","0.0000","","LOC","494.6500","0.0000","L1","","COD","","","","EHM","","0.0000","2026-09-21 00:00:00","L1","0.0000","1205 A NORWALK LN","","AUSTIN","5124130056","","shannonumstattd@gmail.com","SHANNON","UMSTATTD","(512) 413-0056","","TX","78703","Open","","","","","","","","","","","","No Warranty","","","0.0000","0.0000","0.0000","","","","","","Other","","Major","Home service","","","","","False","","","","","","","","0.0000","TAX","","8.2500","17.7200","","0.0000","EHM","LBF","Neither","","","","","","0.0000"
"271250","False","False","","","","","","0.0000","","","","","","","","","False","Complete Ship","10:44","","","8","","","Invoice","07:00","","","","","","","","30.287551","-97.772498","","False","","","","","","","True","False","False","False","True","False","False","False","","","","","","DELIVERY","APPROVED","","","","","","","0.0000","0.0000","2026-05-08 00:00:00","","0.0000","","False","0.0000","0","","","","False","","","","","","2026-09-08 10:44:59","2026-09-08 10:45:00","","False","False","False","False","","","","","","","","","","","","1205 A NORWALK LN","","AUSTIN","5124130056","shannonumstattd@gmail.com","SHANNON","UMSTATTD","(512) 413-0056","","TX","78703","Default","False","0","R00015676-1","0.0000","2026-09-08 00:00:00","","","","","00:00","","Neither","","","","","","2026-09-08 00:00:00","2026-09-08 00:00:00","R","L1","0.0000","","","D1","Rate 1","0.0000","","LOC","534.6500","0.0000","L1","","COD","1899-12-30 00:00:00","","","EHM","","0.0000","2027-03-07 00:00:00","L1","0.0000","1205 A NORWALK LN","","AUSTIN","5124130056","","shannonumstattd@gmail.com","SHANNON","UMSTATTD","(512) 413-0056","","TX","78703","Open","","","","","","","","","","","","No Warranty","","","0.0000","0.0000","0.0000","","","","","","Other","","Major","Home service","","","","","False","","","","","","","","0.0000","TAX","","8.2500","21.0200","","0.0000","EHM","","Neither","","","","","","0.0000"
"271282","False","False","","","","","","0.0000","","","","","","","LBF","","False","Complete Ship","14:18","10:44","10:45","5","","","Invoice","07:00","","0.0000","False","","","","","0.000000","0.000000","","False","","","","","","","True","False","False","False","True","False","False","False","","","","","","DELIVERY","APPROVED","","","","","","","0.0000","0.0000","2026-09-10 00:00:00","","0.0000","","False","0.0000","0","2026-09-21 00:00:00","","","False","","False","","","","2026-09-08 14:18:33","2026-09-21 10:45:05","","False","False","False","False","EHM_9/8/2026_533424","","","","","","","","False","","","148 NORWAY SPRUCE","","DRIPPING SPRINGS","4157479644","","ALAN","COHEN","(415) 747-9644","","TX","78620","Default","False","0","R00015685","7052.2100","2026-09-08 00:00:00","2026-09-21 00:00:00","","D01","","00:00","","Neither","","","","","","2026-09-21 00:00:00","2026-09-08 00:00:00","R","L1","0.0000","","","D7","Rate 1","0.0000","","LOC","361.7500","-1121.4700","L1","","COD","","","","EHM","","0.0000","2026-09-19 00:00:00","L1","5117.0000","148 NORWAY SPRUCE","","DRIPPING SPRINGS","4157479644","","","ALAN","COHEN","(415) 747-9644","","TX","78620","Not Posted","","","","","","","","","","","","No Warranty","","","0.0000","0.0000","0.0000","","","","","","Other","","Major","Home service","","","","","False","","","","","","","","0.0000","TAX","","8.2500","452.0000","","0.0000","EHM","LBF","Neither","","","","","","0.0000"
"271301","False","False","","","","","","0.0000","","","","","","","","","False","Complete Ship","17:19","12:51","","3","","","Invoice","07:00","","0.0000","False","","","","","30.152464","-98.119029","","False","","","","","","","False","False","False","False","False","False","False","False","","","","","","","APPROVED","","","","","","","0.0000","0.0000","2026-09-10 00:00:00","","0.0000","","False","0.0000","0","","","","False","","False","","","","2026-09-08 17:19:26","2026-09-21 14:24:56","","False","False","False","False","EHM_9/8/2026_301948","","","","","","","","False","","","1500 E MOUNT GAINOR RD","","DRIPPING SPRINGS","5128585005","","PATRICK & SILVIA","BYERS - HOME TOWN MISSIONS","(512) 858-5005","","TX","78620","Default","False","0","R00015688","2651.0400","2026-09-08 00:00:00","2026-09-18 00:00:00","","D05","","00:00","","Neither","","","","","","2026-09-18 00:00:00","2026-09-08 00:00:00","R","L1","0.0000","","","D2R","Rate 1","0.0000","","LOCAL","219.9000","0.0000","L1","","COD","","asap","","EHM","","0.0000","2026-09-29 00:00:00","L1","2239.0000","1500 E MOUNT GAINOR RD","","DRIPPING SPRINGS","5128585005","","","PATRICK & SILVIA","BYERS - HOME TOWN MISSIONS","(512) 858-5005","","TX","78620","Open","","","","","","","","","","","","No Warranty","","","0.0000","0.0000","0.0000","","","","","","Other","","Major","Home service","","","","","False","","","","","","","","0.0000","TAX","","8.2500","192.1400","","0.0000","EHM","LBF","Neither","","","","","","0.0000"
"271247","False","False","","","","MOD","","0.0000","","","","","","","","","False","Complete Ship","10:25","15:02","","1","","","Invoice","07:00","","0.0000","False","","","","","30.186836","-97.919180","","False","","","","","","","False","True","False","False","False","True","False","False","","","","","","DELIVERY","APPROVED","","","","","","","0.0000","0.0000","2026-08-16 00:00:00","","0.0000","","False","0.0000","0","","","","False","","False","","","","2026-09-08 10:25:32","2026-09-21 15:02:50","","False","False","False","False","WKE_9/8/2026_705547","","","","","","","","False","","","7333 JABORANDI DR","","AUSTIN","5127841409","jlbriley@gmail.com","JOHN","BRILEY","(512) 784-1409","","TX","78739","Default","False","0","R00015505-3","745.7900","2026-09-08 00:00:00","2026-09-21 00:00:00","","","","00:00","","Neither","","","","","","2026-09-21 00:00:00","2026-08-15 00:00:00","R","L1","0.0000","","","D2","Rate 1","0.0000","","LOC","89.9500","0.0000","L1","","COD","","","","SPR","CBS","0.0000","2026-09-27 00:00:00","L1","599.0000","7333 JABORANDI DR","","AUSTIN","5127841409","","jlbriley@gmail.com","JOHN","BRILEY","(512) 784-1409","","TX","78739","Open","","","","","","","","","","","","No Warranty","","","0.0000","0.0000","0.0000","","","","","","Other","","Major","Home service","","","","","False","","","","","","","","0.0000","TAX","","8.2500","56.8400","","0.0000","LBF","SPR","Neither","","","","","","0.0000"
"271293","False","False","","","","IMUC","","0.0000","","","","","","","","","False","Complete Ship","15:37","14:06","","8","","","Invoice","07:00","","0.0000","False","","","","","29.838935","-97.859764","","False","","","","","","","False","True","False","False","False","True","False","False","","","","","","DELIVERY","APPROVED","","","","","","","0.0000","0.0000","2025-10-02 00:00:00","","0.0000","","False","0.0000","0","","","","False","","False","","","","2026-09-08 15:37:10","2026-09-18 14:49:31","","False","False","False","False","LBF_9/8/2026_533424","","","","","","","","False","","","142 W. RHAPSODY","","SAN ANTONIO","8308166306","office@jjdevelopment.com","*","J & J DEVELOPMENT","(830) 816-6306","","TX","78216","Default","False","0","S00063725-3","1029.8000","2026-09-08 00:00:00","2026-09-18 00:00:00","","D01","ICE MACHINE","00:00","","Neither","","","","","","2026-09-18 00:00:00","2025-12-11 00:00:00","S","L1","0.0000","","","D4","Rate 1","0.0000","","LOC","729.8500","0.0000","L1","","AR","","","","MEP","","0.0000","2026-09-30 00:00:00","L1","0.0000","112 RIVER LAKES LANE","","MARTINDALE","7132495300","","jess@cochranresources.com","LAURIE AND JESS","COCHRAN","(713) 249-5300","","TX","78655","Open","","","","","","","","","","","","No Warranty","","","0.0000","0.0000","0.0000","","","","","","Other","","Major","Home service","","","","","False","","","","","","","","0.0000","TAX","","8.2500","0.0000","","0.0000","LBF","LBF","Neither","","","","","","0.0000"
"271259","False","False","","","","","","0.0000","","","","","","","LBF","","False","Complete Ship","11:31","10:07","10:07","2","","","Invoice","07:00","","0.0000","False","","","","","30.318125","-97.912860","","False","","","","","","","False","True","False","False","False","True","False","False","","","","","","","APPROVED","","","","","","","0.0000","0.0000","2026-09-10 00:00:00","","0.0000","","False","0.0000","0","2026-09-21 00:00:00","","","False","","False","","","","2026-09-08 11:31:58","2026-09-21 10:07:24","","False","False","False","False","LTC_9/8/2026_301948","","","","","","","","False","","","2000 Cades Spirit Bend","","AUSTIN","8153074359","azstate1@aol.com","CHRIS","ZOCK","(815) 307-4359","","TX","78738","Default","False","0","R00015680","2549.4900","2026-09-08 00:00:00","2026-09-21 00:00:00","","D01","1st stop","00:00","","Neither","","","","","","2026-09-21 00:00:00","2026-09-08 00:00:00","R","L1","0.0000","","","D7","Rate 1","0.0000","","LOC","269.9000","0.0000","L1","","COD","","","","LTC","","0.0000","2026-09-19 00:00:00","L1","2099.0000","2000 Cades Spirit Bend","","AUSTIN","8153074359","","azstate1@aol.com","CHRIS","ZOCK","(815) 307-4359","","TX","78738","Not Posted","","","","","","","","","","","","No Warranty","","","0.0000","0.0000","0.0000","","","","","","Other","","Major","Home service","","","","","False","","","","","","","","0.0000","TAX","","8.2500","180.5900","","0.0000","LTC","LBF","Neither","","","","","","0.0000"
"271230","False","False","","","","","","0.0000","","","","","","","","","False","Complete Ship","09:03","12:57","","6","","","Invoice","07:00","","0.0000","False","","","","","0.000000","0.000000","","False","","","","","","","False","True","False","False","False","True","False","False","","","","","","DELIVERY","APPROVED","","","","","","","0.0000","0.0000","2026-09-10 00:00:00","","0.0000","","False","0.0000","0","","","","False","","False","","","","2026-09-08 09:03:37","2026-09-21 12:57:19","","False","False","False","False","SPR_9/8/2026_301948","","","","","","","","False","","","2121 COLE SPRINGS RD","","BUDA","5124611299","rogervitko@mac.com","ROGER","VITKO","(512) 461-1299","","TX","78610","Default","False","0","R00015674","3823.1200","2026-09-08 00:00:00","2026-09-21 00:00:00","","","","00:00","","Neither","","","","","","2026-09-21 00:00:00","2026-09-08 00:00:00","R","L1","0.0000","","","D2","Rate 1","0.0000","","LOC","498.7000","0.0000","L1","","COD","","","","SPR","","0.0000","2026-10-04 00:00:00","L1","3046.0000","2121 COLE SPRINGS RD","","BUDA","5124611299","","rogervitko@mac.com","ROGER","VITKO","(512) 461-1299","","TX","78610","Open","","","","","","","","","","","","No Warranty","","","0.0000","0.0000","0.0000","","","","","","Other","","Major","Home service","","","","","False","","","","","","","","0.0000","TAX","","8.2500","278.4200","","0.0000","SPR","SPR","Neither","","","","","","0.0000"
"271249","False","False","","","","","","0.0000","","","","","","","","","False","Complete Ship","10:41","13:04","","3","","","Invoice","07:00","","0.0000","False","","","","","0.000000","0.000000","","False","","","","","","","False","False","False","False","False","False","False","False","","","","","","","APPROVED","","","","","","","0.0000","0.0000","2026-09-10 00:00:00","","0.0000","","False","0.0000","0","","","","False","","False","","","","2026-09-08 10:41:18","2026-09-21 13:04:41","","False","False","False","False","SPR_9/8/2026_705547","","","","","","","","False","","","14721 BEAR CREEK PASS","","AUSTIN","3236052761","sxfmx007@aol.com","RYAN","RICHARD","(323) 605-2761","","TX","78737","Default","False","0","R00015678","1895.1300","2026-09-08 00:00:00","2026-09-21 00:00:00","","","","00:00","","Neither","","","","","","2026-09-21 00:00:00","2026-09-08 00:00:00","R","L1","0.0000","","","D2","Rate 1","0.0000","","LOC","332.7000","0.0000","L1","","COD","","","","SPR","","0.0000","2026-10-04 00:00:00","L1","1418.0000","14721 BEAR CREEK PASS","","AUSTIN","3236052761","","sxfmx007@aol.com","RYAN","RICHARD","(323) 605-2761","","TX","78737","Open","","","","","","","","","","","","No Warranty","","","0.0000","0.0000","0.0000","","","","","","Other","","Major","Home service","","","","","False","","","","","","","","0.0000","TAX","","8.2500","144.4300","","0.0000","SPR","SPR","Neither","","","","","","0.0000"
"271269","False","False","","","","","","0.0000","","","","","","","","","False","Complete Ship","12:52","12:17","","5","","","Invoice","07:00","","0.0000","False","","","","","30.282111","-97.748063","","False","","","","","","","False","False","False","False","False","False","False","False","","","","","","DELIVERY","APPROVED","","","","","","","0.0000","0.0000","2026-09-10 00:00:00","","0.0000","","False","0.0000","0","","","","False","","False","","","","2026-09-08 12:52:53","2026-09-18 17:20:19","","False","False","False","False","SPR_9/8/2026_579518","","","","","","","","False","","","1502 WEST AVE","","AUSTIN","5129700359","jfoucher@me.com","JENNIFER","FOUCHER","(512) 970-0359","","TX","78701","Default","False","0","R00015681","6004.1400","2026-09-08 00:00:00","2026-09-17 00:00:00","","D01","","00:00","","Neither","","","","","","2026-09-17 00:00:00","2026-09-08 00:00:00","R","L1","0.0000","","","D4","Rate 1","0.0000","","LOC","410.5500","0.0000","L1","","COD","","","","SPR","","0.0000","2026-09-21 00:00:00","L1","5136.0000","903 w 18th st","","AUSTIN","5129700359","","jfoucher@me.com","JENNIFER","FOUCHER","(512) 970-0359","","TX","78701","Open","","","","","","","","","","","","No Warranty","","","0.0000","0.0000","0.0000","","","","","","Other","","Major","Home service","","","","","False","","","","","","","","0.0000","TAX","","8.2500","457.5900","","0.0000","SPR","LBF","Neither","","","","","","0.0000"
"271276","False","False","","","","","","0.0000","","","","","","","LBF","","False","Complete Ship","13:23","10:25","10:25","3","","","Invoice","07:00","","0.0000","False","","","","","30.256298","-98.546259","","False","","","","","","","False","False","False","False","False","False","False","False","","","","","","","APPROVED","","","","","","","0.0000","0.0000","2026-09-10 00:00:00","","0.0000","","False","0.0000","0","2026-09-21 00:00:00","","","False","","False","","","","2026-09-08 13:23:05","2026-09-21 10:25:16","","False","False","False","False","SPR_9/8/2026_301948","","","","","","","","False","","","652 RANCH ROAD 1320","","JOHNSON CITY","5124020952","mvkump@gmail.com","MICHEAL & MELODY","KUMP","(512) 773-2606","","TX","78636","Default","False","0","R00015683","3624.3600","2026-09-08 00:00:00","2026-09-21 00:00:00","","D01","","00:00","","Neither","","","","","","2026-09-21 00:00:00","2026-09-08 00:00:00","R","L1","0.0000","","","D7","Rate 1","0.0000","","WEST","319.9000","0.0000","L1","","COD","","","","SPR","","0.0000","2026-09-21 00:00:00","L1","3045.0000","652 RANCH ROAD 1320","","JOHNSON CITY","5124020952","","mvkump@gmail.com","MICHEAL & MELODY","KUMP","(512) 773-2606","","TX","78636","Not Posted","","","","","","","","","","","","No Warranty","","","0.0000","0.0000","0.0000","","","","","","Other","","Major","Home service","","","","","False","","","","","","","","0.0000","TAX","","8.2500","259.4600","","0.0000","SPR","LBF","Neither","","","","","","0.0000"
"271297","False","False","","","","","","0.0000","","","","","","","","","False","Complete Ship","16:07","09:08","","2","","","Invoice","07:00","","0.0000","False","","","","","30.159226","-97.937982","","False","","","","","","","False","False","False","False","False","False","False","False","","","","","","","APPROVED","","","","","","","0.0000","0.0000","2026-09-10 00:00:00","","0.0000","","False","0.0000","0","","","","False","","False","","","","2026-09-08 16:07:42","2026-09-18 09:08:13","","False","False","False","False","SPR_9/8/2026_814490","","","","","","","","False","","","191 JAYNE COVE","","AUSTIN","8175590274","r.stewartrv6@gmail.com","ELIZABETH & RAY","STEWART","(817) 559-0274","","TX","78737","Default","False","0","R00015686","1914.8300","2026-09-08 00:00:00","2026-09-18 00:00:00","","D05","","00:00","","Neither","","","","","","2026-09-18 00:00:00","2026-09-08 00:00:00","R","L1","0.0000","","","D4","Rate 1","0.0000","","LOC","69.9000","0.0000","L1","","COD","","","","SPR","","0.0000","2026-09-22 00:00:00","L1","1699.0000","191 JAYNE COVE","","AUSTIN","8175590274","","r.stewartrv6@gmail.com","ELIZABETH & RAY","STEWART","(817) 559-0274","","TX","78737","Open","","","","","","","","","","","","No Warranty","","","0.0000","0.0000","0.0000","","","","","","Other","","Major","Home service","","","","","False","","","","","","","","0.0000","TAX","","8.2500","145.9300","","0.0000","SPR","LBF","Neither","","","","","","0.0000"
"271183","False","False","","","","","","0.0000","","","","","","","","","False","Complete Ship","10:41","08:59","","1","","","Invoice","07:00","","0.0000","False","","","","","30.152248","-97.849202","","False","","","","","","","True","False","False","False","True","False","False","False","","","","","","","APPROVED","","","","","","","0.0000","0.0000","2026-09-05 00:00:00","","0.0000","","False","0.0000","0","","","","False","","False","","","","2026-09-05 10:41:20","2026-09-18 08:59:48","","False","False","False","False","LTC_9/5/2026_579518","","","","","","","","False","","","11944 BATTLE BRIDGE DR","","AUSTIN","5188785263","","ANDREW","CANTIELLO","(518) 878-5263","","TX","78748","Default","False","0","R00015666","1644.2100","2026-09-05 00:00:00","2026-09-18 00:00:00","","D01","","00:00","","Neither","","","","","","2026-09-18 00:00:00","2026-09-05 00:00:00","R","L1","0.0000","","","D4","Rate 1","0.0000","","LOC","119.9000","0.0000","L1","","COD","","","","LTC","","0.0000","2026-10-02 00:00:00","L1","1399.0000","11944 BATTLE BRIDGE DR","","AUSTIN","5188785263","","","ANDREW","CANTIELLO","(518) 878-5263","","TX","78748","Open","","","","","","","","","","","","No Warranty","","","0.0000","0.0000","0.0000","","","","","","Other","","Major","Home service","","","","","False","","","","","","","","0.0000","TAX","","8.2500","125.3100","","0.0000","LTC","LBF","Neither","","","","","","0.0000"
"271192","False","False","","","","","","0.0000","","","","","","","","","False","Complete Ship","12:48","16:58","","2","","","Invoice","07:00","","0.0000","False","","","","","30.121089","-97.828464","","False","","","","","","","True","False","False","False","True","False","False","False","","","","","","","APPROVED","","","","","","","0.0000","0.0000","2026-09-07 00:00:00","","0.0000","","False","0.0000","0","","","","False","","False","","","","2026-09-05 12:48:24","2026-09-16 16:58:03","","False","False","False","False","LTC_9/5/2026_45352","","","","","","","","False","","","312 HORSETHIEF TRAIL","","MANCHACA","5127120331","cheriemills@usa.net","CHERIE","MILLS","(512) 712-0331","","TX","78652","Default","False","0","R00015670","1531.5800","2026-09-05 00:00:00","2026-09-16 00:00:00","","D01","","00:00","","Neither","","","","","","2026-09-16 00:00:00","2026-09-05 00:00:00","R","L1","0.0000","","","D4","Rate 1","0.0000","","LOC","216.8500","0.0000","L1","","COD","","","","LTC","","0.0000","2026-09-22 00:00:00","L1","1198.0000","312 HORSETHIEF TRAIL","","MANCHACA","5127120331","","cheriemills@usa.net","CHERIE","MILLS","(512) 712-0331","","TX","78652","Open","","","","","","","","","","","","No Warranty","","","0.0000","0.0000","0.0000","","","","","","Other","","Major","Home service","","","","","False","","","","","","","","0.0000","TAX","","8.2500","116.7300","","0.0000","LTC","LTC","Neither","","","","","","0.0000"
"271195","False","False","","","","","","0.0000","","","","","","","","","False","Complete Ship","14:09","14:19","","3","","","Invoice","07:00","","0.0000","False","","","","","30.236951","-97.911365","","False","","","","","","","True","False","False","False","True","False","False","False","","","","","","DELIVERY","APPROVED","","","","","","","0.0000","0.0000","2026-09-07 00:00:00","","0.0000","","False","0.0000","0","","","","False","","False","","","","2026-09-05 14:09:43","2026-09-21 14:19:12","","False","False","False","False","LTC_9/5/2026_414032","","","","","","","","False","","","8901 SAM CARTER DR","","AUSTIN","5165070392","","RYAN","HUNTER","(516) 507-0392","","TX","78736","Default","False","0","R00015671","4135.1900","2026-09-05 00:00:00","2026-09-21 00:00:00","","D01","","00:00","","Neither","","","","","","2026-09-21 00:00:00","2026-09-05 00:00:00","R","L1","0.0000","","","D2R","Rate 1","0.0000","","LOC","151.8500","-1373.8900","L1","","COD","","","","LTC","","0.0000","2026-10-01 00:00:00","L1","2399.0000","8901 SAM CARTER DR","","AUSTIN","5165070392","","","RYAN","HUNTER","(516) 507-0392","","TX","78736","Open","","","","","","","","","","","","No Warranty","","","0.0000","0.0000","0.0000","","","","","","Other","","Major","Home service","","","","","False","","","","","","","","0.0000","TAX","","8.2500","210.4500","","0.0000","LTC","LTC","Neither","","","","","","0.0000"
"271197","False","False","","","","MOD","","0.0000","","","","","","","","","False","Complete Ship","15:09","11:25","","5","","","Invoice","07:00","","0.0000","False","","","","","30.179118","-98.006976","","False","","","","","","","True","False","False","False","True","False","False","False","","","","","","","APPROVED","","","","","","","0.0000","0.0000","2026-08-30 00:00:00","","0.0000","","False","0.0000","0","","","","False","","False","","","","2026-09-05 15:09:09","2026-09-21 11:25:46","","False","False","False","False","CSH_9/8/2026_705547","","","","","","","","False","","","118 RACHELS CANYON DR","","DRIPPING SPRINGS","5309538556","","MARK","CIBULA","(530) 953-8556","","TX","78620","Default","False","0","R00015672","4030.8600","2026-09-05 00:00:00","2026-09-21 00:00:00","","","1st STOP, MEETING TONY FOR MODS & INSTALL  APPROX. 1/4"" CUT TO WIDTH REQUIRED","00:00","","Neither","","","","","","2026-09-21 00:00:00","2026-09-05 00:00:00","R","L1","0.0000","","","D2","Rate 1","0.0000","","LOC","439.9000","0.0000","L1","","COD","","","","CSH","","0.0000","2026-10-11 00:00:00","L1","3299.0000","118 RACHELS CANYON DR","","DRIPPING SPRINGS","5309538556","","","MARK","CIBULA","(530) 953-8556","","TX","78620","Open","","","","","","","","","","","","No Warranty","","","0.0000","0.0000","0.0000","","","","","","Other","","Major","Home service","","","","","False","","","","","","","","0.0000","TAX","","8.2500","291.9600","","0.0000","LTC","CSH","Neither","","","","","","0.0000"
"271196","False","False","","","","","","0.0000","","","","","","","","","False","Complete Ship","14:43","07:52","","2","","","Invoice","07:00","","0.0000","False","","","","","30.247809","-97.873248","","False","","","","","","","False","False","False","False","False","False","False","False","","","","","","DELIVERY","APPROVED","","","","","","","0.0000","0.0000","2026-09-07 00:00:00","","0.0000","","False","0.0000","0","","","","False","","False","","","","2026-09-05 14:43:21","2026-09-21 07:52:10","","False","False","False","False","RDW_9/5/2026_289562","","","","","","","","False","","","14320 CANONADE DR","","AUSTIN","5129449975","mattowen45@gmail.com","MATT","OWEN","(512) 944-9975","","TX","78737","Default","False","0","S00064953","3754.0000","2026-09-05 00:00:00","2026-09-21 00:00:00","","D05","","00:00","","Neither","","","","","","2026-09-21 00:00:00","2026-09-05 00:00:00","S","L1","0.0000","","","D2R","Rate 1","0.0000","","LOC","269.9000","0.0000","L1","","COD","","","","RDW","","0.0000","2026-09-28 00:00:00","L1","3198.0000","5900 TERRAVISTA DRIVE","","AUSTIN","5129449975","","mattowen45@gmail.com","MATT","OWEN","(512) 944-9975","","TX","78735","Open","","","","","","","","","","","","No Warranty","","","0.0000","0.0000","0.0000","","","","","","Other","","Major","Home service","","","","","False","","","","","","","","0.0000","TAX","","8.2500","286.1000","","0.0000","RDW","LBF","Neither","","","","","","0.0000"
"271170","False","False","","","","","","0.0000","","","","","","","","","False","Complete Ship","15:39","16:38","","1","","","Invoice","07:00","","0.0000","False","","","","","30.169393","-98.101026","","False","","","","","","","False","True","False","False","False","True","False","False","","","","","","CABINETS","APPROVED","","","","","","","0.0000","0.0000","2026-09-06 00:00:00","","0.0000","","False","0.0000","0","","","","False","","False","","","","2026-09-04 15:39:27","2026-09-08 08:52:21","","False","False","False","False","CBS_9/4/2026_705547","","","","","","","","False","","","149 CANAL DR","","DRIPPING SPRINGS","8178819870","COREYANNA14@GMAIL.COM","COREY","SHAW-MILLER","(817) 881-9870","","TX","78620","Default","False","0","CB00010199","173.1500","2026-09-04 00:00:00","2026-09-04 00:00:00","","ABC","","00:00","","Neither","","","","","","2026-09-04 00:00:00","2026-09-04 00:00:00","CAB","L1","0.0000","","","D4","Rate 1","0.0000","","LOCAL","159.9500","0.0000","L1","","COD","","","","CBS","","0.0000","2026-09-21 00:00:00","L1","0.0000","149 CANAL DR","","DRIPPING SPRINGS","8178819870","","COREY-SHAW@SHI.COM","COREY","SHAW-MILLER","(817) 881-9870","","TX","78620","Open","","","","","","","","","","","","No Warranty","","","0.0000","0.0000","0.0000","","","","","","Other","","Major","Home service","","","","","False","","","","","","","","0.0000","TAX","","8.2500","13.2000","","0.0000","CBS","CBS","Neither","","","","","","0.0000"
"271178","False","False","","","","MOD","","0.0000","","","","","","","","","False","Complete Ship","17:30","16:56","","2","","","Invoice","07:00","","0.0000","False","","","","","30.186836","-97.919180","","False","","","","","","","False","True","False","False","False","True","False","False","","","","","","DELIVERY","APPROVED","","","","","","","0.0000","0.0000","2026-08-16 00:00:00","","0.0000","","False","0.0000","0","","","","False","","False","","","","2026-09-04 17:30:32","2026-09-18 16:56:03","","False","False","False","False","LBF_9/8/2026_705547","","","","","","","","False","","","7333 JABORANDI DR","","AUSTIN","5127841409","jlbriley@gmail.com","JOHN","BRILEY","(512) 784-1409","","TX","78739","Default","False","0","R00015505-2","99.9500","2026-09-04 00:00:00","2026-09-18 00:00:00","","","","00:00","","Neither","","","","","","2026-09-18 00:00:00","2026-08-15 00:00:00","R","L1","0.0000","","","D3","Rate 1","0.0000","","LOC","99.9500","0.0000","L1","","COD","","","","SPR","CBS","0.0000","2026-09-27 00:00:00","L1","0.0000","7333 JABORANDI DR","","AUSTIN","5127841409","","jlbriley@gmail.com","JOHN","BRILEY","(512) 784-1409","","TX","78739","Open","","","","","","","","","","","","No Warranty","","","0.0000","0.0000","0.0000","","","","","","Other","","Major","Home service","","","","","False","","","","","","","","0.0000","TAX","","8.2500","0.0000","","0.0000","CBS","SPR","Neither","","","","","","0.0000"
"271126","False","False","","","","","","0.0000","","","","","","","","","False","Complete Ship","08:59","13:04","","2","","","Invoice","07:00","","0.0000","False","","","","","30.489238","-97.912431","","False","","","","","","","True","False","False","False","False","False","False","False","","","","","","","APPROVED","","","","","","","0.0000","0.0000","2026-07-03 00:00:00","","0.0000","","False","0.0000","0","","","","False","","False","","","","2026-09-04 08:59:08","2026-09-18 13:33:08","","False","False","False","False","EHM_9/4/2026_579518","","","","","","","","False","","","313 HURST CREEK RD","","LAKEWAY","5122892916","office@vanrossuncontracting.com","CLINT","VAN ROSSUN","(512) 289-2916","","TX","78734","Default","False","0","R00015648","11879.1400","2026-09-04 00:00:00","2026-09-14 00:00:00","","","","00:00","","Neither","","","","","","2026-09-14 00:00:00","2026-09-04 00:00:00","R","L1","0.0000","","","D2","Rate 1","0.0000","","NOR W","208.8000","0.0000","L1","","COD","","","","EHM","","0.0000","2026-10-04 00:00:00","L1","10765.0000","10905 JOHNSON RD","","LEANDER","5124685664","","","BOB & LISA","STERNONKO","(512) 468-5664","","TX","78641","Open","","","","","","","","","","","","No Warranty","","","0.0000","0.0000","0.0000","","","","","","Other","","Major","Home service","","","","","False","","","","","","","","0.0000","TAX","","8.2500","905.3400","","0.0000","EHM","EHM","Neither","","","","","","0.0000"
"271134","False","False","","","","MOD","","0.0000","","","","","","","","","False","Complete Ship","09:59","15:00","","4","","","Invoice","07:00","","0.0000","False","","","","","30.197866","-97.935553","","False","","","","","","","False","False","False","False","False","False","False","False","","","","","","","APPROVED","","","","","","","0.0000","0.0000","2026-09-03 00:00:00","","0.0000","","False","0.0000","0","","","","False","","False","","","","2026-09-04 09:59:49","2026-09-21 09:35:18","","False","False","False","False","EHM_9/4/2026_289562","","","","","","","","False","","","9015 MCMEANS TRAIL","","AUSTIN","5124961755","louisathollander@gmail.com","LOUISA","THOLLANDER","(512) 496-1755","","TX","78737","Default","False","0","R00015650","4854.1300","2026-09-04 00:00:00","2026-09-15 00:00:00","","D03","","00:00","","Neither","","","","","","2026-09-15 00:00:00","2026-09-04 00:00:00","R","L1","0.0000","","","D2","Rate 1","0.0000","","LOC","729.8500","0.0000","L1","","COD","","","","EHM","CBS","0.0000","2026-10-25 00:00:00","L1","3765.0000","9015 MCMEANS TRAIL","","AUSTIN","5124961755","","louisathollander@gmail.com","LOUISA","THOLLANDER","(512) 496-1755","","TX","78737","Open","","","","","","","","","","","","No Warranty","","","0.0000","0.0000","0.0000","","","","","","Other","","Major","Home service","","","","","False","","","","","","","","0.0000","TAX","","8.2500","359.2800","","0.0000","EHM","CBS","Neither","","","","","","0.0000"
"271140","False","False","","","","","","0.0000","","","","","","","","","False","Complete Ship","10:57","","","0","","","Invoice","07:00","","0.0000","False","","","","","30.197777","-98.013891","","False","","","","","","","False","False","False","False","False","False","False","False","","","","","","DELIVERY","APPROVED","","","","","","","0.0000","0.0000","2026-09-06 00:00:00","","0.0000","","False","0.0000","0","","","","False","","False","","","","2026-09-04 10:57:33","2026-09-08 08:52:24","","False","False","False","False","EHM_9/4/2026_301948","","","","","","","","False","","","4205 E HWY 290W","","DRIPPING SPRINGS","5128940907","twilson@wilsonappliance.com","*","WILSON AC & APPLIANCE","(512) 894-0907","","TX","78620","Default","False","0","S00064949","136.4000","2026-09-04 00:00:00","","","","","00:00","","Neither","","","","","","2026-09-04 00:00:00","2026-09-04 00:00:00","S","L1","126.0000","","","CPU4","Rate 1","0.0000","","LOC","0.0000","0.0000","L1","","AR","2026-09-04 00:00:00","","","EHM","","0.0000","","L1","0.0000","4205 E HWY 290W","","DRIPPING SPRINGS","5128940907","","service@wilsonappliance.com","*","WILSON AC & APPLIANCE","(512) 894-0907","","TX","78620","Open","","","","","","","","","","","","No Warranty","","","0.0000","0.0000","0.0000","","","","","","Other","","Major","Home service","","","","","False","","","","","","","","0.0000","TAX","","8.2500","10.4000","","0.0000","EHM","","Neither","","","","","","0.0000"
"271155","False","False","","","","","","0.0000","","","","","","","","","False","Complete Ship","13:53","11:54","","5","","","Invoice","07:00","","0.0000","False","","","","","30.134608","-98.083869","","False","","","","","","","False","False","False","False","False","False","False","False","","","","","","","APPROVED","","","","","","","0.0000","0.0000","2026-08-20 00:00:00","","0.0000","","False","0.0000","0","","","","False","","False","","","","2026-09-04 13:53:07","2026-09-21 11:54:16","","False","False","False","False","LTC_9/4/2026_14017","","","","","","","","False","","","300 COUNTRY LANE","","DRIPPING SPRINGS","5126534396","eperkey@yahoo.com","ELLEN","PERKEY","(512) 653-4396","","TX","78620","Default","False","0","R00015655","7819.6300","2026-09-04 00:00:00","2026-09-21 00:00:00","","","","00:00","","Neither","","","","","","2026-09-21 00:00:00","2026-09-04 00:00:00","R","L1","0.0000","","","D2","Rate 1","0.0000","","LOC","519.8500","0.0000","L1","","COD","","","","LTC","","0.0000","2026-09-27 00:00:00","L1","6329.0000","300 COUNTRY LANE","","DRIPPING SPRINGS","5126534396","","eperkey@yahoo.com","ELLEN","PERKEY","(512) 653-4396","","TX","78620","Open","","","","","","","","","","","","No Warranty","","","0.0000","0.0000","0.0000","","","","","","Other","","Major","Home service","","","","","False","","","","","","","","0.0000","TAX","","8.2500","570.8100","","0.0000","LTC","LTC","Neither","","","","","","399.9700"
"271167","False","False","","","","","","0.0000","","","","","","","","","False","Complete Ship","15:20","12:49","","3","","","Invoice","07:00","","0.0000","False","","","","","30.185270","-97.917306","","False","","","","","","","False","True","False","False","False","True","False","False","","","","","","","APPROVED","","","","","","","0.0000","0.0000","2026-09-06 00:00:00","","0.0000","","False","0.0000","0","","","","False","","False","","","","2026-09-04 15:20:25","2026-09-18 12:49:48","","False","False","False","False","LTC_9/4/2026_45352","","","","","","","","False","","","7401 WISTERIA VALLEY DR","","AUSTIN","5124174364","","TREY","MATHIS","(512) 417-4364","","TX","78739","Default","False","0","R00015660","1185.2800","2026-09-04 00:00:00","2026-09-18 00:00:00","","D05","","00:00","","Neither","","","","","","2026-09-18 00:00:00","2026-09-04 00:00:00","R","L1","0.0000","","","D4","Rate 1","0.0000","","LOC","259.9000","0.0000","L1","","COD","","","","LTC","","0.0000","2026-09-25 00:00:00","L1","848.0000","7401 WISTERIA VALLEY DR","","AUSTIN","5124174364","","","TREY","MATHIS","(512) 417-4364","","TX","78739","Open","","","","","","","","","","","","No Warranty","","","0.0000","0.0000","0.0000","","","","","","Other","","Major","Home service","","","","","False","","","","","","","","0.0000","TAX","","8.2500","77.3800","","0.0000","LTC","LBF","Neither","","","","","","0.0000"
"271123","False","False","78163","","","","","0.0000","","","","","","","","","False","Complete Ship","08:56","14:02","","6","","","Invoice","07:00","","0.0000","False","","","","","0.000000","0.000000","","False","","","","","","","False","False","False","False","False","False","False","False","","","","","","DELIVERY","APPROVED","","","","","","","0.0000","0.0000","2025-11-20 00:00:00","","0.0000","","False","0.0000","0","","","","False","","False","","","","2026-09-04 08:56:07","2026-09-18 14:02:23","","False","False","False","False","LBF_9/10/2026_705547","","","","","","","","False","","","602 MAIN ST","BOX 1663","BLANCO","2104215467","rallison1998@yahoo.com","*","ROBERT ALLISON CUSTOM HOMES","(210) 421-5467","","TX","78606","Default","False","0","S00063927-5","599.9000","2026-09-04 00:00:00","2026-09-18 00:00:00","","D03","HOODS SHOULD ARRIVE 9/23","00:00","","Neither","","","","","","2026-09-18 00:00:00","2026-01-29 00:00:00","S","L1","0.0000","","","D2R","Rate 1","0.0000","","SOUTH","599.9000","0.0000","L1","","AR","","","","MAM","","0.0000","2026-09-28 00:00:00","L1","0.0000","5850 BOB PERKINS","","BULVERDE","2104215467","","rallison1998@yahoo.com","JAMES AND ERIN","EBROM","(210) 421-5467","","TX","78163","Open","","","","","","","","","","","","No Warranty","","","0.0000","0.0000","0.0000","","","","","","Other","","Major","Home service","","","","","False","","","","","","","","0.0000","TAX","","8.2500","0.0000","","0.0000","MAM","LBF","Neither","","","","","","0.0000"
"271145","False","False","","","","","","0.0000","","","","","","","","","False","Complete Ship","11:52","14:39","","0","","","Invoice","07:00","","0.0000","False","","","","","30.290809","-97.753513","","False","","","","","","","False","False","False","False","False","False","False","False","","","","","","DELIVERY","APPROVED","","","","","","","0.0000","0.0000","2025-07-09 00:00:00","","0.0000","","False","0.0000","0","","","","False","","False","","","","2026-09-04 11:52:50","2026-09-08 08:52:24","","False","False","False","False","RDW_9/4/2026_289562","","","","","","","","False","","","4400 BALCONES DRIVE","","AUSTIN","7138583132","kristen@kristennixinteriors.com","*","KRISTEN NIX INTERIORS","(713) 858-3132","","TX","78731","Default","False","0","S00063335-4","8062.4600","2026-09-04 00:00:00","2026-09-04 00:00:00","","","","00:00","","Neither","","","","","","2026-09-04 00:00:00","2025-09-12 00:00:00","S","L1","0.0000","","","D2R","Rate 1","0.0000","","LOC","0.0000","0.0000","L1","","COD","","","","RDW","","0.0000","2026-11-01 00:00:00","L1","7448.0000","2409 PEMBERTON PLACE","","AUSTIN","7138583132","","kristen@kristennixinteriors.com","KRISTEN","NIX","(713) 858-3132","","TX","78703","Open","","","","","","","","","","","","No Warranty","","","0.0000","0.0000","0.0000","","","","","","Other","","Major","Home service","","","","","False","","","","","","","","0.0000","TAX","","8.2500","614.4600","","0.0000","RDW","RDW","Neither","","","","","","0.0000"
"271162","False","False","","","","","","0.0000","","","","","","","","","False","Complete Ship","14:57","14:59","","3","","","Invoice","07:00","","0.0000","False","","","","","30.286651","-97.790382","","False","","","","(512) 478-7319","","(512) 478-7319","False","False","False","False","False","False","False","False","","","","","","","APPROVED","","","","","","","0.0000","0.0000","2026-08-23 00:00:00","","0.0000","","False","0.0000","0","","","","False","","False","","","","2026-09-04 14:57:00","2026-09-04 14:59:25","","False","False","False","False","RDW_9/4/2026_14017","","","","","","","","False","","","P.O. BOX 50038","","AUSTIN","5124785958","accounting@pinnelli.com","*","J. PINNELLI COMPANY","(512) 478-5958","","TX","78763","Default","False","0","S00064951","0.0000","2026-09-04 00:00:00","2026-09-04 00:00:00","","","","00:00","","Neither","","","","","","2026-09-04 00:00:00","2026-09-04 00:00:00","S","L1","0.0000","","","D2","Rate 1","0.0000","","LOC","409.8500","0.0000","L1","","AR","","","","RDW","","0.0000","2026-10-04 00:00:00","L1","6998.0000","3301 STRATFORD HILLS LANE","","AUSTIN","5124785958","","yohan@pinnelli.com;mike@pinnelli.com","MICHELE","MOORE","(512) 478-5958","","TX","78746","Open","","","","","","","","","","","","No Warranty","","","0.0000","0.0000","0.0000","","","","","","Other","","Major","Home service","","","","","False","","","","","","","","0.0000","TAX","","8.2500","584.7600","","0.0000","RDW","RDW","Neither","","","","","","0.0000"
"271161","False","False","","","","","","0.0000","","","","","","","","","False","Complete Ship","14:07","10:27","","8","","","Invoice","07:00","","0.0000","False","","","","","30.197686","-98.107286","","False","","","","","","","False","False","False","False","False","False","False","False","","","","","","","APPROVED","","","","","","","0.0000","0.0000","2026-09-06 00:00:00","","0.0000","","False","0.0000","0","","","","False","","False","","","","2026-09-04 14:07:18","2026-09-21 10:27:53","","False","False","False","False","SPR_9/4/2026_760723","","","","","","","","False","","","1301 US-290","","DRIPPING SPRINGS","4085291856","williamcoyparrish@gmail.com","WILLIAM","PARRISH","(408) 529-1856","","TX","78620","Default","False","0","R00015658","3782.3000","2026-09-04 00:00:00","2026-09-21 00:00:00","","D03","DOWNDRAFT","00:00","","Neither","","","","","","2026-09-21 00:00:00","2026-09-04 00:00:00","R","L1","0.0000","","","D4","Rate 1","0.0000","","LOC","289.9000","0.0000","L1","","COD","","","","SPR","","0.0000","2026-09-21 00:00:00","L1","2898.0000","1301 US-290","","DRIPPING SPRINGS","4085291856","","williamcoyparrish@gmail.com","WILLIAM","PARRISH","(408) 529-1856","","TX","78620","Open","","","","","","","","","","","","No Warranty","","","0.0000","0.0000","0.0000","","","","","","Other","","Major","Home service","","","","","False","","","","","","","","0.0000","TAX","","8.2500","265.4000","","0.0000","SPR","LBF","Neither","","","","","","329.0000"
"271176","False","False","","","","","","0.0000","","","","","","","","","False","Complete Ship","16:40","08:53","","4","","","Invoice","07:00","","0.0000","False","","","","","30.094694","-97.889245","","False","","","","","","","False","True","False","False","False","True","False","False","","","","","","DELIVERY","APPROVED","","","","","","","0.0000","0.0000","2026-09-06 00:00:00","","0.0000","","False","0.0000","0","","","","False","","False","","","","2026-09-04 16:40:33","2026-09-15 08:53:11","","False","False","False","False","SPR_9/4/2026_45352","","","","","","","","False","","","105 BEACON HILL RD","","BUDA","5123122299","loril.beckers@gmail.com","LORI","BECKERS","(512) 312-2299","","TX","78610","Default","False","0","R00015663","1658.1600","2026-09-04 00:00:00","2026-09-15 00:00:00","","D02","","00:00","","Neither","","","","","","2026-09-15 00:00:00","2026-09-04 00:00:00","R","L1","0.0000","","","D4","Rate 1","0.0000","","LOC","316.8000","0.0000","L1","","COD","","","","CSH","","0.0000","2026-09-28 00:00:00","L1","878.0000","105 BEACON HILL RD","","BUDA","5123122299","","loril.beckers@gmail.com","LORI","BECKERS","(512) 312-2299","","TX","78610","Open","","","","","","","","","","","","No Warranty","","","0.0000","0.0000","0.0000","","","","","","Other","","Major","Home service","","","","","False","","","","","","","","0.0000","TAX","","8.2500","113.4200","","0.0000","SPR","LBF","Neither","","","","","","349.9400"
"271069","False","False","","","","DO","","0.0000","","","","","","","","","False","Complete Ship","11:25","12:38","","2","","","Invoice","07:00","","0.0000","False","","","","","29.489014","-98.471420","","False","","","","","","","False","True","False","False","False","True","False","False","","","","","","","APPROVED","","","","","","","0.0000","0.0000","2026-09-02 00:00:00","","0.0000","","False","0.0000","0","","","","False","","False","","","","2026-09-03 11:25:53","2026-09-18 12:38:01","","False","False","False","False","CSH_9/3/2026_705547","","","","","","","","False","","","306 LAMONT AVE","","SAN ANTONIO","5126197591","*","JAMES","TERRY","(512) 619-7591","","TX","78209","Default","False","0","R00015637","2067.3600","2026-09-03 00:00:00","2026-09-18 00:00:00","","D02","CALL ON THE WAY","00:00","","Neither","","","","","","2026-09-18 00:00:00","2026-09-03 00:00:00","R","L1","0.0000","","","D4","Rate 1","0.0000","","SOUTH","210.8000","0.0000","L1","","COD","","","","CSH","","0.0000","2026-09-24 00:00:00","L1","1699.0000","306 LAMONT AVE","","SAN ANTONIO","5126197591","","james@andwinecompany.com","JAMES","TERRY","(512) 619-7591","","TX","78209","Open","","","","","","","","","","","","No Warranty","","","0.0000","0.0000","0.0000","","","","","","Other","","Major","Home service","","","","","False","","","","","","","","0.0000","TAX","","8.2500","157.5600","","0.0000","CSH","LBF","Neither","","","","","","0.0000"
